order_id,customer_id,week,status,meals
C0001-W01,C0001,1,completed,4
C0001-W02,C0001,2,completed,3
C0001-W03,C0001,3,completed,3
C0001-W04,C0001,4,completed,4
C0001-W05,C0001,5,late,2
C0001-W06,C0001,6,completed,2
C0001-W07,C0001,7,completed,3
C0001-W08,C0001,8,completed,4
C0001-W09,C0001,9,completed,2
C0001-W10,C0001,10,completed,4
C0001-W11,C0001,11,completed,3
C0001-W12,C0001,12,completed,4
C0002-W01,C0002,1,completed,2
C0002-W02,C0002,2,skipped,0
C0002-W03,C0002,3,completed,3
C0002-W04,C0002,4,completed,2
C0002-W05,C0002,5,late,3
C0002-W06,C0002,6,completed,4
C0002-W07,C0002,7,skipped,0
C0002-W08,C0002,8,completed,4
C0002-W09,C0002,9,skipped,0
C0002-W10,C0002,10,completed,3
C0002-W11,C0002,11,completed,4
C0002-W12,C0002,12,completed,2
C0003-W01,C0003,1,completed,4
C0003-W02,C0003,2,completed,4
C0003-W03,C0003,3,completed,2
C0003-W04,C0003,4,completed,4
C0003-W05,C0003,5,completed,4
C0003-W06,C0003,6,completed,4
C0003-W07,C0003,7,completed,4
C0003-W08,C0003,8,completed,4
C0003-W09,C0003,9,late,2
C0003-W10,C0003,10,completed,2
C0003-W11,C0003,11,skipped,0
C0003-W12,C0003,12,skipped,0
C0004-W01,C0004,1,completed,4
C0004-W02,C0004,2,skipped,0
C0004-W03,C0004,3,completed,4
C0004-W04,C0004,4,completed,2
C0004-W05,C0004,5,completed,4
C0004-W06,C0004,6,completed,3
C0004-W07,C0004,7,completed,2
C0004-W08,C0004,8,completed,2
C0004-W09,C0004,9,completed,4
C0004-W10,C0004,10,skipped,0
C0004-W11,C0004,11,completed,4
C0004-W12,C0004,12,completed,2
C0005-W01,C0005,1,completed,2
C0005-W02,C0005,2,completed,2
C0005-W03,C0005,3,skipped,0
C0005-W04,C0005,4,completed,2
C0005-W05,C0005,5,completed,3
C0005-W06,C0005,6,skipped,0
C0005-W07,C0005,7,completed,2
C0005-W08,C0005,8,completed,2
C0005-W09,C0005,9,skipped,0
C0005-W10,C0005,10,completed,4
C0005-W11,C0005,11,completed,2
C0005-W12,C0005,12,completed,4
C0006-W01,C0006,1,completed,3
C0006-W02,C0006,2,completed,3
C0006-W03,C0006,3,skipped,0
C0006-W04,C0006,4,completed,4
C0006-W05,C0006,5,skipped,0
C0006-W06,C0006,6,completed,4
C0006-W07,C0006,7,completed,3
C0006-W08,C0006,8,completed,3
C0006-W09,C0006,9,completed,2
C0006-W10,C0006,10,skipped,0
C0006-W11,C0006,11,skipped,0
C0006-W12,C0006,12,completed,4
C0007-W01,C0007,1,completed,4
C0007-W02,C0007,2,completed,4
C0007-W03,C0007,3,completed,2
C0007-W04,C0007,4,completed,4
C0007-W05,C0007,5,completed,2
C0007-W06,C0007,6,skipped,0
C0007-W07,C0007,7,completed,2
C0007-W08,C0007,8,completed,2
C0007-W09,C0007,9,skipped,0
C0007-W10,C0007,10,completed,3
C0007-W11,C0007,11,completed,2
C0007-W12,C0007,12,completed,2
C0008-W01,C0008,1,completed,4
C0008-W02,C0008,2,completed,4
C0008-W03,C0008,3,completed,2
C0008-W04,C0008,4,completed,3
C0008-W05,C0008,5,completed,4
C0008-W06,C0008,6,late,3
C0008-W07,C0008,7,completed,3
C0008-W08,C0008,8,completed,2
C0008-W09,C0008,9,completed,4
C0008-W10,C0008,10,completed,4
C0008-W11,C0008,11,completed,2
C0008-W12,C0008,12,completed,2
C0009-W01,C0009,1,completed,2
C0009-W02,C0009,2,completed,3
C0009-W03,C0009,3,completed,4
C0009-W04,C0009,4,completed,3
C0009-W05,C0009,5,completed,3
C0009-W06,C0009,6,completed,2
C0009-W07,C0009,7,completed,3
C0009-W08,C0009,8,completed,4
C0009-W09,C0009,9,skipped,0
C0009-W10,C0009,10,skipped,0
C0009-W11,C0009,11,skipped,0
C0009-W12,C0009,12,late,3
C0010-W01,C0010,1,completed,2
C0010-W02,C0010,2,completed,4
C0010-W03,C0010,3,completed,3
C0010-W04,C0010,4,completed,3
C0010-W05,C0010,5,completed,4
C0010-W06,C0010,6,completed,4
C0010-W07,C0010,7,completed,4
C0010-W08,C0010,8,completed,4
C0010-W09,C0010,9,late,3
C0010-W10,C0010,10,late,2
C0010-W11,C0010,11,completed,3
C0010-W12,C0010,12,skipped,0
C0011-W01,C0011,1,completed,4
C0011-W02,C0011,2,completed,2
C0011-W03,C0011,3,late,4
C0011-W04,C0011,4,completed,3
C0011-W05,C0011,5,completed,4
C0011-W06,C0011,6,skipped,0
C0011-W07,C0011,7,completed,3
C0011-W08,C0011,8,completed,2
C0011-W09,C0011,9,completed,3
C0011-W10,C0011,10,completed,2
C0011-W11,C0011,11,completed,2
C0011-W12,C0011,12,completed,4
C0012-W01,C0012,1,completed,2
C0012-W02,C0012,2,completed,4
C0012-W03,C0012,3,skipped,0
C0012-W04,C0012,4,skipped,0
C0012-W05,C0012,5,completed,2
C0012-W06,C0012,6,completed,3
C0012-W07,C0012,7,completed,2
C0012-W08,C0012,8,completed,3
C0012-W09,C0012,9,completed,4
C0012-W10,C0012,10,completed,2
C0012-W11,C0012,11,completed,2
C0012-W12,C0012,12,completed,3
C0013-W01,C0013,1,completed,2
C0013-W02,C0013,2,completed,4
C0013-W03,C0013,3,completed,3
C0013-W04,C0013,4,completed,3
C0013-W05,C0013,5,completed,2
C0013-W06,C0013,6,completed,3
C0013-W07,C0013,7,completed,4
C0013-W08,C0013,8,completed,2
C0013-W09,C0013,9,completed,3
C0013-W10,C0013,10,completed,2
C0013-W11,C0013,11,completed,2
C0013-W12,C0013,12,completed,3
C0014-W01,C0014,1,late,3
C0014-W02,C0014,2,skipped,0
C0014-W03,C0014,3,late,4
C0014-W04,C0014,4,skipped,0
C0014-W05,C0014,5,completed,3
C0014-W06,C0014,6,completed,4
C0014-W07,C0014,7,completed,4
C0014-W08,C0014,8,completed,2
C0014-W09,C0014,9,completed,2
C0014-W10,C0014,10,skipped,0
C0014-W11,C0014,11,skipped,0
C0014-W12,C0014,12,completed,2
C0015-W01,C0015,1,completed,2
C0015-W02,C0015,2,completed,2
C0015-W03,C0015,3,skipped,0
C0015-W04,C0015,4,completed,3
C0015-W05,C0015,5,completed,4
C0015-W06,C0015,6,skipped,0
C0015-W07,C0015,7,completed,2
C0015-W08,C0015,8,completed,2
C0015-W09,C0015,9,completed,4
C0015-W10,C0015,10,completed,2
C0015-W11,C0015,11,completed,2
C0015-W12,C0015,12,completed,2
C0016-W01,C0016,1,late,4
C0016-W02,C0016,2,skipped,0
C0016-W03,C0016,3,completed,2
C0016-W04,C0016,4,skipped,0
C0016-W05,C0016,5,skipped,0
C0016-W06,C0016,6,skipped,0
C0016-W07,C0016,7,completed,4
C0016-W08,C0016,8,completed,4
C0016-W09,C0016,9,skipped,0
C0016-W10,C0016,10,completed,4
C0016-W11,C0016,11,skipped,0
C0016-W12,C0016,12,late,2
C0017-W01,C0017,1,completed,2
C0017-W02,C0017,2,completed,3
C0017-W03,C0017,3,completed,4
C0017-W04,C0017,4,completed,4
C0017-W05,C0017,5,late,4
C0017-W06,C0017,6,completed,3
C0017-W07,C0017,7,skipped,0
C0017-W08,C0017,8,completed,3
C0017-W09,C0017,9,completed,4
C0017-W10,C0017,10,completed,4
C0017-W11,C0017,11,completed,3
C0017-W12,C0017,12,completed,2
C0018-W01,C0018,1,skipped,0
C0018-W02,C0018,2,completed,4
C0018-W03,C0018,3,completed,4
C0018-W04,C0018,4,completed,2
C0018-W05,C0018,5,completed,2
C0018-W06,C0018,6,completed,3
C0018-W07,C0018,7,completed,3
C0018-W08,C0018,8,completed,3
C0018-W09,C0018,9,completed,2
C0018-W10,C0018,10,completed,2
C0018-W11,C0018,11,skipped,0
C0018-W12,C0018,12,completed,3
C0019-W01,C0019,1,completed,2
C0019-W02,C0019,2,completed,2
C0019-W03,C0019,3,completed,3
C0019-W04,C0019,4,completed,3
C0019-W05,C0019,5,completed,4
C0019-W06,C0019,6,completed,3
C0019-W07,C0019,7,completed,2
C0019-W08,C0019,8,completed,2
C0019-W09,C0019,9,late,3
C0019-W10,C0019,10,completed,2
C0019-W11,C0019,11,completed,4
C0019-W12,C0019,12,completed,3
C0020-W01,C0020,1,skipped,0
C0020-W02,C0020,2,skipped,0
C0020-W03,C0020,3,skipped,0
C0020-W04,C0020,4,completed,3
C0020-W05,C0020,5,completed,3
C0020-W06,C0020,6,skipped,0
C0020-W07,C0020,7,completed,4
C0020-W08,C0020,8,completed,2
C0020-W09,C0020,9,completed,3
C0020-W10,C0020,10,completed,2
C0020-W11,C0020,11,skipped,0
C0020-W12,C0020,12,completed,2
C0021-W01,C0021,1,completed,3
C0021-W02,C0021,2,completed,3
C0021-W03,C0021,3,completed,4
C0021-W04,C0021,4,completed,2
C0021-W05,C0021,5,completed,4
C0021-W06,C0021,6,completed,3
C0021-W07,C0021,7,completed,4
C0021-W08,C0021,8,completed,4
C0021-W09,C0021,9,completed,2
C0021-W10,C0021,10,skipped,0
C0021-W11,C0021,11,completed,4
C0021-W12,C0021,12,completed,3
C0022-W01,C0022,1,completed,3
C0022-W02,C0022,2,completed,4
C0022-W03,C0022,3,late,2
C0022-W04,C0022,4,completed,4
C0022-W05,C0022,5,late,3
C0022-W06,C0022,6,late,4
C0022-W07,C0022,7,completed,2
C0022-W08,C0022,8,completed,4
C0022-W09,C0022,9,completed,3
C0022-W10,C0022,10,completed,4
C0022-W11,C0022,11,skipped,0
C0022-W12,C0022,12,completed,2
C0023-W01,C0023,1,skipped,0
C0023-W02,C0023,2,completed,3
C0023-W03,C0023,3,completed,2
C0023-W04,C0023,4,skipped,0
C0023-W05,C0023,5,completed,4
C0023-W06,C0023,6,completed,2
C0023-W07,C0023,7,completed,2
C0023-W08,C0023,8,skipped,0
C0023-W09,C0023,9,completed,2
C0023-W10,C0023,10,completed,4
C0023-W11,C0023,11,completed,3
C0023-W12,C0023,12,skipped,0
C0024-W01,C0024,1,completed,3
C0024-W02,C0024,2,completed,4
C0024-W03,C0024,3,completed,4
C0024-W04,C0024,4,completed,3
C0024-W05,C0024,5,completed,2
C0024-W06,C0024,6,late,2
C0024-W07,C0024,7,skipped,0
C0024-W08,C0024,8,completed,4
C0024-W09,C0024,9,completed,2
C0024-W10,C0024,10,completed,4
C0024-W11,C0024,11,completed,2
C0024-W12,C0024,12,late,2
C0025-W01,C0025,1,skipped,0
C0025-W02,C0025,2,completed,2
C0025-W03,C0025,3,completed,3
C0025-W04,C0025,4,completed,3
C0025-W05,C0025,5,completed,2
C0025-W06,C0025,6,completed,3
C0025-W07,C0025,7,completed,4
C0025-W08,C0025,8,completed,3
C0025-W09,C0025,9,completed,3
C0025-W10,C0025,10,completed,3
C0025-W11,C0025,11,completed,4
C0025-W12,C0025,12,late,4
C0026-W01,C0026,1,completed,3
C0026-W02,C0026,2,completed,3
C0026-W03,C0026,3,completed,3
C0026-W04,C0026,4,completed,2
C0026-W05,C0026,5,skipped,0
C0026-W06,C0026,6,late,3
C0026-W07,C0026,7,late,3
C0026-W08,C0026,8,completed,2
C0026-W09,C0026,9,completed,2
C0026-W10,C0026,10,completed,3
C0026-W11,C0026,11,completed,2
C0026-W12,C0026,12,completed,4
C0027-W01,C0027,1,completed,3
C0027-W02,C0027,2,completed,2
C0027-W03,C0027,3,skipped,0
C0027-W04,C0027,4,completed,2
C0027-W05,C0027,5,completed,2
C0027-W06,C0027,6,completed,3
C0027-W07,C0027,7,completed,2
C0027-W08,C0027,8,skipped,0
C0027-W09,C0027,9,skipped,0
C0027-W10,C0027,10,completed,2
C0027-W11,C0027,11,completed,2
C0027-W12,C0027,12,completed,2
C0028-W01,C0028,1,completed,2
C0028-W02,C0028,2,completed,3
C0028-W03,C0028,3,skipped,0
C0028-W04,C0028,4,skipped,0
C0028-W05,C0028,5,completed,4
C0028-W06,C0028,6,completed,2
C0028-W07,C0028,7,completed,4
C0028-W08,C0028,8,skipped,0
C0028-W09,C0028,9,completed,3
C0028-W10,C0028,10,completed,4
C0028-W11,C0028,11,completed,3
C0028-W12,C0028,12,completed,3
C0029-W01,C0029,1,completed,4
C0029-W02,C0029,2,completed,3
C0029-W03,C0029,3,completed,3
C0029-W04,C0029,4,completed,4
C0029-W05,C0029,5,completed,4
C0029-W06,C0029,6,skipped,0
C0029-W07,C0029,7,completed,2
C0029-W08,C0029,8,completed,4
C0029-W09,C0029,9,completed,4
C0029-W10,C0029,10,late,3
C0029-W11,C0029,11,completed,3
C0029-W12,C0029,12,completed,2
C0030-W01,C0030,1,completed,3
C0030-W02,C0030,2,skipped,0
C0030-W03,C0030,3,skipped,0
C0030-W04,C0030,4,late,2
C0030-W05,C0030,5,skipped,0
C0030-W06,C0030,6,completed,4
C0030-W07,C0030,7,completed,3
C0030-W08,C0030,8,completed,3
C0030-W09,C0030,9,completed,3
C0030-W10,C0030,10,completed,4
C0030-W11,C0030,11,completed,4
C0030-W12,C0030,12,completed,4
C0031-W01,C0031,1,completed,3
C0031-W02,C0031,2,late,2
C0031-W03,C0031,3,completed,3
C0031-W04,C0031,4,completed,2
C0031-W05,C0031,5,skipped,0
C0031-W06,C0031,6,completed,2
C0031-W07,C0031,7,completed,2
C0031-W08,C0031,8,skipped,0
C0031-W09,C0031,9,skipped,0
C0031-W10,C0031,10,completed,2
C0031-W11,C0031,11,completed,4
C0031-W12,C0031,12,completed,4
C0032-W01,C0032,1,completed,4
C0032-W02,C0032,2,completed,2
C0032-W03,C0032,3,skipped,0
C0032-W04,C0032,4,completed,2
C0032-W05,C0032,5,completed,2
C0032-W06,C0032,6,completed,2
C0032-W07,C0032,7,completed,4
C0032-W08,C0032,8,completed,3
C0032-W09,C0032,9,skipped,0
C0032-W10,C0032,10,completed,2
C0032-W11,C0032,11,completed,3
C0032-W12,C0032,12,completed,2
C0033-W01,C0033,1,completed,4
C0033-W02,C0033,2,completed,4
C0033-W03,C0033,3,completed,2
C0033-W04,C0033,4,completed,2
C0033-W05,C0033,5,completed,2
C0033-W06,C0033,6,completed,3
C0033-W07,C0033,7,late,2
C0033-W08,C0033,8,completed,4
C0033-W09,C0033,9,completed,4
C0033-W10,C0033,10,completed,4
C0033-W11,C0033,11,completed,2
C0033-W12,C0033,12,completed,3
C0034-W01,C0034,1,completed,3
C0034-W02,C0034,2,completed,3
C0034-W03,C0034,3,completed,3
C0034-W04,C0034,4,skipped,0
C0034-W05,C0034,5,skipped,0
C0034-W06,C0034,6,completed,3
C0034-W07,C0034,7,completed,3
C0034-W08,C0034,8,completed,3
C0034-W09,C0034,9,completed,2
C0034-W10,C0034,10,late,4
C0034-W11,C0034,11,completed,3
C0034-W12,C0034,12,completed,4
C0035-W01,C0035,1,completed,4
C0035-W02,C0035,2,completed,3
C0035-W03,C0035,3,completed,4
C0035-W04,C0035,4,completed,4
C0035-W05,C0035,5,completed,2
C0035-W06,C0035,6,completed,3
C0035-W07,C0035,7,skipped,0
C0035-W08,C0035,8,completed,3
C0035-W09,C0035,9,completed,2
C0035-W10,C0035,10,completed,3
C0035-W11,C0035,11,completed,4
C0035-W12,C0035,12,completed,3
C0036-W01,C0036,1,completed,2
C0036-W02,C0036,2,completed,4
C0036-W03,C0036,3,completed,2
C0036-W04,C0036,4,completed,4
C0036-W05,C0036,5,skipped,0
C0036-W06,C0036,6,completed,3
C0036-W07,C0036,7,completed,2
C0036-W08,C0036,8,skipped,0
C0036-W09,C0036,9,completed,2
C0036-W10,C0036,10,completed,4
C0036-W11,C0036,11,completed,3
C0036-W12,C0036,12,completed,4
C0037-W01,C0037,1,completed,2
C0037-W02,C0037,2,completed,3
C0037-W03,C0037,3,completed,2
C0037-W04,C0037,4,completed,2
C0037-W05,C0037,5,skipped,0
C0037-W06,C0037,6,completed,3
C0037-W07,C0037,7,completed,2
C0037-W08,C0037,8,completed,2
C0037-W09,C0037,9,completed,3
C0037-W10,C0037,10,completed,2
C0037-W11,C0037,11,completed,2
C0037-W12,C0037,12,completed,4
C0038-W01,C0038,1,completed,4
C0038-W02,C0038,2,skipped,0
C0038-W03,C0038,3,completed,3
C0038-W04,C0038,4,completed,3
C0038-W05,C0038,5,completed,4
C0038-W06,C0038,6,late,2
C0038-W07,C0038,7,completed,3
C0038-W08,C0038,8,completed,3
C0038-W09,C0038,9,completed,4
C0038-W10,C0038,10,completed,2
C0038-W11,C0038,11,late,2
C0038-W12,C0038,12,completed,4
C0039-W01,C0039,1,skipped,0
C0039-W02,C0039,2,completed,3
C0039-W03,C0039,3,completed,3
C0039-W04,C0039,4,completed,4
C0039-W05,C0039,5,skipped,0
C0039-W06,C0039,6,completed,2
C0039-W07,C0039,7,completed,3
C0039-W08,C0039,8,completed,4
C0039-W09,C0039,9,skipped,0
C0039-W10,C0039,10,completed,2
C0039-W11,C0039,11,completed,2
C0039-W12,C0039,12,completed,3
C0040-W01,C0040,1,completed,2
C0040-W02,C0040,2,completed,3
C0040-W03,C0040,3,completed,2
C0040-W04,C0040,4,late,3
C0040-W05,C0040,5,completed,4
C0040-W06,C0040,6,completed,3
C0040-W07,C0040,7,completed,4
C0040-W08,C0040,8,completed,3
C0040-W09,C0040,9,completed,2
C0040-W10,C0040,10,completed,3
C0040-W11,C0040,11,completed,4
C0040-W12,C0040,12,completed,4
C0041-W01,C0041,1,completed,2
C0041-W02,C0041,2,completed,2
C0041-W03,C0041,3,skipped,0
C0041-W04,C0041,4,skipped,0
C0041-W05,C0041,5,completed,3
C0041-W06,C0041,6,late,4
C0041-W07,C0041,7,completed,2
C0041-W08,C0041,8,late,3
C0041-W09,C0041,9,late,2
C0041-W10,C0041,10,skipped,0
C0041-W11,C0041,11,completed,2
C0041-W12,C0041,12,completed,3
C0042-W01,C0042,1,completed,2
C0042-W02,C0042,2,completed,4
C0042-W03,C0042,3,completed,3
C0042-W04,C0042,4,skipped,0
C0042-W05,C0042,5,completed,3
C0042-W06,C0042,6,completed,2
C0042-W07,C0042,7,completed,3
C0042-W08,C0042,8,completed,3
C0042-W09,C0042,9,completed,4
C0042-W10,C0042,10,completed,2
C0042-W11,C0042,11,completed,4
C0042-W12,C0042,12,completed,3
C0043-W01,C0043,1,completed,3
C0043-W02,C0043,2,completed,2
C0043-W03,C0043,3,completed,4
C0043-W04,C0043,4,skipped,0
C0043-W05,C0043,5,skipped,0
C0043-W06,C0043,6,skipped,0
C0043-W07,C0043,7,completed,4
C0043-W08,C0043,8,completed,3
C0043-W09,C0043,9,skipped,0
C0043-W10,C0043,10,completed,4
C0043-W11,C0043,11,completed,3
C0043-W12,C0043,12,completed,2
C0044-W01,C0044,1,completed,4
C0044-W02,C0044,2,completed,4
C0044-W03,C0044,3,completed,4
C0044-W04,C0044,4,completed,3
C0044-W05,C0044,5,completed,4
C0044-W06,C0044,6,completed,3
C0044-W07,C0044,7,late,3
C0044-W08,C0044,8,completed,3
C0044-W09,C0044,9,completed,3
C0044-W10,C0044,10,completed,4
C0044-W11,C0044,11,late,4
C0044-W12,C0044,12,completed,3
C0045-W01,C0045,1,completed,4
C0045-W02,C0045,2,completed,3
C0045-W03,C0045,3,completed,4
C0045-W04,C0045,4,completed,2
C0045-W05,C0045,5,completed,4
C0045-W06,C0045,6,completed,4
C0045-W07,C0045,7,completed,4
C0045-W08,C0045,8,completed,2
C0045-W09,C0045,9,completed,2
C0045-W10,C0045,10,skipped,0
C0045-W11,C0045,11,completed,2
C0045-W12,C0045,12,completed,4
C0046-W01,C0046,1,completed,4
C0046-W02,C0046,2,completed,2
C0046-W03,C0046,3,completed,2
C0046-W04,C0046,4,completed,3
C0046-W05,C0046,5,late,2
C0046-W06,C0046,6,completed,4
C0046-W07,C0046,7,completed,3
C0046-W08,C0046,8,completed,3
C0046-W09,C0046,9,completed,2
C0046-W10,C0046,10,completed,2
C0046-W11,C0046,11,completed,2
C0046-W12,C0046,12,completed,3
C0047-W01,C0047,1,skipped,0
C0047-W02,C0047,2,completed,3
C0047-W03,C0047,3,completed,4
C0047-W04,C0047,4,completed,3
C0047-W05,C0047,5,completed,2
C0047-W06,C0047,6,completed,2
C0047-W07,C0047,7,skipped,0
C0047-W08,C0047,8,completed,4
C0047-W09,C0047,9,completed,2
C0047-W10,C0047,10,completed,2
C0047-W11,C0047,11,completed,4
C0047-W12,C0047,12,completed,2
C0048-W01,C0048,1,completed,2
C0048-W02,C0048,2,completed,2
C0048-W03,C0048,3,completed,4
C0048-W04,C0048,4,late,4
C0048-W05,C0048,5,completed,4
C0048-W06,C0048,6,skipped,0
C0048-W07,C0048,7,completed,2
C0048-W08,C0048,8,completed,2
C0048-W09,C0048,9,completed,4
C0048-W10,C0048,10,completed,2
C0048-W11,C0048,11,completed,3
C0048-W12,C0048,12,completed,3
C0049-W01,C0049,1,completed,3
C0049-W02,C0049,2,completed,4
C0049-W03,C0049,3,completed,2
C0049-W04,C0049,4,completed,3
C0049-W05,C0049,5,completed,4
C0049-W06,C0049,6,skipped,0
C0049-W07,C0049,7,skipped,0
C0049-W08,C0049,8,completed,2
C0049-W09,C0049,9,late,4
C0049-W10,C0049,10,skipped,0
C0049-W11,C0049,11,completed,2
C0049-W12,C0049,12,completed,3
C0050-W01,C0050,1,completed,2
C0050-W02,C0050,2,completed,2
C0050-W03,C0050,3,completed,4
C0050-W04,C0050,4,completed,2
C0050-W05,C0050,5,completed,2
C0050-W06,C0050,6,skipped,0
C0050-W07,C0050,7,completed,3
C0050-W08,C0050,8,completed,4
C0050-W09,C0050,9,completed,2
C0050-W10,C0050,10,completed,2
C0050-W11,C0050,11,completed,4
C0050-W12,C0050,12,completed,2
C0051-W01,C0051,1,completed,3
C0051-W02,C0051,2,completed,3
C0051-W03,C0051,3,completed,4
C0051-W04,C0051,4,completed,4
C0051-W05,C0051,5,completed,3
C0051-W06,C0051,6,completed,2
C0051-W07,C0051,7,completed,3
C0051-W08,C0051,8,skipped,0
C0051-W09,C0051,9,completed,2
C0051-W10,C0051,10,completed,4
C0051-W11,C0051,11,completed,3
C0051-W12,C0051,12,completed,3
C0052-W01,C0052,1,completed,3
C0052-W02,C0052,2,completed,4
C0052-W03,C0052,3,skipped,0
C0052-W04,C0052,4,skipped,0
C0052-W05,C0052,5,completed,2
C0052-W06,C0052,6,completed,3
C0052-W07,C0052,7,completed,3
C0052-W08,C0052,8,skipped,0
C0052-W09,C0052,9,completed,4
C0052-W10,C0052,10,completed,3
C0052-W11,C0052,11,completed,3
C0052-W12,C0052,12,completed,2
C0053-W01,C0053,1,skipped,0
C0053-W02,C0053,2,completed,3
C0053-W03,C0053,3,completed,2
C0053-W04,C0053,4,completed,2
C0053-W05,C0053,5,completed,2
C0053-W06,C0053,6,completed,4
C0053-W07,C0053,7,late,2
C0053-W08,C0053,8,completed,3
C0053-W09,C0053,9,completed,4
C0053-W10,C0053,10,late,3
C0053-W11,C0053,11,completed,4
C0053-W12,C0053,12,completed,4
C0054-W01,C0054,1,completed,3
C0054-W02,C0054,2,completed,2
C0054-W03,C0054,3,completed,3
C0054-W04,C0054,4,late,4
C0054-W05,C0054,5,completed,2
C0054-W06,C0054,6,late,3
C0054-W07,C0054,7,completed,2
C0054-W08,C0054,8,completed,2
C0054-W09,C0054,9,skipped,0
C0054-W10,C0054,10,completed,4
C0054-W11,C0054,11,completed,3
C0054-W12,C0054,12,completed,2
C0055-W01,C0055,1,completed,2
C0055-W02,C0055,2,late,3
C0055-W03,C0055,3,completed,3
C0055-W04,C0055,4,skipped,0
C0055-W05,C0055,5,late,4
C0055-W06,C0055,6,completed,3
C0055-W07,C0055,7,completed,2
C0055-W08,C0055,8,completed,4
C0055-W09,C0055,9,completed,2
C0055-W10,C0055,10,completed,4
C0055-W11,C0055,11,completed,2
C0055-W12,C0055,12,completed,4
C0056-W01,C0056,1,late,3
C0056-W02,C0056,2,skipped,0
C0056-W03,C0056,3,completed,4
C0056-W04,C0056,4,completed,2
C0056-W05,C0056,5,completed,3
C0056-W06,C0056,6,completed,2
C0056-W07,C0056,7,completed,3
C0056-W08,C0056,8,late,3
C0056-W09,C0056,9,completed,2
C0056-W10,C0056,10,completed,4
C0056-W11,C0056,11,completed,3
C0056-W12,C0056,12,completed,2
C0057-W01,C0057,1,completed,4
C0057-W02,C0057,2,completed,3
C0057-W03,C0057,3,completed,2
C0057-W04,C0057,4,completed,3
C0057-W05,C0057,5,late,2
C0057-W06,C0057,6,completed,3
C0057-W07,C0057,7,skipped,0
C0057-W08,C0057,8,completed,3
C0057-W09,C0057,9,completed,2
C0057-W10,C0057,10,skipped,0
C0057-W11,C0057,11,completed,2
C0057-W12,C0057,12,late,3
C0058-W01,C0058,1,completed,4
C0058-W02,C0058,2,skipped,0
C0058-W03,C0058,3,late,4
C0058-W04,C0058,4,completed,2
C0058-W05,C0058,5,completed,3
C0058-W06,C0058,6,completed,4
C0058-W07,C0058,7,completed,2
C0058-W08,C0058,8,skipped,0
C0058-W09,C0058,9,completed,2
C0058-W10,C0058,10,completed,3
C0058-W11,C0058,11,completed,4
C0058-W12,C0058,12,completed,4
C0059-W01,C0059,1,completed,3
C0059-W02,C0059,2,completed,2
C0059-W03,C0059,3,skipped,0
C0059-W04,C0059,4,completed,4
C0059-W05,C0059,5,completed,2
C0059-W06,C0059,6,completed,2
C0059-W07,C0059,7,completed,2
C0059-W08,C0059,8,completed,4
C0059-W09,C0059,9,completed,4
C0059-W10,C0059,10,completed,3
C0059-W11,C0059,11,skipped,0
C0059-W12,C0059,12,completed,4
C0060-W01,C0060,1,completed,3
C0060-W02,C0060,2,completed,4
C0060-W03,C0060,3,completed,3
C0060-W04,C0060,4,completed,3
C0060-W05,C0060,5,skipped,0
C0060-W06,C0060,6,completed,3
C0060-W07,C0060,7,completed,4
C0060-W08,C0060,8,completed,4
C0060-W09,C0060,9,completed,3
C0060-W10,C0060,10,completed,2
C0060-W11,C0060,11,completed,4
C0060-W12,C0060,12,completed,4
C0061-W01,C0061,1,completed,2
C0061-W02,C0061,2,completed,3
C0061-W03,C0061,3,skipped,0
C0061-W04,C0061,4,completed,2
C0061-W05,C0061,5,completed,2
C0061-W06,C0061,6,completed,2
C0061-W07,C0061,7,completed,2
C0061-W08,C0061,8,completed,2
C0061-W09,C0061,9,completed,4
C0061-W10,C0061,10,completed,4
C0061-W11,C0061,11,completed,3
C0061-W12,C0061,12,skipped,0
C0062-W01,C0062,1,late,3
C0062-W02,C0062,2,skipped,0
C0062-W03,C0062,3,completed,2
C0062-W04,C0062,4,completed,3
C0062-W05,C0062,5,completed,3
C0062-W06,C0062,6,completed,2
C0062-W07,C0062,7,skipped,0
C0062-W08,C0062,8,skipped,0
C0062-W09,C0062,9,completed,2
C0062-W10,C0062,10,completed,2
C0062-W11,C0062,11,completed,3
C0062-W12,C0062,12,completed,2
C0063-W01,C0063,1,completed,4
C0063-W02,C0063,2,completed,3
C0063-W03,C0063,3,completed,3
C0063-W04,C0063,4,completed,2
C0063-W05,C0063,5,completed,3
C0063-W06,C0063,6,completed,3
C0063-W07,C0063,7,completed,2
C0063-W08,C0063,8,completed,4
C0063-W09,C0063,9,skipped,0
C0063-W10,C0063,10,completed,3
C0063-W11,C0063,11,completed,4
C0063-W12,C0063,12,late,2
C0064-W01,C0064,1,completed,2
C0064-W02,C0064,2,completed,4
C0064-W03,C0064,3,skipped,0
C0064-W04,C0064,4,completed,4
C0064-W05,C0064,5,completed,2
C0064-W06,C0064,6,completed,4
C0064-W07,C0064,7,completed,3
C0064-W08,C0064,8,skipped,0
C0064-W09,C0064,9,completed,2
C0064-W10,C0064,10,skipped,0
C0064-W11,C0064,11,completed,4
C0064-W12,C0064,12,completed,4
C0065-W01,C0065,1,skipped,0
C0065-W02,C0065,2,completed,2
C0065-W03,C0065,3,completed,3
C0065-W04,C0065,4,completed,3
C0065-W05,C0065,5,completed,4
C0065-W06,C0065,6,completed,4
C0065-W07,C0065,7,completed,4
C0065-W08,C0065,8,completed,3
C0065-W09,C0065,9,skipped,0
C0065-W10,C0065,10,completed,4
C0065-W11,C0065,11,completed,3
C0065-W12,C0065,12,completed,4
C0066-W01,C0066,1,completed,3
C0066-W02,C0066,2,completed,4
C0066-W03,C0066,3,completed,4
C0066-W04,C0066,4,skipped,0
C0066-W05,C0066,5,completed,2
C0066-W06,C0066,6,completed,2
C0066-W07,C0066,7,completed,4
C0066-W08,C0066,8,skipped,0
C0066-W09,C0066,9,completed,4
C0066-W10,C0066,10,completed,4
C0066-W11,C0066,11,completed,2
C0066-W12,C0066,12,completed,2
C0067-W01,C0067,1,completed,3
C0067-W02,C0067,2,skipped,0
C0067-W03,C0067,3,late,2
C0067-W04,C0067,4,completed,2
C0067-W05,C0067,5,completed,2
C0067-W06,C0067,6,completed,4
C0067-W07,C0067,7,completed,4
C0067-W08,C0067,8,late,2
C0067-W09,C0067,9,completed,4
C0067-W10,C0067,10,completed,4
C0067-W11,C0067,11,completed,4
C0067-W12,C0067,12,skipped,0
C0068-W01,C0068,1,completed,2
C0068-W02,C0068,2,completed,2
C0068-W03,C0068,3,skipped,0
C0068-W04,C0068,4,skipped,0
C0068-W05,C0068,5,skipped,0
C0068-W06,C0068,6,completed,2
C0068-W07,C0068,7,completed,4
C0068-W08,C0068,8,late,2
C0068-W09,C0068,9,skipped,0
C0068-W10,C0068,10,completed,2
C0068-W11,C0068,11,completed,2
C0068-W12,C0068,12,completed,4
C0069-W01,C0069,1,completed,3
C0069-W02,C0069,2,completed,2
C0069-W03,C0069,3,completed,4
C0069-W04,C0069,4,skipped,0
C0069-W05,C0069,5,completed,4
C0069-W06,C0069,6,completed,2
C0069-W07,C0069,7,completed,2
C0069-W08,C0069,8,completed,3
C0069-W09,C0069,9,completed,3
C0069-W10,C0069,10,completed,4
C0069-W11,C0069,11,completed,3
C0069-W12,C0069,12,late,3
C0070-W01,C0070,1,completed,2
C0070-W02,C0070,2,completed,2
C0070-W03,C0070,3,completed,2
C0070-W04,C0070,4,completed,4
C0070-W05,C0070,5,skipped,0
C0070-W06,C0070,6,completed,2
C0070-W07,C0070,7,completed,3
C0070-W08,C0070,8,completed,4
C0070-W09,C0070,9,completed,3
C0070-W10,C0070,10,completed,3
C0070-W11,C0070,11,completed,3
C0070-W12,C0070,12,completed,2
C0071-W01,C0071,1,completed,2
C0071-W02,C0071,2,completed,4
C0071-W03,C0071,3,completed,2
C0071-W04,C0071,4,completed,2
C0071-W05,C0071,5,completed,2
C0071-W06,C0071,6,completed,3
C0071-W07,C0071,7,completed,2
C0071-W08,C0071,8,completed,4
C0071-W09,C0071,9,completed,3
C0071-W10,C0071,10,skipped,0
C0071-W11,C0071,11,completed,4
C0071-W12,C0071,12,completed,4
C0072-W01,C0072,1,completed,2
C0072-W02,C0072,2,completed,3
C0072-W03,C0072,3,completed,4
C0072-W04,C0072,4,completed,2
C0072-W05,C0072,5,completed,4
C0072-W06,C0072,6,completed,4
C0072-W07,C0072,7,completed,3
C0072-W08,C0072,8,completed,4
C0072-W09,C0072,9,skipped,0
C0072-W10,C0072,10,completed,4
C0072-W11,C0072,11,completed,4
C0072-W12,C0072,12,completed,4
C0073-W01,C0073,1,skipped,0
C0073-W02,C0073,2,skipped,0
C0073-W03,C0073,3,completed,2
C0073-W04,C0073,4,late,3
C0073-W05,C0073,5,completed,2
C0073-W06,C0073,6,completed,3
C0073-W07,C0073,7,late,3
C0073-W08,C0073,8,completed,4
C0073-W09,C0073,9,completed,2
C0073-W10,C0073,10,completed,4
C0073-W11,C0073,11,completed,4
C0073-W12,C0073,12,late,3
C0074-W01,C0074,1,completed,3
C0074-W02,C0074,2,completed,2
C0074-W03,C0074,3,completed,3
C0074-W04,C0074,4,late,2
C0074-W05,C0074,5,completed,4
C0074-W06,C0074,6,completed,4
C0074-W07,C0074,7,completed,3
C0074-W08,C0074,8,completed,4
C0074-W09,C0074,9,completed,2
C0074-W10,C0074,10,completed,2
C0074-W11,C0074,11,completed,4
C0074-W12,C0074,12,completed,3
C0075-W01,C0075,1,skipped,0
C0075-W02,C0075,2,late,3
C0075-W03,C0075,3,completed,4
C0075-W04,C0075,4,completed,3
C0075-W05,C0075,5,completed,3
C0075-W06,C0075,6,completed,3
C0075-W07,C0075,7,completed,2
C0075-W08,C0075,8,skipped,0
C0075-W09,C0075,9,completed,3
C0075-W10,C0075,10,completed,2
C0075-W11,C0075,11,completed,2
C0075-W12,C0075,12,completed,2
C0076-W01,C0076,1,completed,3
C0076-W02,C0076,2,completed,4
C0076-W03,C0076,3,completed,3
C0076-W04,C0076,4,completed,4
C0076-W05,C0076,5,completed,4
C0076-W06,C0076,6,completed,4
C0076-W07,C0076,7,skipped,0
C0076-W08,C0076,8,skipped,0
C0076-W09,C0076,9,completed,2
C0076-W10,C0076,10,completed,4
C0076-W11,C0076,11,completed,4
C0076-W12,C0076,12,completed,4
C0077-W01,C0077,1,completed,4
C0077-W02,C0077,2,completed,4
C0077-W03,C0077,3,completed,2
C0077-W04,C0077,4,completed,2
C0077-W05,C0077,5,completed,3
C0077-W06,C0077,6,skipped,0
C0077-W07,C0077,7,completed,4
C0077-W08,C0077,8,completed,4
C0077-W09,C0077,9,completed,3
C0077-W10,C0077,10,late,2
C0077-W11,C0077,11,late,2
C0077-W12,C0077,12,late,4
C0078-W01,C0078,1,skipped,0
C0078-W02,C0078,2,completed,4
C0078-W03,C0078,3,completed,2
C0078-W04,C0078,4,completed,3
C0078-W05,C0078,5,skipped,0
C0078-W06,C0078,6,completed,3
C0078-W07,C0078,7,late,3
C0078-W08,C0078,8,skipped,0
C0078-W09,C0078,9,completed,2
C0078-W10,C0078,10,completed,4
C0078-W11,C0078,11,completed,3
C0078-W12,C0078,12,completed,4
C0079-W01,C0079,1,completed,4
C0079-W02,C0079,2,completed,3
C0079-W03,C0079,3,skipped,0
C0079-W04,C0079,4,skipped,0
C0079-W05,C0079,5,completed,4
C0079-W06,C0079,6,late,4
C0079-W07,C0079,7,completed,3
C0079-W08,C0079,8,completed,2
C0079-W09,C0079,9,completed,2
C0079-W10,C0079,10,completed,4
C0079-W11,C0079,11,completed,4
C0079-W12,C0079,12,completed,2
C0080-W01,C0080,1,skipped,0
C0080-W02,C0080,2,completed,4
C0080-W03,C0080,3,completed,3
C0080-W04,C0080,4,skipped,0
C0080-W05,C0080,5,skipped,0
C0080-W06,C0080,6,completed,3
C0080-W07,C0080,7,completed,2
C0080-W08,C0080,8,completed,4
C0080-W09,C0080,9,completed,2
C0080-W10,C0080,10,completed,4
C0080-W11,C0080,11,completed,3
C0080-W12,C0080,12,completed,3
C0081-W01,C0081,1,completed,4
C0081-W02,C0081,2,completed,4
C0081-W03,C0081,3,completed,3
C0081-W04,C0081,4,completed,3
C0081-W05,C0081,5,completed,3
C0081-W06,C0081,6,skipped,0
C0081-W07,C0081,7,completed,2
C0081-W08,C0081,8,completed,3
C0081-W09,C0081,9,skipped,0
C0081-W10,C0081,10,completed,3
C0081-W11,C0081,11,completed,4
C0081-W12,C0081,12,completed,3
C0082-W01,C0082,1,completed,2
C0082-W02,C0082,2,completed,3
C0082-W03,C0082,3,late,4
C0082-W04,C0082,4,completed,2
C0082-W05,C0082,5,late,2
C0082-W06,C0082,6,completed,2
C0082-W07,C0082,7,completed,2
C0082-W08,C0082,8,completed,2
C0082-W09,C0082,9,completed,3
C0082-W10,C0082,10,completed,4
C0082-W11,C0082,11,completed,3
C0082-W12,C0082,12,completed,4
C0083-W01,C0083,1,completed,2
C0083-W02,C0083,2,completed,3
C0083-W03,C0083,3,late,4
C0083-W04,C0083,4,completed,2
C0083-W05,C0083,5,completed,3
C0083-W06,C0083,6,late,4
C0083-W07,C0083,7,completed,4
C0083-W08,C0083,8,completed,4
C0083-W09,C0083,9,completed,2
C0083-W10,C0083,10,late,2
C0083-W11,C0083,11,completed,3
C0083-W12,C0083,12,completed,3
C0084-W01,C0084,1,completed,2
C0084-W02,C0084,2,completed,3
C0084-W03,C0084,3,completed,4
C0084-W04,C0084,4,completed,2
C0084-W05,C0084,5,completed,2
C0084-W06,C0084,6,skipped,0
C0084-W07,C0084,7,completed,4
C0084-W08,C0084,8,completed,4
C0084-W09,C0084,9,completed,4
C0084-W10,C0084,10,completed,2
C0084-W11,C0084,11,completed,4
C0084-W12,C0084,12,skipped,0
C0085-W01,C0085,1,completed,3
C0085-W02,C0085,2,completed,3
C0085-W03,C0085,3,completed,4
C0085-W04,C0085,4,completed,2
C0085-W05,C0085,5,completed,4
C0085-W06,C0085,6,completed,4
C0085-W07,C0085,7,completed,2
C0085-W08,C0085,8,completed,3
C0085-W09,C0085,9,late,3
C0085-W10,C0085,10,completed,3
C0085-W11,C0085,11,completed,3
C0085-W12,C0085,12,completed,4
C0086-W01,C0086,1,late,2
C0086-W02,C0086,2,late,3
C0086-W03,C0086,3,completed,2
C0086-W04,C0086,4,completed,3
C0086-W05,C0086,5,completed,2
C0086-W06,C0086,6,completed,2
C0086-W07,C0086,7,completed,2
C0086-W08,C0086,8,completed,2
C0086-W09,C0086,9,completed,4
C0086-W10,C0086,10,completed,3
C0086-W11,C0086,11,completed,2
C0086-W12,C0086,12,late,2
C0087-W01,C0087,1,completed,3
C0087-W02,C0087,2,completed,2
C0087-W03,C0087,3,skipped,0
C0087-W04,C0087,4,completed,3
C0087-W05,C0087,5,completed,2
C0087-W06,C0087,6,completed,2
C0087-W07,C0087,7,completed,2
C0087-W08,C0087,8,completed,2
C0087-W09,C0087,9,late,4
C0087-W10,C0087,10,completed,2
C0087-W11,C0087,11,completed,4
C0087-W12,C0087,12,completed,2
C0088-W01,C0088,1,completed,4
C0088-W02,C0088,2,completed,2
C0088-W03,C0088,3,completed,4
C0088-W04,C0088,4,completed,4
C0088-W05,C0088,5,completed,4
C0088-W06,C0088,6,completed,4
C0088-W07,C0088,7,completed,4
C0088-W08,C0088,8,completed,2
C0088-W09,C0088,9,skipped,0
C0088-W10,C0088,10,completed,4
C0088-W11,C0088,11,completed,2
C0088-W12,C0088,12,completed,3
C0089-W01,C0089,1,completed,4
C0089-W02,C0089,2,completed,2
C0089-W03,C0089,3,completed,3
C0089-W04,C0089,4,completed,2
C0089-W05,C0089,5,completed,4
C0089-W06,C0089,6,completed,4
C0089-W07,C0089,7,completed,3
C0089-W08,C0089,8,completed,2
C0089-W09,C0089,9,completed,3
C0089-W10,C0089,10,late,2
C0089-W11,C0089,11,completed,3
C0089-W12,C0089,12,completed,2
C0090-W01,C0090,1,completed,4
C0090-W02,C0090,2,completed,2
C0090-W03,C0090,3,completed,3
C0090-W04,C0090,4,skipped,0
C0090-W05,C0090,5,completed,4
C0090-W06,C0090,6,completed,4
C0090-W07,C0090,7,completed,4
C0090-W08,C0090,8,completed,2
C0090-W09,C0090,9,late,2
C0090-W10,C0090,10,completed,2
C0090-W11,C0090,11,completed,4
C0090-W12,C0090,12,completed,4
C0091-W01,C0091,1,skipped,0
C0091-W02,C0091,2,completed,2
C0091-W03,C0091,3,late,2
C0091-W04,C0091,4,completed,2
C0091-W05,C0091,5,completed,2
C0091-W06,C0091,6,completed,2
C0091-W07,C0091,7,late,4
C0091-W08,C0091,8,completed,2
C0091-W09,C0091,9,skipped,0
C0091-W10,C0091,10,completed,3
C0091-W11,C0091,11,completed,2
C0091-W12,C0091,12,completed,4
C0092-W01,C0092,1,completed,2
C0092-W02,C0092,2,completed,3
C0092-W03,C0092,3,late,4
C0092-W04,C0092,4,completed,3
C0092-W05,C0092,5,skipped,0
C0092-W06,C0092,6,completed,3
C0092-W07,C0092,7,completed,2
C0092-W08,C0092,8,completed,4
C0092-W09,C0092,9,completed,3
C0092-W10,C0092,10,completed,2
C0092-W11,C0092,11,completed,3
C0092-W12,C0092,12,completed,4
C0093-W01,C0093,1,completed,4
C0093-W02,C0093,2,completed,4
C0093-W03,C0093,3,skipped,0
C0093-W04,C0093,4,completed,3
C0093-W05,C0093,5,completed,3
C0093-W06,C0093,6,completed,2
C0093-W07,C0093,7,late,3
C0093-W08,C0093,8,skipped,0
C0093-W09,C0093,9,completed,3
C0093-W10,C0093,10,completed,3
C0093-W11,C0093,11,completed,4
C0093-W12,C0093,12,skipped,0
C0094-W01,C0094,1,completed,2
C0094-W02,C0094,2,completed,4
C0094-W03,C0094,3,completed,3
C0094-W04,C0094,4,completed,4
C0094-W05,C0094,5,completed,2
C0094-W06,C0094,6,completed,4
C0094-W07,C0094,7,late,3
C0094-W08,C0094,8,completed,3
C0094-W09,C0094,9,completed,2
C0094-W10,C0094,10,late,2
C0094-W11,C0094,11,skipped,0
C0094-W12,C0094,12,completed,4
C0095-W01,C0095,1,completed,2
C0095-W02,C0095,2,completed,4
C0095-W03,C0095,3,completed,3
C0095-W04,C0095,4,completed,2
C0095-W05,C0095,5,completed,4
C0095-W06,C0095,6,completed,4
C0095-W07,C0095,7,completed,4
C0095-W08,C0095,8,completed,2
C0095-W09,C0095,9,skipped,0
C0095-W10,C0095,10,completed,3
C0095-W11,C0095,11,completed,3
C0095-W12,C0095,12,completed,4
C0096-W01,C0096,1,completed,2
C0096-W02,C0096,2,completed,3
C0096-W03,C0096,3,completed,3
C0096-W04,C0096,4,completed,2
C0096-W05,C0096,5,completed,4
C0096-W06,C0096,6,skipped,0
C0096-W07,C0096,7,completed,4
C0096-W08,C0096,8,skipped,0
C0096-W09,C0096,9,completed,2
C0096-W10,C0096,10,completed,2
C0096-W11,C0096,11,completed,4
C0096-W12,C0096,12,completed,2
C0097-W01,C0097,1,completed,2
C0097-W02,C0097,2,completed,4
C0097-W03,C0097,3,completed,3
C0097-W04,C0097,4,completed,4
C0097-W05,C0097,5,completed,4
C0097-W06,C0097,6,completed,3
C0097-W07,C0097,7,completed,4
C0097-W08,C0097,8,completed,2
C0097-W09,C0097,9,completed,4
C0097-W10,C0097,10,completed,3
C0097-W11,C0097,11,completed,4
C0097-W12,C0097,12,completed,4
C0098-W01,C0098,1,completed,2
C0098-W02,C0098,2,skipped,0
C0098-W03,C0098,3,completed,3
C0098-W04,C0098,4,completed,4
C0098-W05,C0098,5,late,4
C0098-W06,C0098,6,completed,4
C0098-W07,C0098,7,skipped,0
C0098-W08,C0098,8,completed,4
C0098-W09,C0098,9,completed,3
C0098-W10,C0098,10,completed,4
C0098-W11,C0098,11,completed,3
C0098-W12,C0098,12,completed,4
C0099-W01,C0099,1,completed,2
C0099-W02,C0099,2,skipped,0
C0099-W03,C0099,3,completed,3
C0099-W04,C0099,4,completed,2
C0099-W05,C0099,5,completed,3
C0099-W06,C0099,6,skipped,0
C0099-W07,C0099,7,completed,2
C0099-W08,C0099,8,completed,2
C0099-W09,C0099,9,completed,2
C0099-W10,C0099,10,completed,2
C0099-W11,C0099,11,completed,2
C0099-W12,C0099,12,skipped,0
C0100-W01,C0100,1,completed,2
C0100-W02,C0100,2,skipped,0
C0100-W03,C0100,3,skipped,0
C0100-W04,C0100,4,completed,4
C0100-W05,C0100,5,skipped,0
C0100-W06,C0100,6,completed,3
C0100-W07,C0100,7,completed,3
C0100-W08,C0100,8,completed,4
C0100-W09,C0100,9,completed,3
C0100-W10,C0100,10,completed,2
C0100-W11,C0100,11,skipped,0
C0100-W12,C0100,12,late,3
C0101-W01,C0101,1,completed,3
C0101-W02,C0101,2,skipped,0
C0101-W03,C0101,3,completed,2
C0101-W04,C0101,4,completed,4
C0101-W05,C0101,5,completed,2
C0101-W06,C0101,6,completed,2
C0101-W07,C0101,7,completed,4
C0101-W08,C0101,8,skipped,0
C0101-W09,C0101,9,completed,4
C0101-W10,C0101,10,completed,4
C0101-W11,C0101,11,completed,4
C0101-W12,C0101,12,completed,3
C0102-W01,C0102,1,skipped,0
C0102-W02,C0102,2,skipped,0
C0102-W03,C0102,3,completed,4
C0102-W04,C0102,4,late,4
C0102-W05,C0102,5,completed,4
C0102-W06,C0102,6,completed,2
C0102-W07,C0102,7,completed,2
C0102-W08,C0102,8,skipped,0
C0102-W09,C0102,9,completed,3
C0102-W10,C0102,10,completed,4
C0102-W11,C0102,11,late,3
C0102-W12,C0102,12,completed,3
C0103-W01,C0103,1,late,3
C0103-W02,C0103,2,skipped,0
C0103-W03,C0103,3,completed,2
C0103-W04,C0103,4,completed,2
C0103-W05,C0103,5,completed,2
C0103-W06,C0103,6,completed,4
C0103-W07,C0103,7,skipped,0
C0103-W08,C0103,8,completed,2
C0103-W09,C0103,9,completed,3
C0103-W10,C0103,10,completed,3
C0103-W11,C0103,11,completed,3
C0103-W12,C0103,12,completed,2
C0104-W01,C0104,1,completed,4
C0104-W02,C0104,2,completed,3
C0104-W03,C0104,3,completed,2
C0104-W04,C0104,4,completed,2
C0104-W05,C0104,5,skipped,0
C0104-W06,C0104,6,completed,3
C0104-W07,C0104,7,skipped,0
C0104-W08,C0104,8,late,2
C0104-W09,C0104,9,completed,3
C0104-W10,C0104,10,completed,2
C0104-W11,C0104,11,completed,2
C0104-W12,C0104,12,completed,2
C0105-W01,C0105,1,completed,3
C0105-W02,C0105,2,late,4
C0105-W03,C0105,3,completed,4
C0105-W04,C0105,4,completed,3
C0105-W05,C0105,5,completed,2
C0105-W06,C0105,6,completed,4
C0105-W07,C0105,7,skipped,0
C0105-W08,C0105,8,completed,2
C0105-W09,C0105,9,completed,3
C0105-W10,C0105,10,late,4
C0105-W11,C0105,11,completed,2
C0105-W12,C0105,12,skipped,0
C0106-W01,C0106,1,completed,2
C0106-W02,C0106,2,completed,4
C0106-W03,C0106,3,completed,3
C0106-W04,C0106,4,late,2
C0106-W05,C0106,5,completed,4
C0106-W06,C0106,6,skipped,0
C0106-W07,C0106,7,late,3
C0106-W08,C0106,8,completed,3
C0106-W09,C0106,9,late,2
C0106-W10,C0106,10,completed,4
C0106-W11,C0106,11,completed,4
C0106-W12,C0106,12,completed,2
C0107-W01,C0107,1,completed,4
C0107-W02,C0107,2,skipped,0
C0107-W03,C0107,3,completed,3
C0107-W04,C0107,4,completed,2
C0107-W05,C0107,5,completed,4
C0107-W06,C0107,6,completed,2
C0107-W07,C0107,7,completed,4
C0107-W08,C0107,8,completed,2
C0107-W09,C0107,9,completed,2
C0107-W10,C0107,10,completed,4
C0107-W11,C0107,11,completed,2
C0107-W12,C0107,12,completed,3
C0108-W01,C0108,1,completed,2
C0108-W02,C0108,2,completed,2
C0108-W03,C0108,3,completed,3
C0108-W04,C0108,4,completed,2
C0108-W05,C0108,5,completed,3
C0108-W06,C0108,6,completed,3
C0108-W07,C0108,7,completed,4
C0108-W08,C0108,8,completed,4
C0108-W09,C0108,9,completed,4
C0108-W10,C0108,10,skipped,0
C0108-W11,C0108,11,completed,4
C0108-W12,C0108,12,completed,4
C0109-W01,C0109,1,completed,2
C0109-W02,C0109,2,completed,2
C0109-W03,C0109,3,completed,3
C0109-W04,C0109,4,completed,4
C0109-W05,C0109,5,completed,4
C0109-W06,C0109,6,skipped,0
C0109-W07,C0109,7,completed,2
C0109-W08,C0109,8,completed,4
C0109-W09,C0109,9,completed,3
C0109-W10,C0109,10,skipped,0
C0109-W11,C0109,11,completed,3
C0109-W12,C0109,12,completed,3
C0110-W01,C0110,1,completed,4
C0110-W02,C0110,2,skipped,0
C0110-W03,C0110,3,completed,2
C0110-W04,C0110,4,late,3
C0110-W05,C0110,5,completed,4
C0110-W06,C0110,6,completed,4
C0110-W07,C0110,7,completed,4
C0110-W08,C0110,8,completed,3
C0110-W09,C0110,9,completed,2
C0110-W10,C0110,10,completed,2
C0110-W11,C0110,11,completed,3
C0110-W12,C0110,12,skipped,0
C0111-W01,C0111,1,completed,2
C0111-W02,C0111,2,completed,2
C0111-W03,C0111,3,completed,2
C0111-W04,C0111,4,completed,4
C0111-W05,C0111,5,late,2
C0111-W06,C0111,6,completed,4
C0111-W07,C0111,7,late,3
C0111-W08,C0111,8,completed,2
C0111-W09,C0111,9,completed,2
C0111-W10,C0111,10,completed,3
C0111-W11,C0111,11,completed,2
C0111-W12,C0111,12,completed,4
C0112-W01,C0112,1,completed,4
C0112-W02,C0112,2,completed,3
C0112-W03,C0112,3,late,4
C0112-W04,C0112,4,completed,2
C0112-W05,C0112,5,late,4
C0112-W06,C0112,6,skipped,0
C0112-W07,C0112,7,late,2
C0112-W08,C0112,8,skipped,0
C0112-W09,C0112,9,completed,4
C0112-W10,C0112,10,completed,3
C0112-W11,C0112,11,skipped,0
C0112-W12,C0112,12,completed,4
C0113-W01,C0113,1,skipped,0
C0113-W02,C0113,2,late,4
C0113-W03,C0113,3,completed,3
C0113-W04,C0113,4,completed,4
C0113-W05,C0113,5,completed,2
C0113-W06,C0113,6,completed,4
C0113-W07,C0113,7,completed,4
C0113-W08,C0113,8,completed,2
C0113-W09,C0113,9,completed,2
C0113-W10,C0113,10,skipped,0
C0113-W11,C0113,11,completed,4
C0113-W12,C0113,12,completed,4
C0114-W01,C0114,1,completed,3
C0114-W02,C0114,2,completed,2
C0114-W03,C0114,3,completed,2
C0114-W04,C0114,4,completed,2
C0114-W05,C0114,5,late,3
C0114-W06,C0114,6,completed,2
C0114-W07,C0114,7,completed,3
C0114-W08,C0114,8,completed,3
C0114-W09,C0114,9,skipped,0
C0114-W10,C0114,10,completed,4
C0114-W11,C0114,11,completed,4
C0114-W12,C0114,12,completed,4
C0115-W01,C0115,1,completed,4
C0115-W02,C0115,2,completed,4
C0115-W03,C0115,3,completed,2
C0115-W04,C0115,4,completed,4
C0115-W05,C0115,5,completed,3
C0115-W06,C0115,6,completed,3
C0115-W07,C0115,7,completed,4
C0115-W08,C0115,8,completed,4
C0115-W09,C0115,9,completed,2
C0115-W10,C0115,10,completed,2
C0115-W11,C0115,11,completed,4
C0115-W12,C0115,12,completed,2
C0116-W01,C0116,1,completed,2
C0116-W02,C0116,2,completed,3
C0116-W03,C0116,3,completed,2
C0116-W04,C0116,4,completed,4
C0116-W05,C0116,5,completed,3
C0116-W06,C0116,6,skipped,0
C0116-W07,C0116,7,skipped,0
C0116-W08,C0116,8,completed,3
C0116-W09,C0116,9,completed,3
C0116-W10,C0116,10,completed,3
C0116-W11,C0116,11,completed,4
C0116-W12,C0116,12,completed,2
C0117-W01,C0117,1,completed,3
C0117-W02,C0117,2,completed,2
C0117-W03,C0117,3,completed,3
C0117-W04,C0117,4,completed,4
C0117-W05,C0117,5,completed,3
C0117-W06,C0117,6,completed,2
C0117-W07,C0117,7,completed,4
C0117-W08,C0117,8,completed,2
C0117-W09,C0117,9,completed,3
C0117-W10,C0117,10,completed,4
C0117-W11,C0117,11,skipped,0
C0117-W12,C0117,12,skipped,0
C0118-W01,C0118,1,completed,2
C0118-W02,C0118,2,completed,2
C0118-W03,C0118,3,completed,3
C0118-W04,C0118,4,skipped,0
C0118-W05,C0118,5,completed,3
C0118-W06,C0118,6,completed,4
C0118-W07,C0118,7,completed,4
C0118-W08,C0118,8,completed,3
C0118-W09,C0118,9,skipped,0
C0118-W10,C0118,10,completed,4
C0118-W11,C0118,11,completed,3
C0118-W12,C0118,12,late,4
C0119-W01,C0119,1,completed,4
C0119-W02,C0119,2,completed,2
C0119-W03,C0119,3,late,2
C0119-W04,C0119,4,completed,3
C0119-W05,C0119,5,completed,2
C0119-W06,C0119,6,completed,3
C0119-W07,C0119,7,completed,4
C0119-W08,C0119,8,late,2
C0119-W09,C0119,9,completed,4
C0119-W10,C0119,10,completed,4
C0119-W11,C0119,11,completed,2
C0119-W12,C0119,12,completed,2
C0120-W01,C0120,1,completed,3
C0120-W02,C0120,2,completed,2
C0120-W03,C0120,3,completed,2
C0120-W04,C0120,4,completed,3
C0120-W05,C0120,5,completed,2
C0120-W06,C0120,6,completed,3
C0120-W07,C0120,7,skipped,0
C0120-W08,C0120,8,completed,3
C0120-W09,C0120,9,completed,4
C0120-W10,C0120,10,completed,4
C0120-W11,C0120,11,completed,4
C0120-W12,C0120,12,completed,2
C0121-W01,C0121,1,completed,2
C0121-W02,C0121,2,completed,2
C0121-W03,C0121,3,completed,3
C0121-W04,C0121,4,completed,3
C0121-W05,C0121,5,skipped,0
C0121-W06,C0121,6,late,3
C0121-W07,C0121,7,completed,2
C0121-W08,C0121,8,completed,3
C0121-W09,C0121,9,completed,3
C0121-W10,C0121,10,completed,2
C0121-W11,C0121,11,completed,3
C0121-W12,C0121,12,completed,4
C0122-W01,C0122,1,skipped,0
C0122-W02,C0122,2,completed,2
C0122-W03,C0122,3,completed,3
C0122-W04,C0122,4,completed,3
C0122-W05,C0122,5,completed,2
C0122-W06,C0122,6,skipped,0
C0122-W07,C0122,7,late,3
C0122-W08,C0122,8,completed,2
C0122-W09,C0122,9,completed,4
C0122-W10,C0122,10,completed,3
C0122-W11,C0122,11,completed,3
C0122-W12,C0122,12,completed,3
C0123-W01,C0123,1,skipped,0
C0123-W02,C0123,2,completed,2
C0123-W03,C0123,3,completed,4
C0123-W04,C0123,4,completed,3
C0123-W05,C0123,5,late,2
C0123-W06,C0123,6,completed,3
C0123-W07,C0123,7,completed,3
C0123-W08,C0123,8,completed,4
C0123-W09,C0123,9,completed,4
C0123-W10,C0123,10,completed,3
C0123-W11,C0123,11,skipped,0
C0123-W12,C0123,12,completed,4
C0124-W01,C0124,1,completed,4
C0124-W02,C0124,2,skipped,0
C0124-W03,C0124,3,completed,3
C0124-W04,C0124,4,completed,3
C0124-W05,C0124,5,completed,3
C0124-W06,C0124,6,completed,3
C0124-W07,C0124,7,late,3
C0124-W08,C0124,8,skipped,0
C0124-W09,C0124,9,skipped,0
C0124-W10,C0124,10,completed,2
C0124-W11,C0124,11,completed,4
C0124-W12,C0124,12,completed,3
C0125-W01,C0125,1,skipped,0
C0125-W02,C0125,2,completed,4
C0125-W03,C0125,3,skipped,0
C0125-W04,C0125,4,completed,4
C0125-W05,C0125,5,completed,4
C0125-W06,C0125,6,completed,3
C0125-W07,C0125,7,completed,2
C0125-W08,C0125,8,skipped,0
C0125-W09,C0125,9,completed,4
C0125-W10,C0125,10,completed,4
C0125-W11,C0125,11,completed,3
C0125-W12,C0125,12,completed,2
C0126-W01,C0126,1,skipped,0
C0126-W02,C0126,2,completed,2
C0126-W03,C0126,3,completed,2
C0126-W04,C0126,4,completed,4
C0126-W05,C0126,5,completed,2
C0126-W06,C0126,6,completed,2
C0126-W07,C0126,7,completed,4
C0126-W08,C0126,8,completed,2
C0126-W09,C0126,9,completed,3
C0126-W10,C0126,10,completed,4
C0126-W11,C0126,11,completed,4
C0126-W12,C0126,12,completed,3
C0127-W01,C0127,1,completed,4
C0127-W02,C0127,2,completed,3
C0127-W03,C0127,3,late,2
C0127-W04,C0127,4,completed,3
C0127-W05,C0127,5,skipped,0
C0127-W06,C0127,6,completed,4
C0127-W07,C0127,7,completed,3
C0127-W08,C0127,8,completed,2
C0127-W09,C0127,9,completed,2
C0127-W10,C0127,10,completed,2
C0127-W11,C0127,11,completed,3
C0127-W12,C0127,12,completed,3
C0128-W01,C0128,1,late,4
C0128-W02,C0128,2,completed,3
C0128-W03,C0128,3,completed,2
C0128-W04,C0128,4,completed,3
C0128-W05,C0128,5,completed,4
C0128-W06,C0128,6,late,3
C0128-W07,C0128,7,skipped,0
C0128-W08,C0128,8,completed,4
C0128-W09,C0128,9,completed,3
C0128-W10,C0128,10,completed,4
C0128-W11,C0128,11,completed,2
C0128-W12,C0128,12,completed,3
C0129-W01,C0129,1,completed,3
C0129-W02,C0129,2,late,3
C0129-W03,C0129,3,skipped,0
C0129-W04,C0129,4,completed,2
C0129-W05,C0129,5,completed,2
C0129-W06,C0129,6,completed,2
C0129-W07,C0129,7,skipped,0
C0129-W08,C0129,8,completed,3
C0129-W09,C0129,9,completed,4
C0129-W10,C0129,10,completed,3
C0129-W11,C0129,11,skipped,0
C0129-W12,C0129,12,completed,3
C0130-W01,C0130,1,completed,4
C0130-W02,C0130,2,completed,3
C0130-W03,C0130,3,completed,2
C0130-W04,C0130,4,completed,3
C0130-W05,C0130,5,late,4
C0130-W06,C0130,6,completed,3
C0130-W07,C0130,7,completed,2
C0130-W08,C0130,8,completed,3
C0130-W09,C0130,9,completed,4
C0130-W10,C0130,10,completed,2
C0130-W11,C0130,11,skipped,0
C0130-W12,C0130,12,late,2
C0131-W01,C0131,1,completed,2
C0131-W02,C0131,2,completed,4
C0131-W03,C0131,3,completed,4
C0131-W04,C0131,4,completed,4
C0131-W05,C0131,5,completed,4
C0131-W06,C0131,6,completed,2
C0131-W07,C0131,7,skipped,0
C0131-W08,C0131,8,late,4
C0131-W09,C0131,9,completed,3
C0131-W10,C0131,10,skipped,0
C0131-W11,C0131,11,completed,3
C0131-W12,C0131,12,completed,2
C0132-W01,C0132,1,completed,2
C0132-W02,C0132,2,skipped,0
C0132-W03,C0132,3,completed,4
C0132-W04,C0132,4,completed,4
C0132-W05,C0132,5,completed,2
C0132-W06,C0132,6,completed,4
C0132-W07,C0132,7,completed,4
C0132-W08,C0132,8,completed,4
C0132-W09,C0132,9,completed,4
C0132-W10,C0132,10,completed,3
C0132-W11,C0132,11,completed,4
C0132-W12,C0132,12,skipped,0
C0133-W01,C0133,1,completed,3
C0133-W02,C0133,2,completed,4
C0133-W03,C0133,3,skipped,0
C0133-W04,C0133,4,completed,3
C0133-W05,C0133,5,completed,4
C0133-W06,C0133,6,skipped,0
C0133-W07,C0133,7,completed,2
C0133-W08,C0133,8,completed,4
C0133-W09,C0133,9,late,4
C0133-W10,C0133,10,completed,4
C0133-W11,C0133,11,completed,4
C0133-W12,C0133,12,completed,3
C0134-W01,C0134,1,completed,4
C0134-W02,C0134,2,completed,2
C0134-W03,C0134,3,skipped,0
C0134-W04,C0134,4,completed,4
C0134-W05,C0134,5,completed,4
C0134-W06,C0134,6,completed,2
C0134-W07,C0134,7,completed,2
C0134-W08,C0134,8,skipped,0
C0134-W09,C0134,9,completed,2
C0134-W10,C0134,10,skipped,0
C0134-W11,C0134,11,completed,4
C0134-W12,C0134,12,completed,4
C0135-W01,C0135,1,completed,4
C0135-W02,C0135,2,completed,3
C0135-W03,C0135,3,completed,4
C0135-W04,C0135,4,completed,3
C0135-W05,C0135,5,skipped,0
C0135-W06,C0135,6,completed,2
C0135-W07,C0135,7,completed,4
C0135-W08,C0135,8,completed,4
C0135-W09,C0135,9,completed,2
C0135-W10,C0135,10,skipped,0
C0135-W11,C0135,11,completed,2
C0135-W12,C0135,12,completed,2
C0136-W01,C0136,1,completed,3
C0136-W02,C0136,2,skipped,0
C0136-W03,C0136,3,completed,4
C0136-W04,C0136,4,completed,4
C0136-W05,C0136,5,late,3
C0136-W06,C0136,6,completed,2
C0136-W07,C0136,7,completed,3
C0136-W08,C0136,8,late,3
C0136-W09,C0136,9,completed,4
C0136-W10,C0136,10,completed,2
C0136-W11,C0136,11,late,4
C0136-W12,C0136,12,skipped,0
C0137-W01,C0137,1,completed,4
C0137-W02,C0137,2,skipped,0
C0137-W03,C0137,3,completed,3
C0137-W04,C0137,4,completed,3
C0137-W05,C0137,5,completed,2
C0137-W06,C0137,6,completed,3
C0137-W07,C0137,7,completed,4
C0137-W08,C0137,8,completed,4
C0137-W09,C0137,9,completed,4
C0137-W10,C0137,10,completed,2
C0137-W11,C0137,11,skipped,0
C0137-W12,C0137,12,completed,4
C0138-W01,C0138,1,completed,4
C0138-W02,C0138,2,skipped,0
C0138-W03,C0138,3,completed,4
C0138-W04,C0138,4,late,4
C0138-W05,C0138,5,late,4
C0138-W06,C0138,6,completed,4
C0138-W07,C0138,7,completed,3
C0138-W08,C0138,8,completed,2
C0138-W09,C0138,9,late,4
C0138-W10,C0138,10,completed,2
C0138-W11,C0138,11,completed,4
C0138-W12,C0138,12,completed,3
C0139-W01,C0139,1,completed,3
C0139-W02,C0139,2,completed,4
C0139-W03,C0139,3,completed,3
C0139-W04,C0139,4,late,2
C0139-W05,C0139,5,completed,2
C0139-W06,C0139,6,completed,2
C0139-W07,C0139,7,completed,4
C0139-W08,C0139,8,completed,4
C0139-W09,C0139,9,completed,4
C0139-W10,C0139,10,completed,3
C0139-W11,C0139,11,skipped,0
C0139-W12,C0139,12,completed,4
C0140-W01,C0140,1,completed,3
C0140-W02,C0140,2,completed,3
C0140-W03,C0140,3,completed,2
C0140-W04,C0140,4,completed,3
C0140-W05,C0140,5,completed,4
C0140-W06,C0140,6,completed,3
C0140-W07,C0140,7,skipped,0
C0140-W08,C0140,8,skipped,0
C0140-W09,C0140,9,completed,2
C0140-W10,C0140,10,completed,3
C0140-W11,C0140,11,completed,2
C0140-W12,C0140,12,completed,4
C0141-W01,C0141,1,completed,3
C0141-W02,C0141,2,completed,4
C0141-W03,C0141,3,completed,2
C0141-W04,C0141,4,completed,4
C0141-W05,C0141,5,completed,2
C0141-W06,C0141,6,skipped,0
C0141-W07,C0141,7,completed,4
C0141-W08,C0141,8,completed,4
C0141-W09,C0141,9,completed,3
C0141-W10,C0141,10,completed,2
C0141-W11,C0141,11,late,3
C0141-W12,C0141,12,completed,2
C0142-W01,C0142,1,completed,4
C0142-W02,C0142,2,completed,3
C0142-W03,C0142,3,completed,2
C0142-W04,C0142,4,completed,3
C0142-W05,C0142,5,skipped,0
C0142-W06,C0142,6,completed,2
C0142-W07,C0142,7,completed,4
C0142-W08,C0142,8,completed,2
C0142-W09,C0142,9,late,3
C0142-W10,C0142,10,completed,3
C0142-W11,C0142,11,late,2
C0142-W12,C0142,12,completed,3
C0143-W01,C0143,1,late,2
C0143-W02,C0143,2,completed,4
C0143-W03,C0143,3,late,4
C0143-W04,C0143,4,completed,3
C0143-W05,C0143,5,late,4
C0143-W06,C0143,6,completed,2
C0143-W07,C0143,7,completed,2
C0143-W08,C0143,8,completed,4
C0143-W09,C0143,9,completed,3
C0143-W10,C0143,10,completed,2
C0143-W11,C0143,11,completed,4
C0143-W12,C0143,12,skipped,0
C0144-W01,C0144,1,completed,2
C0144-W02,C0144,2,skipped,0
C0144-W03,C0144,3,completed,3
C0144-W04,C0144,4,skipped,0
C0144-W05,C0144,5,completed,2
C0144-W06,C0144,6,completed,3
C0144-W07,C0144,7,completed,2
C0144-W08,C0144,8,completed,4
C0144-W09,C0144,9,completed,3
C0144-W10,C0144,10,completed,3
C0144-W11,C0144,11,completed,4
C0144-W12,C0144,12,late,3
C0145-W01,C0145,1,skipped,0
C0145-W02,C0145,2,completed,2
C0145-W03,C0145,3,completed,3
C0145-W04,C0145,4,completed,3
C0145-W05,C0145,5,completed,3
C0145-W06,C0145,6,completed,2
C0145-W07,C0145,7,completed,2
C0145-W08,C0145,8,completed,2
C0145-W09,C0145,9,completed,2
C0145-W10,C0145,10,completed,4
C0145-W11,C0145,11,skipped,0
C0145-W12,C0145,12,completed,2
C0146-W01,C0146,1,completed,3
C0146-W02,C0146,2,skipped,0
C0146-W03,C0146,3,completed,2
C0146-W04,C0146,4,completed,4
C0146-W05,C0146,5,completed,4
C0146-W06,C0146,6,skipped,0
C0146-W07,C0146,7,completed,3
C0146-W08,C0146,8,completed,3
C0146-W09,C0146,9,completed,4
C0146-W10,C0146,10,completed,3
C0146-W11,C0146,11,completed,3
C0146-W12,C0146,12,completed,2
C0147-W01,C0147,1,completed,2
C0147-W02,C0147,2,completed,2
C0147-W03,C0147,3,completed,2
C0147-W04,C0147,4,completed,4
C0147-W05,C0147,5,skipped,0
C0147-W06,C0147,6,completed,3
C0147-W07,C0147,7,completed,3
C0147-W08,C0147,8,completed,3
C0147-W09,C0147,9,completed,2
C0147-W10,C0147,10,completed,4
C0147-W11,C0147,11,skipped,0
C0147-W12,C0147,12,completed,2
C0148-W01,C0148,1,late,3
C0148-W02,C0148,2,skipped,0
C0148-W03,C0148,3,skipped,0
C0148-W04,C0148,4,completed,2
C0148-W05,C0148,5,completed,3
C0148-W06,C0148,6,completed,2
C0148-W07,C0148,7,completed,2
C0148-W08,C0148,8,completed,4
C0148-W09,C0148,9,skipped,0
C0148-W10,C0148,10,completed,2
C0148-W11,C0148,11,completed,2
C0148-W12,C0148,12,completed,4
C0149-W01,C0149,1,completed,4
C0149-W02,C0149,2,completed,2
C0149-W03,C0149,3,completed,2
C0149-W04,C0149,4,skipped,0
C0149-W05,C0149,5,completed,2
C0149-W06,C0149,6,completed,2
C0149-W07,C0149,7,completed,4
C0149-W08,C0149,8,completed,2
C0149-W09,C0149,9,completed,2
C0149-W10,C0149,10,completed,2
C0149-W11,C0149,11,completed,2
C0149-W12,C0149,12,completed,2
C0150-W01,C0150,1,skipped,0
C0150-W02,C0150,2,completed,2
C0150-W03,C0150,3,completed,4
C0150-W04,C0150,4,completed,4
C0150-W05,C0150,5,completed,3
C0150-W06,C0150,6,completed,4
C0150-W07,C0150,7,completed,2
C0150-W08,C0150,8,completed,4
C0150-W09,C0150,9,completed,3
C0150-W10,C0150,10,skipped,0
C0150-W11,C0150,11,completed,3
C0150-W12,C0150,12,completed,3
C0151-W01,C0151,1,completed,2
C0151-W02,C0151,2,skipped,0
C0151-W03,C0151,3,completed,3
C0151-W04,C0151,4,completed,4
C0151-W05,C0151,5,completed,4
C0151-W06,C0151,6,completed,3
C0151-W07,C0151,7,completed,3
C0151-W08,C0151,8,completed,3
C0151-W09,C0151,9,completed,2
C0151-W10,C0151,10,completed,2
C0151-W11,C0151,11,completed,3
C0151-W12,C0151,12,skipped,0
C0152-W01,C0152,1,completed,3
C0152-W02,C0152,2,completed,2
C0152-W03,C0152,3,late,2
C0152-W04,C0152,4,late,4
C0152-W05,C0152,5,completed,4
C0152-W06,C0152,6,skipped,0
C0152-W07,C0152,7,late,2
C0152-W08,C0152,8,completed,4
C0152-W09,C0152,9,skipped,0
C0152-W10,C0152,10,completed,3
C0152-W11,C0152,11,completed,3
C0152-W12,C0152,12,completed,2
C0153-W01,C0153,1,completed,2
C0153-W02,C0153,2,completed,2
C0153-W03,C0153,3,completed,2
C0153-W04,C0153,4,completed,2
C0153-W05,C0153,5,completed,3
C0153-W06,C0153,6,completed,4
C0153-W07,C0153,7,completed,2
C0153-W08,C0153,8,completed,3
C0153-W09,C0153,9,completed,3
C0153-W10,C0153,10,late,2
C0153-W11,C0153,11,skipped,0
C0153-W12,C0153,12,skipped,0
C0154-W01,C0154,1,completed,2
C0154-W02,C0154,2,completed,4
C0154-W03,C0154,3,completed,2
C0154-W04,C0154,4,completed,3
C0154-W05,C0154,5,completed,2
C0154-W06,C0154,6,completed,2
C0154-W07,C0154,7,completed,4
C0154-W08,C0154,8,completed,2
C0154-W09,C0154,9,completed,2
C0154-W10,C0154,10,completed,4
C0154-W11,C0154,11,completed,2
C0154-W12,C0154,12,completed,4
C0155-W01,C0155,1,completed,3
C0155-W02,C0155,2,skipped,0
C0155-W03,C0155,3,skipped,0
C0155-W04,C0155,4,completed,4
C0155-W05,C0155,5,completed,3
C0155-W06,C0155,6,completed,2
C0155-W07,C0155,7,completed,2
C0155-W08,C0155,8,completed,3
C0155-W09,C0155,9,completed,4
C0155-W10,C0155,10,completed,2
C0155-W11,C0155,11,completed,2
C0155-W12,C0155,12,skipped,0
C0156-W01,C0156,1,late,2
C0156-W02,C0156,2,completed,4
C0156-W03,C0156,3,completed,4
C0156-W04,C0156,4,completed,2
C0156-W05,C0156,5,completed,2
C0156-W06,C0156,6,completed,4
C0156-W07,C0156,7,completed,3
C0156-W08,C0156,8,completed,3
C0156-W09,C0156,9,completed,2
C0156-W10,C0156,10,completed,3
C0156-W11,C0156,11,completed,4
C0156-W12,C0156,12,skipped,0
C0157-W01,C0157,1,completed,4
C0157-W02,C0157,2,completed,2
C0157-W03,C0157,3,completed,4
C0157-W04,C0157,4,skipped,0
C0157-W05,C0157,5,completed,2
C0157-W06,C0157,6,late,3
C0157-W07,C0157,7,completed,4
C0157-W08,C0157,8,skipped,0
C0157-W09,C0157,9,completed,2
C0157-W10,C0157,10,completed,4
C0157-W11,C0157,11,completed,3
C0157-W12,C0157,12,completed,2
C0158-W01,C0158,1,completed,4
C0158-W02,C0158,2,completed,4
C0158-W03,C0158,3,completed,3
C0158-W04,C0158,4,completed,2
C0158-W05,C0158,5,completed,4
C0158-W06,C0158,6,completed,2
C0158-W07,C0158,7,completed,4
C0158-W08,C0158,8,skipped,0
C0158-W09,C0158,9,late,4
C0158-W10,C0158,10,completed,4
C0158-W11,C0158,11,skipped,0
C0158-W12,C0158,12,completed,3
C0159-W01,C0159,1,completed,4
C0159-W02,C0159,2,completed,3
C0159-W03,C0159,3,late,2
C0159-W04,C0159,4,completed,3
C0159-W05,C0159,5,completed,2
C0159-W06,C0159,6,late,2
C0159-W07,C0159,7,completed,2
C0159-W08,C0159,8,skipped,0
C0159-W09,C0159,9,completed,3
C0159-W10,C0159,10,completed,2
C0159-W11,C0159,11,completed,4
C0159-W12,C0159,12,skipped,0
C0160-W01,C0160,1,completed,3
C0160-W02,C0160,2,skipped,0
C0160-W03,C0160,3,completed,2
C0160-W04,C0160,4,completed,3
C0160-W05,C0160,5,completed,4
C0160-W06,C0160,6,completed,4
C0160-W07,C0160,7,completed,2
C0160-W08,C0160,8,completed,3
C0160-W09,C0160,9,skipped,0
C0160-W10,C0160,10,completed,2
C0160-W11,C0160,11,completed,3
C0160-W12,C0160,12,skipped,0
C0161-W01,C0161,1,completed,4
C0161-W02,C0161,2,completed,3
C0161-W03,C0161,3,late,4
C0161-W04,C0161,4,late,4
C0161-W05,C0161,5,skipped,0
C0161-W06,C0161,6,skipped,0
C0161-W07,C0161,7,completed,4
C0161-W08,C0161,8,completed,4
C0161-W09,C0161,9,late,2
C0161-W10,C0161,10,completed,4
C0161-W11,C0161,11,completed,3
C0161-W12,C0161,12,completed,3
C0162-W01,C0162,1,skipped,0
C0162-W02,C0162,2,completed,3
C0162-W03,C0162,3,completed,2
C0162-W04,C0162,4,completed,2
C0162-W05,C0162,5,completed,4
C0162-W06,C0162,6,completed,4
C0162-W07,C0162,7,completed,3
C0162-W08,C0162,8,completed,2
C0162-W09,C0162,9,completed,4
C0162-W10,C0162,10,completed,4
C0162-W11,C0162,11,completed,3
C0162-W12,C0162,12,completed,2
C0163-W01,C0163,1,skipped,0
C0163-W02,C0163,2,skipped,0
C0163-W03,C0163,3,completed,3
C0163-W04,C0163,4,completed,2
C0163-W05,C0163,5,completed,3
C0163-W06,C0163,6,completed,3
C0163-W07,C0163,7,late,3
C0163-W08,C0163,8,completed,3
C0163-W09,C0163,9,completed,2
C0163-W10,C0163,10,completed,2
C0163-W11,C0163,11,skipped,0
C0163-W12,C0163,12,completed,4
C0164-W01,C0164,1,completed,4
C0164-W02,C0164,2,completed,4
C0164-W03,C0164,3,completed,2
C0164-W04,C0164,4,completed,2
C0164-W05,C0164,5,completed,2
C0164-W06,C0164,6,completed,3
C0164-W07,C0164,7,skipped,0
C0164-W08,C0164,8,completed,4
C0164-W09,C0164,9,completed,2
C0164-W10,C0164,10,completed,2
C0164-W11,C0164,11,late,3
C0164-W12,C0164,12,completed,4
C0165-W01,C0165,1,completed,2
C0165-W02,C0165,2,completed,2
C0165-W03,C0165,3,skipped,0
C0165-W04,C0165,4,completed,4
C0165-W05,C0165,5,completed,4
C0165-W06,C0165,6,completed,3
C0165-W07,C0165,7,completed,2
C0165-W08,C0165,8,completed,3
C0165-W09,C0165,9,completed,3
C0165-W10,C0165,10,completed,2
C0165-W11,C0165,11,completed,3
C0165-W12,C0165,12,late,3
C0166-W01,C0166,1,skipped,0
C0166-W02,C0166,2,completed,2
C0166-W03,C0166,3,completed,3
C0166-W04,C0166,4,completed,4
C0166-W05,C0166,5,completed,2
C0166-W06,C0166,6,completed,4
C0166-W07,C0166,7,completed,3
C0166-W08,C0166,8,completed,4
C0166-W09,C0166,9,completed,2
C0166-W10,C0166,10,completed,3
C0166-W11,C0166,11,skipped,0
C0166-W12,C0166,12,completed,4
C0167-W01,C0167,1,completed,3
C0167-W02,C0167,2,completed,4
C0167-W03,C0167,3,completed,4
C0167-W04,C0167,4,skipped,0
C0167-W05,C0167,5,completed,3
C0167-W06,C0167,6,completed,4
C0167-W07,C0167,7,completed,4
C0167-W08,C0167,8,completed,4
C0167-W09,C0167,9,completed,4
C0167-W10,C0167,10,skipped,0
C0167-W11,C0167,11,completed,2
C0167-W12,C0167,12,completed,3
C0168-W01,C0168,1,skipped,0
C0168-W02,C0168,2,completed,4
C0168-W03,C0168,3,completed,2
C0168-W04,C0168,4,completed,4
C0168-W05,C0168,5,completed,2
C0168-W06,C0168,6,skipped,0
C0168-W07,C0168,7,completed,3
C0168-W08,C0168,8,completed,2
C0168-W09,C0168,9,completed,3
C0168-W10,C0168,10,completed,3
C0168-W11,C0168,11,completed,3
C0168-W12,C0168,12,late,4
C0169-W01,C0169,1,completed,4
C0169-W02,C0169,2,completed,4
C0169-W03,C0169,3,late,3
C0169-W04,C0169,4,late,4
C0169-W05,C0169,5,skipped,0
C0169-W06,C0169,6,completed,3
C0169-W07,C0169,7,late,4
C0169-W08,C0169,8,completed,4
C0169-W09,C0169,9,skipped,0
C0169-W10,C0169,10,completed,3
C0169-W11,C0169,11,skipped,0
C0169-W12,C0169,12,completed,3
C0170-W01,C0170,1,late,2
C0170-W02,C0170,2,completed,2
C0170-W03,C0170,3,completed,4
C0170-W04,C0170,4,completed,2
C0170-W05,C0170,5,late,3
C0170-W06,C0170,6,completed,3
C0170-W07,C0170,7,completed,3
C0170-W08,C0170,8,completed,3
C0170-W09,C0170,9,completed,2
C0170-W10,C0170,10,completed,2
C0170-W11,C0170,11,completed,2
C0170-W12,C0170,12,completed,2
C0171-W01,C0171,1,completed,4
C0171-W02,C0171,2,completed,4
C0171-W03,C0171,3,completed,2
C0171-W04,C0171,4,completed,4
C0171-W05,C0171,5,completed,2
C0171-W06,C0171,6,skipped,0
C0171-W07,C0171,7,completed,2
C0171-W08,C0171,8,completed,2
C0171-W09,C0171,9,completed,4
C0171-W10,C0171,10,completed,2
C0171-W11,C0171,11,completed,4
C0171-W12,C0171,12,skipped,0
C0172-W01,C0172,1,completed,2
C0172-W02,C0172,2,skipped,0
C0172-W03,C0172,3,completed,3
C0172-W04,C0172,4,completed,2
C0172-W05,C0172,5,late,4
C0172-W06,C0172,6,late,2
C0172-W07,C0172,7,skipped,0
C0172-W08,C0172,8,completed,2
C0172-W09,C0172,9,completed,3
C0172-W10,C0172,10,completed,2
C0172-W11,C0172,11,completed,2
C0172-W12,C0172,12,completed,2
C0173-W01,C0173,1,completed,2
C0173-W02,C0173,2,completed,2
C0173-W03,C0173,3,completed,4
C0173-W04,C0173,4,completed,4
C0173-W05,C0173,5,completed,4
C0173-W06,C0173,6,completed,2
C0173-W07,C0173,7,completed,3
C0173-W08,C0173,8,completed,2
C0173-W09,C0173,9,completed,3
C0173-W10,C0173,10,completed,2
C0173-W11,C0173,11,completed,3
C0173-W12,C0173,12,completed,4
C0174-W01,C0174,1,late,4
C0174-W02,C0174,2,completed,2
C0174-W03,C0174,3,completed,3
C0174-W04,C0174,4,completed,4
C0174-W05,C0174,5,completed,4
C0174-W06,C0174,6,completed,4
C0174-W07,C0174,7,skipped,0
C0174-W08,C0174,8,completed,3
C0174-W09,C0174,9,completed,4
C0174-W10,C0174,10,skipped,0
C0174-W11,C0174,11,completed,4
C0174-W12,C0174,12,completed,4
C0175-W01,C0175,1,completed,4
C0175-W02,C0175,2,completed,3
C0175-W03,C0175,3,completed,4
C0175-W04,C0175,4,skipped,0
C0175-W05,C0175,5,completed,2
C0175-W06,C0175,6,completed,3
C0175-W07,C0175,7,completed,4
C0175-W08,C0175,8,completed,3
C0175-W09,C0175,9,completed,3
C0175-W10,C0175,10,completed,4
C0175-W11,C0175,11,completed,3
C0175-W12,C0175,12,skipped,0
C0176-W01,C0176,1,completed,4
C0176-W02,C0176,2,completed,4
C0176-W03,C0176,3,completed,2
C0176-W04,C0176,4,completed,3
C0176-W05,C0176,5,completed,4
C0176-W06,C0176,6,completed,3
C0176-W07,C0176,7,completed,3
C0176-W08,C0176,8,completed,3
C0176-W09,C0176,9,completed,4
C0176-W10,C0176,10,completed,2
C0176-W11,C0176,11,completed,2
C0176-W12,C0176,12,completed,4
C0177-W01,C0177,1,skipped,0
C0177-W02,C0177,2,completed,3
C0177-W03,C0177,3,skipped,0
C0177-W04,C0177,4,completed,4
C0177-W05,C0177,5,completed,2
C0177-W06,C0177,6,completed,2
C0177-W07,C0177,7,completed,2
C0177-W08,C0177,8,completed,3
C0177-W09,C0177,9,skipped,0
C0177-W10,C0177,10,skipped,0
C0177-W11,C0177,11,completed,2
C0177-W12,C0177,12,skipped,0
C0178-W01,C0178,1,skipped,0
C0178-W02,C0178,2,completed,2
C0178-W03,C0178,3,skipped,0
C0178-W04,C0178,4,skipped,0
C0178-W05,C0178,5,late,4
C0178-W06,C0178,6,completed,2
C0178-W07,C0178,7,completed,3
C0178-W08,C0178,8,skipped,0
C0178-W09,C0178,9,completed,4
C0178-W10,C0178,10,late,2
C0178-W11,C0178,11,completed,3
C0178-W12,C0178,12,completed,2
C0179-W01,C0179,1,late,4
C0179-W02,C0179,2,completed,2
C0179-W03,C0179,3,completed,4
C0179-W04,C0179,4,completed,2
C0179-W05,C0179,5,completed,3
C0179-W06,C0179,6,completed,4
C0179-W07,C0179,7,late,4
C0179-W08,C0179,8,completed,2
C0179-W09,C0179,9,completed,4
C0179-W10,C0179,10,completed,2
C0179-W11,C0179,11,completed,2
C0179-W12,C0179,12,skipped,0
C0180-W01,C0180,1,completed,2
C0180-W02,C0180,2,completed,4
C0180-W03,C0180,3,late,2
C0180-W04,C0180,4,skipped,0
C0180-W05,C0180,5,completed,2
C0180-W06,C0180,6,completed,3
C0180-W07,C0180,7,completed,3
C0180-W08,C0180,8,completed,3
C0180-W09,C0180,9,completed,3
C0180-W10,C0180,10,completed,2
C0180-W11,C0180,11,skipped,0
C0180-W12,C0180,12,completed,4
C0181-W01,C0181,1,completed,2
C0181-W02,C0181,2,skipped,0
C0181-W03,C0181,3,completed,2
C0181-W04,C0181,4,completed,3
C0181-W05,C0181,5,completed,2
C0181-W06,C0181,6,completed,3
C0181-W07,C0181,7,late,4
C0181-W08,C0181,8,completed,3
C0181-W09,C0181,9,completed,4
C0181-W10,C0181,10,completed,2
C0181-W11,C0181,11,skipped,0
C0181-W12,C0181,12,completed,4
C0182-W01,C0182,1,completed,3
C0182-W02,C0182,2,skipped,0
C0182-W03,C0182,3,completed,3
C0182-W04,C0182,4,completed,4
C0182-W05,C0182,5,skipped,0
C0182-W06,C0182,6,completed,2
C0182-W07,C0182,7,completed,3
C0182-W08,C0182,8,completed,2
C0182-W09,C0182,9,completed,3
C0182-W10,C0182,10,late,3
C0182-W11,C0182,11,completed,3
C0182-W12,C0182,12,completed,4
C0183-W01,C0183,1,completed,4
C0183-W02,C0183,2,completed,4
C0183-W03,C0183,3,completed,4
C0183-W04,C0183,4,completed,2
C0183-W05,C0183,5,completed,4
C0183-W06,C0183,6,skipped,0
C0183-W07,C0183,7,completed,4
C0183-W08,C0183,8,completed,3
C0183-W09,C0183,9,completed,2
C0183-W10,C0183,10,completed,3
C0183-W11,C0183,11,completed,2
C0183-W12,C0183,12,skipped,0
C0184-W01,C0184,1,completed,2
C0184-W02,C0184,2,completed,2
C0184-W03,C0184,3,completed,4
C0184-W04,C0184,4,completed,3
C0184-W05,C0184,5,completed,2
C0184-W06,C0184,6,completed,2
C0184-W07,C0184,7,completed,4
C0184-W08,C0184,8,completed,4
C0184-W09,C0184,9,completed,4
C0184-W10,C0184,10,skipped,0
C0184-W11,C0184,11,completed,4
C0184-W12,C0184,12,completed,2
C0185-W01,C0185,1,completed,4
C0185-W02,C0185,2,completed,2
C0185-W03,C0185,3,late,3
C0185-W04,C0185,4,completed,4
C0185-W05,C0185,5,completed,2
C0185-W06,C0185,6,late,4
C0185-W07,C0185,7,completed,4
C0185-W08,C0185,8,completed,4
C0185-W09,C0185,9,completed,3
C0185-W10,C0185,10,completed,3
C0185-W11,C0185,11,completed,3
C0185-W12,C0185,12,completed,3
C0186-W01,C0186,1,completed,3
C0186-W02,C0186,2,completed,2
C0186-W03,C0186,3,completed,4
C0186-W04,C0186,4,completed,2
C0186-W05,C0186,5,late,4
C0186-W06,C0186,6,completed,4
C0186-W07,C0186,7,completed,2
C0186-W08,C0186,8,completed,2
C0186-W09,C0186,9,skipped,0
C0186-W10,C0186,10,skipped,0
C0186-W11,C0186,11,completed,4
C0186-W12,C0186,12,completed,3
C0187-W01,C0187,1,completed,3
C0187-W02,C0187,2,completed,4
C0187-W03,C0187,3,late,3
C0187-W04,C0187,4,completed,3
C0187-W05,C0187,5,completed,4
C0187-W06,C0187,6,skipped,0
C0187-W07,C0187,7,completed,3
C0187-W08,C0187,8,completed,4
C0187-W09,C0187,9,completed,2
C0187-W10,C0187,10,skipped,0
C0187-W11,C0187,11,completed,4
C0187-W12,C0187,12,completed,4
C0188-W01,C0188,1,completed,4
C0188-W02,C0188,2,skipped,0
C0188-W03,C0188,3,completed,4
C0188-W04,C0188,4,skipped,0
C0188-W05,C0188,5,completed,3
C0188-W06,C0188,6,completed,3
C0188-W07,C0188,7,completed,4
C0188-W08,C0188,8,completed,4
C0188-W09,C0188,9,completed,3
C0188-W10,C0188,10,late,2
C0188-W11,C0188,11,completed,2
C0188-W12,C0188,12,skipped,0
C0189-W01,C0189,1,completed,3
C0189-W02,C0189,2,skipped,0
C0189-W03,C0189,3,completed,2
C0189-W04,C0189,4,completed,4
C0189-W05,C0189,5,completed,4
C0189-W06,C0189,6,completed,2
C0189-W07,C0189,7,completed,2
C0189-W08,C0189,8,late,2
C0189-W09,C0189,9,completed,2
C0189-W10,C0189,10,completed,2
C0189-W11,C0189,11,completed,2
C0189-W12,C0189,12,completed,2
C0190-W01,C0190,1,completed,4
C0190-W02,C0190,2,completed,2
C0190-W03,C0190,3,completed,4
C0190-W04,C0190,4,completed,3
C0190-W05,C0190,5,completed,3
C0190-W06,C0190,6,completed,2
C0190-W07,C0190,7,completed,4
C0190-W08,C0190,8,completed,2
C0190-W09,C0190,9,completed,3
C0190-W10,C0190,10,completed,3
C0190-W11,C0190,11,completed,4
C0190-W12,C0190,12,completed,2
C0191-W01,C0191,1,late,3
C0191-W02,C0191,2,skipped,0
C0191-W03,C0191,3,completed,2
C0191-W04,C0191,4,late,2
C0191-W05,C0191,5,completed,4
C0191-W06,C0191,6,skipped,0
C0191-W07,C0191,7,completed,4
C0191-W08,C0191,8,completed,3
C0191-W09,C0191,9,completed,3
C0191-W10,C0191,10,late,2
C0191-W11,C0191,11,completed,3
C0191-W12,C0191,12,late,4
C0192-W01,C0192,1,completed,3
C0192-W02,C0192,2,completed,4
C0192-W03,C0192,3,skipped,0
C0192-W04,C0192,4,skipped,0
C0192-W05,C0192,5,skipped,0
C0192-W06,C0192,6,completed,4
C0192-W07,C0192,7,completed,3
C0192-W08,C0192,8,completed,4
C0192-W09,C0192,9,skipped,0
C0192-W10,C0192,10,late,4
C0192-W11,C0192,11,completed,4
C0192-W12,C0192,12,completed,4
C0193-W01,C0193,1,completed,3
C0193-W02,C0193,2,completed,3
C0193-W03,C0193,3,completed,3
C0193-W04,C0193,4,completed,4
C0193-W05,C0193,5,completed,4
C0193-W06,C0193,6,completed,3
C0193-W07,C0193,7,completed,3
C0193-W08,C0193,8,late,2
C0193-W09,C0193,9,completed,4
C0193-W10,C0193,10,completed,4
C0193-W11,C0193,11,completed,3
C0193-W12,C0193,12,completed,4
C0194-W01,C0194,1,completed,3
C0194-W02,C0194,2,completed,2
C0194-W03,C0194,3,skipped,0
C0194-W04,C0194,4,completed,2
C0194-W05,C0194,5,completed,3
C0194-W06,C0194,6,completed,2
C0194-W07,C0194,7,late,4
C0194-W08,C0194,8,completed,3
C0194-W09,C0194,9,completed,4
C0194-W10,C0194,10,completed,3
C0194-W11,C0194,11,completed,4
C0194-W12,C0194,12,completed,3
C0195-W01,C0195,1,completed,3
C0195-W02,C0195,2,completed,2
C0195-W03,C0195,3,completed,4
C0195-W04,C0195,4,completed,4
C0195-W05,C0195,5,completed,2
C0195-W06,C0195,6,completed,3
C0195-W07,C0195,7,completed,4
C0195-W08,C0195,8,completed,3
C0195-W09,C0195,9,skipped,0
C0195-W10,C0195,10,completed,2
C0195-W11,C0195,11,completed,2
C0195-W12,C0195,12,completed,3
C0196-W01,C0196,1,completed,3
C0196-W02,C0196,2,completed,2
C0196-W03,C0196,3,completed,2
C0196-W04,C0196,4,completed,2
C0196-W05,C0196,5,completed,4
C0196-W06,C0196,6,completed,3
C0196-W07,C0196,7,completed,4
C0196-W08,C0196,8,completed,4
C0196-W09,C0196,9,completed,4
C0196-W10,C0196,10,completed,2
C0196-W11,C0196,11,completed,3
C0196-W12,C0196,12,completed,3
C0197-W01,C0197,1,completed,2
C0197-W02,C0197,2,completed,4
C0197-W03,C0197,3,skipped,0
C0197-W04,C0197,4,completed,3
C0197-W05,C0197,5,completed,3
C0197-W06,C0197,6,completed,4
C0197-W07,C0197,7,completed,4
C0197-W08,C0197,8,skipped,0
C0197-W09,C0197,9,skipped,0
C0197-W10,C0197,10,completed,2
C0197-W11,C0197,11,skipped,0
C0197-W12,C0197,12,completed,4
C0198-W01,C0198,1,late,2
C0198-W02,C0198,2,completed,4
C0198-W03,C0198,3,completed,3
C0198-W04,C0198,4,completed,3
C0198-W05,C0198,5,completed,3
C0198-W06,C0198,6,completed,2
C0198-W07,C0198,7,completed,4
C0198-W08,C0198,8,completed,3
C0198-W09,C0198,9,completed,4
C0198-W10,C0198,10,late,3
C0198-W11,C0198,11,completed,4
C0198-W12,C0198,12,completed,2
C0199-W01,C0199,1,completed,4
C0199-W02,C0199,2,completed,2
C0199-W03,C0199,3,completed,4
C0199-W04,C0199,4,completed,2
C0199-W05,C0199,5,late,3
C0199-W06,C0199,6,completed,2
C0199-W07,C0199,7,completed,2
C0199-W08,C0199,8,completed,3
C0199-W09,C0199,9,completed,2
C0199-W10,C0199,10,completed,2
C0199-W11,C0199,11,completed,4
C0199-W12,C0199,12,completed,4
C0200-W01,C0200,1,completed,2
C0200-W02,C0200,2,completed,4
C0200-W03,C0200,3,completed,4
C0200-W04,C0200,4,late,3
C0200-W05,C0200,5,completed,3
C0200-W06,C0200,6,completed,3
C0200-W07,C0200,7,completed,2
C0200-W08,C0200,8,completed,2
C0200-W09,C0200,9,skipped,0
C0200-W10,C0200,10,completed,2
C0200-W11,C0200,11,completed,2
C0200-W12,C0200,12,completed,2
C0201-W01,C0201,1,completed,3
C0201-W02,C0201,2,completed,3
C0201-W03,C0201,3,skipped,0
C0201-W04,C0201,4,completed,3
C0201-W05,C0201,5,completed,4
C0201-W06,C0201,6,completed,3
C0201-W07,C0201,7,completed,3
C0201-W08,C0201,8,completed,3
C0201-W09,C0201,9,skipped,0
C0201-W10,C0201,10,completed,3
C0201-W11,C0201,11,completed,4
C0201-W12,C0201,12,completed,4
C0202-W01,C0202,1,completed,2
C0202-W02,C0202,2,completed,2
C0202-W03,C0202,3,completed,2
C0202-W04,C0202,4,completed,4
C0202-W05,C0202,5,completed,3
C0202-W06,C0202,6,completed,4
C0202-W07,C0202,7,completed,4
C0202-W08,C0202,8,completed,4
C0202-W09,C0202,9,completed,2
C0202-W10,C0202,10,completed,2
C0202-W11,C0202,11,completed,3
C0202-W12,C0202,12,completed,4
C0203-W01,C0203,1,completed,3
C0203-W02,C0203,2,completed,2
C0203-W03,C0203,3,completed,4
C0203-W04,C0203,4,skipped,0
C0203-W05,C0203,5,completed,2
C0203-W06,C0203,6,completed,4
C0203-W07,C0203,7,completed,2
C0203-W08,C0203,8,skipped,0
C0203-W09,C0203,9,completed,2
C0203-W10,C0203,10,completed,4
C0203-W11,C0203,11,late,4
C0203-W12,C0203,12,completed,4
C0204-W01,C0204,1,completed,4
C0204-W02,C0204,2,late,2
C0204-W03,C0204,3,skipped,0
C0204-W04,C0204,4,completed,2
C0204-W05,C0204,5,completed,2
C0204-W06,C0204,6,completed,4
C0204-W07,C0204,7,completed,3
C0204-W08,C0204,8,completed,3
C0204-W09,C0204,9,completed,4
C0204-W10,C0204,10,late,2
C0204-W11,C0204,11,completed,4
C0204-W12,C0204,12,completed,4
C0205-W01,C0205,1,completed,4
C0205-W02,C0205,2,completed,3
C0205-W03,C0205,3,skipped,0
C0205-W04,C0205,4,completed,3
C0205-W05,C0205,5,completed,4
C0205-W06,C0205,6,completed,3
C0205-W07,C0205,7,completed,3
C0205-W08,C0205,8,completed,3
C0205-W09,C0205,9,completed,2
C0205-W10,C0205,10,skipped,0
C0205-W11,C0205,11,completed,4
C0205-W12,C0205,12,completed,3
C0206-W01,C0206,1,completed,4
C0206-W02,C0206,2,completed,3
C0206-W03,C0206,3,completed,2
C0206-W04,C0206,4,completed,4
C0206-W05,C0206,5,completed,4
C0206-W06,C0206,6,skipped,0
C0206-W07,C0206,7,completed,2
C0206-W08,C0206,8,completed,4
C0206-W09,C0206,9,completed,3
C0206-W10,C0206,10,completed,4
C0206-W11,C0206,11,completed,2
C0206-W12,C0206,12,completed,2
C0207-W01,C0207,1,completed,2
C0207-W02,C0207,2,completed,2
C0207-W03,C0207,3,completed,2
C0207-W04,C0207,4,late,4
C0207-W05,C0207,5,completed,3
C0207-W06,C0207,6,skipped,0
C0207-W07,C0207,7,completed,3
C0207-W08,C0207,8,completed,2
C0207-W09,C0207,9,completed,3
C0207-W10,C0207,10,skipped,0
C0207-W11,C0207,11,skipped,0
C0207-W12,C0207,12,completed,2
C0208-W01,C0208,1,completed,2
C0208-W02,C0208,2,skipped,0
C0208-W03,C0208,3,completed,2
C0208-W04,C0208,4,completed,2
C0208-W05,C0208,5,completed,3
C0208-W06,C0208,6,skipped,0
C0208-W07,C0208,7,skipped,0
C0208-W08,C0208,8,completed,3
C0208-W09,C0208,9,completed,2
C0208-W10,C0208,10,late,2
C0208-W11,C0208,11,completed,3
C0208-W12,C0208,12,completed,4
C0209-W01,C0209,1,completed,2
C0209-W02,C0209,2,completed,2
C0209-W03,C0209,3,completed,4
C0209-W04,C0209,4,completed,3
C0209-W05,C0209,5,completed,2
C0209-W06,C0209,6,completed,2
C0209-W07,C0209,7,completed,2
C0209-W08,C0209,8,completed,2
C0209-W09,C0209,9,completed,4
C0209-W10,C0209,10,completed,3
C0209-W11,C0209,11,completed,3
C0209-W12,C0209,12,completed,4
C0210-W01,C0210,1,completed,3
C0210-W02,C0210,2,completed,4
C0210-W03,C0210,3,completed,2
C0210-W04,C0210,4,completed,4
C0210-W05,C0210,5,completed,2
C0210-W06,C0210,6,completed,4
C0210-W07,C0210,7,late,4
C0210-W08,C0210,8,completed,3
C0210-W09,C0210,9,completed,2
C0210-W10,C0210,10,skipped,0
C0210-W11,C0210,11,completed,4
C0210-W12,C0210,12,skipped,0
C0211-W01,C0211,1,completed,3
C0211-W02,C0211,2,completed,4
C0211-W03,C0211,3,completed,4
C0211-W04,C0211,4,completed,4
C0211-W05,C0211,5,completed,2
C0211-W06,C0211,6,completed,3
C0211-W07,C0211,7,completed,4
C0211-W08,C0211,8,completed,2
C0211-W09,C0211,9,completed,3
C0211-W10,C0211,10,completed,2
C0211-W11,C0211,11,skipped,0
C0211-W12,C0211,12,completed,4
C0212-W01,C0212,1,completed,2
C0212-W02,C0212,2,completed,3
C0212-W03,C0212,3,completed,2
C0212-W04,C0212,4,completed,3
C0212-W05,C0212,5,completed,4
C0212-W06,C0212,6,skipped,0
C0212-W07,C0212,7,completed,4
C0212-W08,C0212,8,completed,4
C0212-W09,C0212,9,completed,4
C0212-W10,C0212,10,skipped,0
C0212-W11,C0212,11,completed,2
C0212-W12,C0212,12,completed,4
C0213-W01,C0213,1,completed,2
C0213-W02,C0213,2,completed,3
C0213-W03,C0213,3,completed,4
C0213-W04,C0213,4,completed,2
C0213-W05,C0213,5,completed,3
C0213-W06,C0213,6,completed,3
C0213-W07,C0213,7,late,4
C0213-W08,C0213,8,completed,4
C0213-W09,C0213,9,completed,4
C0213-W10,C0213,10,completed,3
C0213-W11,C0213,11,completed,3
C0213-W12,C0213,12,skipped,0
C0214-W01,C0214,1,late,4
C0214-W02,C0214,2,completed,4
C0214-W03,C0214,3,late,3
C0214-W04,C0214,4,completed,2
C0214-W05,C0214,5,completed,3
C0214-W06,C0214,6,completed,3
C0214-W07,C0214,7,completed,2
C0214-W08,C0214,8,skipped,0
C0214-W09,C0214,9,completed,4
C0214-W10,C0214,10,late,3
C0214-W11,C0214,11,completed,4
C0214-W12,C0214,12,completed,2
C0215-W01,C0215,1,completed,3
C0215-W02,C0215,2,completed,2
C0215-W03,C0215,3,completed,3
C0215-W04,C0215,4,completed,2
C0215-W05,C0215,5,completed,2
C0215-W06,C0215,6,completed,3
C0215-W07,C0215,7,completed,2
C0215-W08,C0215,8,late,2
C0215-W09,C0215,9,completed,4
C0215-W10,C0215,10,late,3
C0215-W11,C0215,11,completed,4
C0215-W12,C0215,12,completed,3
C0216-W01,C0216,1,completed,3
C0216-W02,C0216,2,completed,2
C0216-W03,C0216,3,completed,4
C0216-W04,C0216,4,skipped,0
C0216-W05,C0216,5,completed,4
C0216-W06,C0216,6,completed,3
C0216-W07,C0216,7,completed,3
C0216-W08,C0216,8,completed,3
C0216-W09,C0216,9,completed,3
C0216-W10,C0216,10,completed,3
C0216-W11,C0216,11,completed,4
C0216-W12,C0216,12,completed,2
C0217-W01,C0217,1,late,3
C0217-W02,C0217,2,completed,3
C0217-W03,C0217,3,completed,2
C0217-W04,C0217,4,completed,4
C0217-W05,C0217,5,skipped,0
C0217-W06,C0217,6,completed,3
C0217-W07,C0217,7,skipped,0
C0217-W08,C0217,8,completed,2
C0217-W09,C0217,9,completed,4
C0217-W10,C0217,10,completed,3
C0217-W11,C0217,11,completed,2
C0217-W12,C0217,12,completed,3
C0218-W01,C0218,1,completed,4
C0218-W02,C0218,2,completed,4
C0218-W03,C0218,3,completed,4
C0218-W04,C0218,4,completed,4
C0218-W05,C0218,5,completed,4
C0218-W06,C0218,6,late,2
C0218-W07,C0218,7,skipped,0
C0218-W08,C0218,8,completed,2
C0218-W09,C0218,9,completed,4
C0218-W10,C0218,10,late,4
C0218-W11,C0218,11,completed,4
C0218-W12,C0218,12,completed,4
C0219-W01,C0219,1,late,4
C0219-W02,C0219,2,completed,2
C0219-W03,C0219,3,skipped,0
C0219-W04,C0219,4,completed,2
C0219-W05,C0219,5,completed,3
C0219-W06,C0219,6,completed,2
C0219-W07,C0219,7,completed,4
C0219-W08,C0219,8,completed,3
C0219-W09,C0219,9,completed,3
C0219-W10,C0219,10,completed,4
C0219-W11,C0219,11,completed,2
C0219-W12,C0219,12,completed,2
C0220-W01,C0220,1,completed,2
C0220-W02,C0220,2,completed,4
C0220-W03,C0220,3,completed,4
C0220-W04,C0220,4,completed,3
C0220-W05,C0220,5,completed,2
C0220-W06,C0220,6,skipped,0
C0220-W07,C0220,7,completed,2
C0220-W08,C0220,8,skipped,0
C0220-W09,C0220,9,completed,3
C0220-W10,C0220,10,completed,2
C0220-W11,C0220,11,skipped,0
C0220-W12,C0220,12,late,2
C0221-W01,C0221,1,completed,4
C0221-W02,C0221,2,completed,2
C0221-W03,C0221,3,completed,3
C0221-W04,C0221,4,completed,4
C0221-W05,C0221,5,completed,3
C0221-W06,C0221,6,completed,3
C0221-W07,C0221,7,completed,3
C0221-W08,C0221,8,completed,4
C0221-W09,C0221,9,completed,2
C0221-W10,C0221,10,completed,3
C0221-W11,C0221,11,skipped,0
C0221-W12,C0221,12,completed,2
C0222-W01,C0222,1,completed,3
C0222-W02,C0222,2,completed,2
C0222-W03,C0222,3,completed,4
C0222-W04,C0222,4,completed,2
C0222-W05,C0222,5,skipped,0
C0222-W06,C0222,6,skipped,0
C0222-W07,C0222,7,completed,2
C0222-W08,C0222,8,completed,4
C0222-W09,C0222,9,completed,3
C0222-W10,C0222,10,skipped,0
C0222-W11,C0222,11,skipped,0
C0222-W12,C0222,12,completed,3
C0223-W01,C0223,1,completed,2
C0223-W02,C0223,2,completed,4
C0223-W03,C0223,3,skipped,0
C0223-W04,C0223,4,skipped,0
C0223-W05,C0223,5,completed,2
C0223-W06,C0223,6,skipped,0
C0223-W07,C0223,7,late,2
C0223-W08,C0223,8,late,2
C0223-W09,C0223,9,completed,4
C0223-W10,C0223,10,completed,2
C0223-W11,C0223,11,completed,2
C0223-W12,C0223,12,skipped,0
C0224-W01,C0224,1,completed,4
C0224-W02,C0224,2,completed,4
C0224-W03,C0224,3,late,2
C0224-W04,C0224,4,skipped,0
C0224-W05,C0224,5,late,4
C0224-W06,C0224,6,completed,4
C0224-W07,C0224,7,completed,2
C0224-W08,C0224,8,completed,4
C0224-W09,C0224,9,skipped,0
C0224-W10,C0224,10,late,3
C0224-W11,C0224,11,completed,2
C0224-W12,C0224,12,late,4
C0225-W01,C0225,1,completed,2
C0225-W02,C0225,2,completed,2
C0225-W03,C0225,3,completed,4
C0225-W04,C0225,4,completed,3
C0225-W05,C0225,5,late,2
C0225-W06,C0225,6,completed,2
C0225-W07,C0225,7,completed,2
C0225-W08,C0225,8,late,3
C0225-W09,C0225,9,completed,4
C0225-W10,C0225,10,completed,4
C0225-W11,C0225,11,completed,2
C0225-W12,C0225,12,completed,2
C0226-W01,C0226,1,completed,3
C0226-W02,C0226,2,completed,2
C0226-W03,C0226,3,skipped,0
C0226-W04,C0226,4,completed,3
C0226-W05,C0226,5,skipped,0
C0226-W06,C0226,6,completed,4
C0226-W07,C0226,7,skipped,0
C0226-W08,C0226,8,completed,2
C0226-W09,C0226,9,skipped,0
C0226-W10,C0226,10,completed,3
C0226-W11,C0226,11,skipped,0
C0226-W12,C0226,12,skipped,0
C0227-W01,C0227,1,skipped,0
C0227-W02,C0227,2,skipped,0
C0227-W03,C0227,3,completed,3
C0227-W04,C0227,4,completed,2
C0227-W05,C0227,5,skipped,0
C0227-W06,C0227,6,skipped,0
C0227-W07,C0227,7,completed,3
C0227-W08,C0227,8,completed,2
C0227-W09,C0227,9,skipped,0
C0227-W10,C0227,10,completed,2
C0227-W11,C0227,11,skipped,0
C0227-W12,C0227,12,completed,2
C0228-W01,C0228,1,completed,4
C0228-W02,C0228,2,completed,4
C0228-W03,C0228,3,completed,2
C0228-W04,C0228,4,completed,3
C0228-W05,C0228,5,skipped,0
C0228-W06,C0228,6,skipped,0
C0228-W07,C0228,7,completed,2
C0228-W08,C0228,8,skipped,0
C0228-W09,C0228,9,skipped,0
C0228-W10,C0228,10,completed,2
C0228-W11,C0228,11,completed,2
C0228-W12,C0228,12,completed,4
C0229-W01,C0229,1,completed,2
C0229-W02,C0229,2,skipped,0
C0229-W03,C0229,3,completed,4
C0229-W04,C0229,4,completed,4
C0229-W05,C0229,5,completed,3
C0229-W06,C0229,6,completed,4
C0229-W07,C0229,7,skipped,0
C0229-W08,C0229,8,completed,3
C0229-W09,C0229,9,completed,2
C0229-W10,C0229,10,completed,4
C0229-W11,C0229,11,skipped,0
C0229-W12,C0229,12,late,4
C0230-W01,C0230,1,completed,2
C0230-W02,C0230,2,completed,3
C0230-W03,C0230,3,completed,3
C0230-W04,C0230,4,completed,4
C0230-W05,C0230,5,completed,2
C0230-W06,C0230,6,late,3
C0230-W07,C0230,7,skipped,0
C0230-W08,C0230,8,skipped,0
C0230-W09,C0230,9,late,4
C0230-W10,C0230,10,completed,3
C0230-W11,C0230,11,skipped,0
C0230-W12,C0230,12,skipped,0
C0231-W01,C0231,1,completed,3
C0231-W02,C0231,2,completed,4
C0231-W03,C0231,3,late,3
C0231-W04,C0231,4,completed,4
C0231-W05,C0231,5,completed,4
C0231-W06,C0231,6,completed,4
C0231-W07,C0231,7,completed,4
C0231-W08,C0231,8,completed,2
C0231-W09,C0231,9,late,3
C0231-W10,C0231,10,skipped,0
C0231-W11,C0231,11,completed,2
C0231-W12,C0231,12,skipped,0
C0232-W01,C0232,1,completed,4
C0232-W02,C0232,2,completed,3
C0232-W03,C0232,3,completed,2
C0232-W04,C0232,4,late,4
C0232-W05,C0232,5,skipped,0
C0232-W06,C0232,6,skipped,0
C0232-W07,C0232,7,completed,4
C0232-W08,C0232,8,completed,2
C0232-W09,C0232,9,completed,2
C0232-W10,C0232,10,completed,2
C0232-W11,C0232,11,completed,2
C0232-W12,C0232,12,completed,2
C0233-W01,C0233,1,skipped,0
C0233-W02,C0233,2,skipped,0
C0233-W03,C0233,3,completed,3
C0233-W04,C0233,4,completed,4
C0233-W05,C0233,5,completed,4
C0233-W06,C0233,6,completed,2
C0233-W07,C0233,7,completed,3
C0233-W08,C0233,8,completed,3
C0233-W09,C0233,9,completed,3
C0233-W10,C0233,10,completed,4
C0233-W11,C0233,11,completed,3
C0233-W12,C0233,12,completed,4
C0234-W01,C0234,1,completed,4
C0234-W02,C0234,2,completed,3
C0234-W03,C0234,3,completed,3
C0234-W04,C0234,4,completed,2
C0234-W05,C0234,5,completed,2
C0234-W06,C0234,6,completed,2
C0234-W07,C0234,7,late,3
C0234-W08,C0234,8,completed,3
C0234-W09,C0234,9,completed,3
C0234-W10,C0234,10,completed,4
C0234-W11,C0234,11,late,3
C0234-W12,C0234,12,completed,2
C0235-W01,C0235,1,completed,3
C0235-W02,C0235,2,completed,3
C0235-W03,C0235,3,completed,2
C0235-W04,C0235,4,completed,4
C0235-W05,C0235,5,skipped,0
C0235-W06,C0235,6,completed,2
C0235-W07,C0235,7,completed,2
C0235-W08,C0235,8,completed,3
C0235-W09,C0235,9,completed,4
C0235-W10,C0235,10,completed,2
C0235-W11,C0235,11,completed,3
C0235-W12,C0235,12,completed,4
C0236-W01,C0236,1,completed,4
C0236-W02,C0236,2,completed,3
C0236-W03,C0236,3,completed,4
C0236-W04,C0236,4,completed,2
C0236-W05,C0236,5,completed,4
C0236-W06,C0236,6,completed,2
C0236-W07,C0236,7,completed,3
C0236-W08,C0236,8,completed,3
C0236-W09,C0236,9,late,4
C0236-W10,C0236,10,completed,4
C0236-W11,C0236,11,completed,2
C0236-W12,C0236,12,completed,2
C0237-W01,C0237,1,completed,4
C0237-W02,C0237,2,completed,3
C0237-W03,C0237,3,late,4
C0237-W04,C0237,4,completed,2
C0237-W05,C0237,5,skipped,0
C0237-W06,C0237,6,completed,4
C0237-W07,C0237,7,completed,2
C0237-W08,C0237,8,completed,2
C0237-W09,C0237,9,late,3
C0237-W10,C0237,10,completed,3
C0237-W11,C0237,11,completed,2
C0237-W12,C0237,12,completed,2
C0238-W01,C0238,1,completed,3
C0238-W02,C0238,2,skipped,0
C0238-W03,C0238,3,completed,3
C0238-W04,C0238,4,skipped,0
C0238-W05,C0238,5,completed,3
C0238-W06,C0238,6,completed,4
C0238-W07,C0238,7,completed,3
C0238-W08,C0238,8,completed,4
C0238-W09,C0238,9,completed,2
C0238-W10,C0238,10,skipped,0
C0238-W11,C0238,11,skipped,0
C0238-W12,C0238,12,skipped,0
C0239-W01,C0239,1,completed,3
C0239-W02,C0239,2,late,3
C0239-W03,C0239,3,completed,4
C0239-W04,C0239,4,completed,3
C0239-W05,C0239,5,completed,4
C0239-W06,C0239,6,completed,2
C0239-W07,C0239,7,skipped,0
C0239-W08,C0239,8,completed,2
C0239-W09,C0239,9,completed,3
C0239-W10,C0239,10,completed,3
C0239-W11,C0239,11,late,2
C0239-W12,C0239,12,completed,4
C0240-W01,C0240,1,skipped,0
C0240-W02,C0240,2,completed,2
C0240-W03,C0240,3,completed,4
C0240-W04,C0240,4,completed,2
C0240-W05,C0240,5,skipped,0
C0240-W06,C0240,6,completed,2
C0240-W07,C0240,7,completed,3
C0240-W08,C0240,8,completed,4
C0240-W09,C0240,9,completed,3
C0240-W10,C0240,10,completed,4
C0240-W11,C0240,11,completed,4
C0240-W12,C0240,12,late,4
C0241-W01,C0241,1,completed,3
C0241-W02,C0241,2,completed,4
C0241-W03,C0241,3,late,3
C0241-W04,C0241,4,completed,3
C0241-W05,C0241,5,completed,3
C0241-W06,C0241,6,skipped,0
C0241-W07,C0241,7,completed,3
C0241-W08,C0241,8,completed,4
C0241-W09,C0241,9,completed,2
C0241-W10,C0241,10,completed,3
C0241-W11,C0241,11,completed,4
C0241-W12,C0241,12,completed,3
C0242-W01,C0242,1,completed,3
C0242-W02,C0242,2,completed,4
C0242-W03,C0242,3,skipped,0
C0242-W04,C0242,4,completed,4
C0242-W05,C0242,5,completed,4
C0242-W06,C0242,6,completed,4
C0242-W07,C0242,7,completed,4
C0242-W08,C0242,8,skipped,0
C0242-W09,C0242,9,completed,4
C0242-W10,C0242,10,completed,3
C0242-W11,C0242,11,skipped,0
C0242-W12,C0242,12,completed,3
C0243-W01,C0243,1,skipped,0
C0243-W02,C0243,2,completed,4
C0243-W03,C0243,3,completed,3
C0243-W04,C0243,4,completed,4
C0243-W05,C0243,5,completed,4
C0243-W06,C0243,6,completed,4
C0243-W07,C0243,7,completed,3
C0243-W08,C0243,8,completed,4
C0243-W09,C0243,9,completed,2
C0243-W10,C0243,10,completed,4
C0243-W11,C0243,11,completed,2
C0243-W12,C0243,12,completed,3
C0244-W01,C0244,1,completed,3
C0244-W02,C0244,2,completed,2
C0244-W03,C0244,3,completed,2
C0244-W04,C0244,4,completed,3
C0244-W05,C0244,5,completed,2
C0244-W06,C0244,6,completed,3
C0244-W07,C0244,7,completed,2
C0244-W08,C0244,8,completed,2
C0244-W09,C0244,9,skipped,0
C0244-W10,C0244,10,completed,4
C0244-W11,C0244,11,completed,2
C0244-W12,C0244,12,skipped,0
C0245-W01,C0245,1,completed,3
C0245-W02,C0245,2,completed,4
C0245-W03,C0245,3,late,3
C0245-W04,C0245,4,completed,3
C0245-W05,C0245,5,late,4
C0245-W06,C0245,6,completed,4
C0245-W07,C0245,7,completed,3
C0245-W08,C0245,8,completed,2
C0245-W09,C0245,9,completed,4
C0245-W10,C0245,10,completed,4
C0245-W11,C0245,11,completed,2
C0245-W12,C0245,12,completed,2
C0246-W01,C0246,1,skipped,0
C0246-W02,C0246,2,completed,4
C0246-W03,C0246,3,completed,3
C0246-W04,C0246,4,skipped,0
C0246-W05,C0246,5,completed,3
C0246-W06,C0246,6,completed,2
C0246-W07,C0246,7,skipped,0
C0246-W08,C0246,8,completed,3
C0246-W09,C0246,9,completed,3
C0246-W10,C0246,10,completed,3
C0246-W11,C0246,11,completed,4
C0246-W12,C0246,12,completed,2
C0247-W01,C0247,1,completed,2
C0247-W02,C0247,2,completed,2
C0247-W03,C0247,3,completed,3
C0247-W04,C0247,4,completed,4
C0247-W05,C0247,5,completed,3
C0247-W06,C0247,6,completed,4
C0247-W07,C0247,7,completed,2
C0247-W08,C0247,8,skipped,0
C0247-W09,C0247,9,completed,4
C0247-W10,C0247,10,completed,2
C0247-W11,C0247,11,completed,2
C0247-W12,C0247,12,completed,3
C0248-W01,C0248,1,completed,4
C0248-W02,C0248,2,completed,4
C0248-W03,C0248,3,completed,3
C0248-W04,C0248,4,completed,3
C0248-W05,C0248,5,completed,4
C0248-W06,C0248,6,completed,2
C0248-W07,C0248,7,skipped,0
C0248-W08,C0248,8,completed,3
C0248-W09,C0248,9,completed,3
C0248-W10,C0248,10,completed,4
C0248-W11,C0248,11,completed,3
C0248-W12,C0248,12,completed,3
C0249-W01,C0249,1,completed,3
C0249-W02,C0249,2,completed,3
C0249-W03,C0249,3,completed,2
C0249-W04,C0249,4,skipped,0
C0249-W05,C0249,5,completed,4
C0249-W06,C0249,6,completed,4
C0249-W07,C0249,7,completed,4
C0249-W08,C0249,8,completed,4
C0249-W09,C0249,9,completed,3
C0249-W10,C0249,10,completed,2
C0249-W11,C0249,11,late,3
C0249-W12,C0249,12,completed,4
C0250-W01,C0250,1,completed,3
C0250-W02,C0250,2,skipped,0
C0250-W03,C0250,3,completed,2
C0250-W04,C0250,4,completed,4
C0250-W05,C0250,5,completed,2
C0250-W06,C0250,6,completed,4
C0250-W07,C0250,7,completed,3
C0250-W08,C0250,8,completed,2
C0250-W09,C0250,9,late,4
C0250-W10,C0250,10,completed,4
C0250-W11,C0250,11,completed,4
C0250-W12,C0250,12,completed,4
C0251-W01,C0251,1,completed,3
C0251-W02,C0251,2,completed,2
C0251-W03,C0251,3,late,2
C0251-W04,C0251,4,completed,4
C0251-W05,C0251,5,completed,4
C0251-W06,C0251,6,completed,4
C0251-W07,C0251,7,completed,4
C0251-W08,C0251,8,skipped,0
C0251-W09,C0251,9,completed,4
C0251-W10,C0251,10,late,2
C0251-W11,C0251,11,completed,3
C0251-W12,C0251,12,completed,2
C0252-W01,C0252,1,completed,3
C0252-W02,C0252,2,completed,3
C0252-W03,C0252,3,completed,4
C0252-W04,C0252,4,completed,2
C0252-W05,C0252,5,completed,3
C0252-W06,C0252,6,late,3
C0252-W07,C0252,7,skipped,0
C0252-W08,C0252,8,completed,3
C0252-W09,C0252,9,completed,4
C0252-W10,C0252,10,completed,2
C0252-W11,C0252,11,completed,4
C0252-W12,C0252,12,completed,2
C0253-W01,C0253,1,completed,4
C0253-W02,C0253,2,completed,3
C0253-W03,C0253,3,completed,3
C0253-W04,C0253,4,completed,4
C0253-W05,C0253,5,completed,3
C0253-W06,C0253,6,completed,2
C0253-W07,C0253,7,completed,4
C0253-W08,C0253,8,completed,4
C0253-W09,C0253,9,skipped,0
C0253-W10,C0253,10,completed,2
C0253-W11,C0253,11,completed,3
C0253-W12,C0253,12,completed,4
C0254-W01,C0254,1,completed,2
C0254-W02,C0254,2,completed,4
C0254-W03,C0254,3,completed,4
C0254-W04,C0254,4,completed,2
C0254-W05,C0254,5,completed,2
C0254-W06,C0254,6,completed,2
C0254-W07,C0254,7,late,3
C0254-W08,C0254,8,completed,2
C0254-W09,C0254,9,completed,3
C0254-W10,C0254,10,completed,4
C0254-W11,C0254,11,skipped,0
C0254-W12,C0254,12,completed,3
C0255-W01,C0255,1,completed,3
C0255-W02,C0255,2,skipped,0
C0255-W03,C0255,3,completed,4
C0255-W04,C0255,4,completed,2
C0255-W05,C0255,5,completed,4
C0255-W06,C0255,6,completed,2
C0255-W07,C0255,7,completed,4
C0255-W08,C0255,8,late,4
C0255-W09,C0255,9,late,3
C0255-W10,C0255,10,completed,4
C0255-W11,C0255,11,completed,4
C0255-W12,C0255,12,completed,3
C0256-W01,C0256,1,skipped,0
C0256-W02,C0256,2,completed,3
C0256-W03,C0256,3,completed,2
C0256-W04,C0256,4,completed,2
C0256-W05,C0256,5,completed,2
C0256-W06,C0256,6,completed,3
C0256-W07,C0256,7,late,3
C0256-W08,C0256,8,completed,4
C0256-W09,C0256,9,skipped,0
C0256-W10,C0256,10,completed,3
C0256-W11,C0256,11,completed,3
C0256-W12,C0256,12,completed,3
C0257-W01,C0257,1,completed,4
C0257-W02,C0257,2,completed,4
C0257-W03,C0257,3,completed,2
C0257-W04,C0257,4,completed,3
C0257-W05,C0257,5,completed,4
C0257-W06,C0257,6,completed,2
C0257-W07,C0257,7,late,3
C0257-W08,C0257,8,late,3
C0257-W09,C0257,9,completed,4
C0257-W10,C0257,10,completed,4
C0257-W11,C0257,11,completed,2
C0257-W12,C0257,12,completed,2
C0258-W01,C0258,1,late,4
C0258-W02,C0258,2,completed,4
C0258-W03,C0258,3,completed,3
C0258-W04,C0258,4,completed,2
C0258-W05,C0258,5,completed,4
C0258-W06,C0258,6,completed,3
C0258-W07,C0258,7,completed,3
C0258-W08,C0258,8,completed,3
C0258-W09,C0258,9,completed,4
C0258-W10,C0258,10,completed,2
C0258-W11,C0258,11,completed,2
C0258-W12,C0258,12,skipped,0
C0259-W01,C0259,1,completed,2
C0259-W02,C0259,2,completed,2
C0259-W03,C0259,3,completed,3
C0259-W04,C0259,4,completed,2
C0259-W05,C0259,5,completed,4
C0259-W06,C0259,6,completed,2
C0259-W07,C0259,7,skipped,0
C0259-W08,C0259,8,completed,4
C0259-W09,C0259,9,skipped,0
C0259-W10,C0259,10,completed,3
C0259-W11,C0259,11,completed,4
C0259-W12,C0259,12,completed,2
C0260-W01,C0260,1,completed,4
C0260-W02,C0260,2,completed,4
C0260-W03,C0260,3,completed,2
C0260-W04,C0260,4,completed,3
C0260-W05,C0260,5,completed,4
C0260-W06,C0260,6,completed,2
C0260-W07,C0260,7,completed,3
C0260-W08,C0260,8,completed,3
C0260-W09,C0260,9,completed,3
C0260-W10,C0260,10,late,2
C0260-W11,C0260,11,skipped,0
C0260-W12,C0260,12,completed,2
C0261-W01,C0261,1,completed,3
C0261-W02,C0261,2,completed,3
C0261-W03,C0261,3,completed,4
C0261-W04,C0261,4,completed,3
C0261-W05,C0261,5,completed,2
C0261-W06,C0261,6,completed,2
C0261-W07,C0261,7,completed,2
C0261-W08,C0261,8,completed,2
C0261-W09,C0261,9,completed,2
C0261-W10,C0261,10,completed,2
C0261-W11,C0261,11,completed,4
C0261-W12,C0261,12,completed,3
C0262-W01,C0262,1,skipped,0
C0262-W02,C0262,2,completed,2
C0262-W03,C0262,3,completed,3
C0262-W04,C0262,4,completed,3
C0262-W05,C0262,5,completed,3
C0262-W06,C0262,6,skipped,0
C0262-W07,C0262,7,completed,3
C0262-W08,C0262,8,completed,3
C0262-W09,C0262,9,completed,3
C0262-W10,C0262,10,late,3
C0262-W11,C0262,11,completed,3
C0262-W12,C0262,12,completed,2
C0263-W01,C0263,1,completed,4
C0263-W02,C0263,2,completed,4
C0263-W03,C0263,3,late,2
C0263-W04,C0263,4,completed,2
C0263-W05,C0263,5,skipped,0
C0263-W06,C0263,6,completed,4
C0263-W07,C0263,7,late,4
C0263-W08,C0263,8,completed,3
C0263-W09,C0263,9,completed,2
C0263-W10,C0263,10,completed,4
C0263-W11,C0263,11,completed,4
C0263-W12,C0263,12,completed,2
C0264-W01,C0264,1,completed,2
C0264-W02,C0264,2,completed,3
C0264-W03,C0264,3,completed,4
C0264-W04,C0264,4,completed,4
C0264-W05,C0264,5,completed,2
C0264-W06,C0264,6,completed,4
C0264-W07,C0264,7,completed,2
C0264-W08,C0264,8,completed,3
C0264-W09,C0264,9,completed,3
C0264-W10,C0264,10,completed,2
C0264-W11,C0264,11,late,2
C0264-W12,C0264,12,completed,2
C0265-W01,C0265,1,completed,2
C0265-W02,C0265,2,completed,4
C0265-W03,C0265,3,completed,2
C0265-W04,C0265,4,completed,2
C0265-W05,C0265,5,skipped,0
C0265-W06,C0265,6,completed,4
C0265-W07,C0265,7,late,3
C0265-W08,C0265,8,completed,2
C0265-W09,C0265,9,completed,3
C0265-W10,C0265,10,completed,4
C0265-W11,C0265,11,completed,4
C0265-W12,C0265,12,completed,2
C0266-W01,C0266,1,completed,2
C0266-W02,C0266,2,completed,4
C0266-W03,C0266,3,skipped,0
C0266-W04,C0266,4,completed,3
C0266-W05,C0266,5,completed,4
C0266-W06,C0266,6,completed,4
C0266-W07,C0266,7,completed,3
C0266-W08,C0266,8,completed,2
C0266-W09,C0266,9,completed,3
C0266-W10,C0266,10,completed,3
C0266-W11,C0266,11,completed,2
C0266-W12,C0266,12,completed,3
C0267-W01,C0267,1,completed,3
C0267-W02,C0267,2,skipped,0
C0267-W03,C0267,3,completed,4
C0267-W04,C0267,4,skipped,0
C0267-W05,C0267,5,late,2
C0267-W06,C0267,6,completed,3
C0267-W07,C0267,7,completed,4
C0267-W08,C0267,8,completed,3
C0267-W09,C0267,9,skipped,0
C0267-W10,C0267,10,completed,4
C0267-W11,C0267,11,completed,3
C0267-W12,C0267,12,completed,4
C0268-W01,C0268,1,completed,4
C0268-W02,C0268,2,completed,4
C0268-W03,C0268,3,completed,2
C0268-W04,C0268,4,completed,2
C0268-W05,C0268,5,skipped,0
C0268-W06,C0268,6,skipped,0
C0268-W07,C0268,7,skipped,0
C0268-W08,C0268,8,completed,3
C0268-W09,C0268,9,completed,4
C0268-W10,C0268,10,skipped,0
C0268-W11,C0268,11,completed,2
C0268-W12,C0268,12,completed,2
C0269-W01,C0269,1,completed,2
C0269-W02,C0269,2,completed,4
C0269-W03,C0269,3,late,4
C0269-W04,C0269,4,skipped,0
C0269-W05,C0269,5,completed,2
C0269-W06,C0269,6,completed,4
C0269-W07,C0269,7,skipped,0
C0269-W08,C0269,8,completed,4
C0269-W09,C0269,9,completed,4
C0269-W10,C0269,10,completed,2
C0269-W11,C0269,11,completed,3
C0269-W12,C0269,12,completed,4
C0270-W01,C0270,1,completed,4
C0270-W02,C0270,2,completed,3
C0270-W03,C0270,3,completed,4
C0270-W04,C0270,4,completed,2
C0270-W05,C0270,5,completed,2
C0270-W06,C0270,6,completed,2
C0270-W07,C0270,7,completed,2
C0270-W08,C0270,8,skipped,0
C0270-W09,C0270,9,completed,2
C0270-W10,C0270,10,completed,2
C0270-W11,C0270,11,completed,4
C0270-W12,C0270,12,completed,2
C0271-W01,C0271,1,completed,4
C0271-W02,C0271,2,completed,3
C0271-W03,C0271,3,completed,3
C0271-W04,C0271,4,completed,4
C0271-W05,C0271,5,completed,3
C0271-W06,C0271,6,completed,4
C0271-W07,C0271,7,completed,2
C0271-W08,C0271,8,completed,3
C0271-W09,C0271,9,completed,3
C0271-W10,C0271,10,completed,3
C0271-W11,C0271,11,completed,3
C0271-W12,C0271,12,completed,2
C0272-W01,C0272,1,late,2
C0272-W02,C0272,2,skipped,0
C0272-W03,C0272,3,completed,4
C0272-W04,C0272,4,completed,3
C0272-W05,C0272,5,completed,2
C0272-W06,C0272,6,completed,4
C0272-W07,C0272,7,completed,2
C0272-W08,C0272,8,completed,2
C0272-W09,C0272,9,completed,2
C0272-W10,C0272,10,completed,3
C0272-W11,C0272,11,completed,3
C0272-W12,C0272,12,completed,4
C0273-W01,C0273,1,late,4
C0273-W02,C0273,2,completed,3
C0273-W03,C0273,3,late,3
C0273-W04,C0273,4,completed,4
C0273-W05,C0273,5,completed,4
C0273-W06,C0273,6,completed,2
C0273-W07,C0273,7,completed,2
C0273-W08,C0273,8,completed,3
C0273-W09,C0273,9,completed,2
C0273-W10,C0273,10,completed,2
C0273-W11,C0273,11,completed,2
C0273-W12,C0273,12,skipped,0
C0274-W01,C0274,1,late,3
C0274-W02,C0274,2,late,4
C0274-W03,C0274,3,completed,2
C0274-W04,C0274,4,skipped,0
C0274-W05,C0274,5,completed,2
C0274-W06,C0274,6,skipped,0
C0274-W07,C0274,7,late,3
C0274-W08,C0274,8,completed,2
C0274-W09,C0274,9,completed,3
C0274-W10,C0274,10,completed,3
C0274-W11,C0274,11,completed,2
C0274-W12,C0274,12,completed,4
C0275-W01,C0275,1,completed,2
C0275-W02,C0275,2,completed,3
C0275-W03,C0275,3,completed,3
C0275-W04,C0275,4,completed,3
C0275-W05,C0275,5,late,3
C0275-W06,C0275,6,completed,2
C0275-W07,C0275,7,completed,3
C0275-W08,C0275,8,completed,3
C0275-W09,C0275,9,completed,4
C0275-W10,C0275,10,completed,4
C0275-W11,C0275,11,completed,2
C0275-W12,C0275,12,completed,4
C0276-W01,C0276,1,completed,4
C0276-W02,C0276,2,completed,4
C0276-W03,C0276,3,completed,4
C0276-W04,C0276,4,completed,4
C0276-W05,C0276,5,completed,3
C0276-W06,C0276,6,skipped,0
C0276-W07,C0276,7,completed,3
C0276-W08,C0276,8,completed,2
C0276-W09,C0276,9,completed,3
C0276-W10,C0276,10,late,4
C0276-W11,C0276,11,completed,4
C0276-W12,C0276,12,skipped,0
C0277-W01,C0277,1,completed,4
C0277-W02,C0277,2,completed,4
C0277-W03,C0277,3,completed,4
C0277-W04,C0277,4,skipped,0
C0277-W05,C0277,5,completed,2
C0277-W06,C0277,6,completed,3
C0277-W07,C0277,7,skipped,0
C0277-W08,C0277,8,late,4
C0277-W09,C0277,9,completed,2
C0277-W10,C0277,10,completed,4
C0277-W11,C0277,11,completed,3
C0277-W12,C0277,12,completed,4
C0278-W01,C0278,1,completed,3
C0278-W02,C0278,2,completed,4
C0278-W03,C0278,3,completed,2
C0278-W04,C0278,4,completed,2
C0278-W05,C0278,5,completed,2
C0278-W06,C0278,6,completed,2
C0278-W07,C0278,7,completed,2
C0278-W08,C0278,8,skipped,0
C0278-W09,C0278,9,completed,2
C0278-W10,C0278,10,completed,2
C0278-W11,C0278,11,completed,4
C0278-W12,C0278,12,completed,4
C0279-W01,C0279,1,completed,2
C0279-W02,C0279,2,completed,3
C0279-W03,C0279,3,late,3
C0279-W04,C0279,4,completed,4
C0279-W05,C0279,5,completed,2
C0279-W06,C0279,6,completed,4
C0279-W07,C0279,7,completed,2
C0279-W08,C0279,8,late,4
C0279-W09,C0279,9,completed,3
C0279-W10,C0279,10,skipped,0
C0279-W11,C0279,11,completed,3
C0279-W12,C0279,12,completed,3
C0280-W01,C0280,1,completed,2
C0280-W02,C0280,2,completed,4
C0280-W03,C0280,3,completed,2
C0280-W04,C0280,4,skipped,0
C0280-W05,C0280,5,late,4
C0280-W06,C0280,6,completed,4
C0280-W07,C0280,7,late,2
C0280-W08,C0280,8,completed,3
C0280-W09,C0280,9,completed,2
C0280-W10,C0280,10,completed,3
C0280-W11,C0280,11,completed,2
C0280-W12,C0280,12,completed,4
C0281-W01,C0281,1,skipped,0
C0281-W02,C0281,2,skipped,0
C0281-W03,C0281,3,completed,4
C0281-W04,C0281,4,skipped,0
C0281-W05,C0281,5,completed,3
C0281-W06,C0281,6,completed,3
C0281-W07,C0281,7,completed,4
C0281-W08,C0281,8,completed,2
C0281-W09,C0281,9,late,4
C0281-W10,C0281,10,completed,2
C0281-W11,C0281,11,completed,4
C0281-W12,C0281,12,completed,3
C0282-W01,C0282,1,skipped,0
C0282-W02,C0282,2,completed,4
C0282-W03,C0282,3,completed,2
C0282-W04,C0282,4,completed,2
C0282-W05,C0282,5,completed,3
C0282-W06,C0282,6,completed,3
C0282-W07,C0282,7,completed,2
C0282-W08,C0282,8,late,4
C0282-W09,C0282,9,completed,2
C0282-W10,C0282,10,late,4
C0282-W11,C0282,11,completed,2
C0282-W12,C0282,12,completed,2
C0283-W01,C0283,1,skipped,0
C0283-W02,C0283,2,completed,3
C0283-W03,C0283,3,completed,3
C0283-W04,C0283,4,completed,2
C0283-W05,C0283,5,completed,2
C0283-W06,C0283,6,late,4
C0283-W07,C0283,7,completed,2
C0283-W08,C0283,8,completed,3
C0283-W09,C0283,9,completed,2
C0283-W10,C0283,10,completed,2
C0283-W11,C0283,11,completed,4
C0283-W12,C0283,12,skipped,0
C0284-W01,C0284,1,completed,4
C0284-W02,C0284,2,completed,4
C0284-W03,C0284,3,completed,3
C0284-W04,C0284,4,skipped,0
C0284-W05,C0284,5,completed,3
C0284-W06,C0284,6,completed,4
C0284-W07,C0284,7,completed,3
C0284-W08,C0284,8,completed,3
C0284-W09,C0284,9,completed,4
C0284-W10,C0284,10,completed,2
C0284-W11,C0284,11,completed,3
C0284-W12,C0284,12,skipped,0
C0285-W01,C0285,1,completed,4
C0285-W02,C0285,2,skipped,0
C0285-W03,C0285,3,skipped,0
C0285-W04,C0285,4,completed,4
C0285-W05,C0285,5,completed,4
C0285-W06,C0285,6,completed,3
C0285-W07,C0285,7,completed,3
C0285-W08,C0285,8,completed,4
C0285-W09,C0285,9,completed,2
C0285-W10,C0285,10,completed,4
C0285-W11,C0285,11,completed,4
C0285-W12,C0285,12,completed,4
C0286-W01,C0286,1,completed,3
C0286-W02,C0286,2,completed,3
C0286-W03,C0286,3,completed,2
C0286-W04,C0286,4,completed,2
C0286-W05,C0286,5,completed,4
C0286-W06,C0286,6,completed,3
C0286-W07,C0286,7,skipped,0
C0286-W08,C0286,8,late,3
C0286-W09,C0286,9,completed,4
C0286-W10,C0286,10,completed,3
C0286-W11,C0286,11,completed,3
C0286-W12,C0286,12,completed,4
C0287-W01,C0287,1,completed,3
C0287-W02,C0287,2,completed,2
C0287-W03,C0287,3,skipped,0
C0287-W04,C0287,4,completed,2
C0287-W05,C0287,5,completed,3
C0287-W06,C0287,6,completed,4
C0287-W07,C0287,7,completed,3
C0287-W08,C0287,8,completed,3
C0287-W09,C0287,9,completed,4
C0287-W10,C0287,10,skipped,0
C0287-W11,C0287,11,completed,4
C0287-W12,C0287,12,completed,4
C0288-W01,C0288,1,completed,2
C0288-W02,C0288,2,completed,2
C0288-W03,C0288,3,late,3
C0288-W04,C0288,4,completed,2
C0288-W05,C0288,5,completed,4
C0288-W06,C0288,6,completed,4
C0288-W07,C0288,7,completed,2
C0288-W08,C0288,8,completed,4
C0288-W09,C0288,9,skipped,0
C0288-W10,C0288,10,completed,2
C0288-W11,C0288,11,late,2
C0288-W12,C0288,12,completed,3
C0289-W01,C0289,1,late,2
C0289-W02,C0289,2,completed,4
C0289-W03,C0289,3,completed,4
C0289-W04,C0289,4,completed,3
C0289-W05,C0289,5,completed,3
C0289-W06,C0289,6,completed,4
C0289-W07,C0289,7,completed,2
C0289-W08,C0289,8,completed,3
C0289-W09,C0289,9,completed,3
C0289-W10,C0289,10,completed,3
C0289-W11,C0289,11,completed,2
C0289-W12,C0289,12,skipped,0
C0290-W01,C0290,1,completed,2
C0290-W02,C0290,2,completed,2
C0290-W03,C0290,3,completed,2
C0290-W04,C0290,4,completed,2
C0290-W05,C0290,5,late,2
C0290-W06,C0290,6,late,4
C0290-W07,C0290,7,completed,3
C0290-W08,C0290,8,completed,3
C0290-W09,C0290,9,completed,3
C0290-W10,C0290,10,completed,3
C0290-W11,C0290,11,completed,3
C0290-W12,C0290,12,completed,2
C0291-W01,C0291,1,skipped,0
C0291-W02,C0291,2,completed,2
C0291-W03,C0291,3,completed,4
C0291-W04,C0291,4,completed,4
C0291-W05,C0291,5,completed,3
C0291-W06,C0291,6,completed,3
C0291-W07,C0291,7,completed,4
C0291-W08,C0291,8,late,3
C0291-W09,C0291,9,late,2
C0291-W10,C0291,10,completed,2
C0291-W11,C0291,11,completed,2
C0291-W12,C0291,12,skipped,0
C0292-W01,C0292,1,completed,4
C0292-W02,C0292,2,completed,4
C0292-W03,C0292,3,completed,2
C0292-W04,C0292,4,completed,4
C0292-W05,C0292,5,completed,2
C0292-W06,C0292,6,completed,3
C0292-W07,C0292,7,completed,3
C0292-W08,C0292,8,late,3
C0292-W09,C0292,9,completed,4
C0292-W10,C0292,10,skipped,0
C0292-W11,C0292,11,completed,2
C0292-W12,C0292,12,completed,4
C0293-W01,C0293,1,completed,2
C0293-W02,C0293,2,skipped,0
C0293-W03,C0293,3,completed,4
C0293-W04,C0293,4,completed,4
C0293-W05,C0293,5,completed,3
C0293-W06,C0293,6,skipped,0
C0293-W07,C0293,7,completed,4
C0293-W08,C0293,8,completed,3
C0293-W09,C0293,9,completed,4
C0293-W10,C0293,10,completed,4
C0293-W11,C0293,11,skipped,0
C0293-W12,C0293,12,completed,3
C0294-W01,C0294,1,completed,3
C0294-W02,C0294,2,late,3
C0294-W03,C0294,3,completed,3
C0294-W04,C0294,4,completed,2
C0294-W05,C0294,5,completed,2
C0294-W06,C0294,6,late,3
C0294-W07,C0294,7,completed,4
C0294-W08,C0294,8,completed,2
C0294-W09,C0294,9,late,2
C0294-W10,C0294,10,completed,2
C0294-W11,C0294,11,completed,2
C0294-W12,C0294,12,completed,2
C0295-W01,C0295,1,completed,2
C0295-W02,C0295,2,completed,3
C0295-W03,C0295,3,skipped,0
C0295-W04,C0295,4,completed,2
C0295-W05,C0295,5,completed,4
C0295-W06,C0295,6,completed,2
C0295-W07,C0295,7,completed,3
C0295-W08,C0295,8,completed,2
C0295-W09,C0295,9,skipped,0
C0295-W10,C0295,10,skipped,0
C0295-W11,C0295,11,completed,4
C0295-W12,C0295,12,completed,4
C0296-W01,C0296,1,skipped,0
C0296-W02,C0296,2,skipped,0
C0296-W03,C0296,3,skipped,0
C0296-W04,C0296,4,completed,2
C0296-W05,C0296,5,skipped,0
C0296-W06,C0296,6,completed,2
C0296-W07,C0296,7,completed,2
C0296-W08,C0296,8,completed,3
C0296-W09,C0296,9,completed,3
C0296-W10,C0296,10,completed,4
C0296-W11,C0296,11,completed,2
C0296-W12,C0296,12,completed,3
C0297-W01,C0297,1,completed,4
C0297-W02,C0297,2,completed,4
C0297-W03,C0297,3,completed,3
C0297-W04,C0297,4,completed,3
C0297-W05,C0297,5,completed,4
C0297-W06,C0297,6,completed,3
C0297-W07,C0297,7,completed,2
C0297-W08,C0297,8,late,2
C0297-W09,C0297,9,completed,4
C0297-W10,C0297,10,completed,3
C0297-W11,C0297,11,completed,2
C0297-W12,C0297,12,completed,4
C0298-W01,C0298,1,completed,2
C0298-W02,C0298,2,late,4
C0298-W03,C0298,3,completed,4
C0298-W04,C0298,4,completed,2
C0298-W05,C0298,5,completed,4
C0298-W06,C0298,6,skipped,0
C0298-W07,C0298,7,late,4
C0298-W08,C0298,8,completed,3
C0298-W09,C0298,9,completed,2
C0298-W10,C0298,10,skipped,0
C0298-W11,C0298,11,completed,3
C0298-W12,C0298,12,completed,4
C0299-W01,C0299,1,completed,3
C0299-W02,C0299,2,completed,2
C0299-W03,C0299,3,completed,4
C0299-W04,C0299,4,completed,2
C0299-W05,C0299,5,completed,3
C0299-W06,C0299,6,completed,2
C0299-W07,C0299,7,completed,2
C0299-W08,C0299,8,skipped,0
C0299-W09,C0299,9,completed,2
C0299-W10,C0299,10,skipped,0
C0299-W11,C0299,11,completed,3
C0299-W12,C0299,12,late,4
C0300-W01,C0300,1,completed,3
C0300-W02,C0300,2,completed,4
C0300-W03,C0300,3,completed,2
C0300-W04,C0300,4,skipped,0
C0300-W05,C0300,5,completed,3
C0300-W06,C0300,6,completed,3
C0300-W07,C0300,7,late,4
C0300-W08,C0300,8,skipped,0
C0300-W09,C0300,9,completed,3
C0300-W10,C0300,10,late,4
C0300-W11,C0300,11,completed,4
C0300-W12,C0300,12,completed,4
C0301-W01,C0301,1,skipped,0
C0301-W02,C0301,2,skipped,0
C0301-W03,C0301,3,completed,2
C0301-W04,C0301,4,completed,3
C0301-W05,C0301,5,late,3
C0301-W06,C0301,6,completed,3
C0301-W07,C0301,7,completed,3
C0301-W08,C0301,8,completed,4
C0301-W09,C0301,9,completed,3
C0301-W10,C0301,10,completed,3
C0301-W11,C0301,11,completed,3
C0301-W12,C0301,12,skipped,0
C0302-W01,C0302,1,completed,3
C0302-W02,C0302,2,completed,2
C0302-W03,C0302,3,completed,3
C0302-W04,C0302,4,completed,2
C0302-W05,C0302,5,late,3
C0302-W06,C0302,6,completed,4
C0302-W07,C0302,7,completed,4
C0302-W08,C0302,8,skipped,0
C0302-W09,C0302,9,completed,2
C0302-W10,C0302,10,late,2
C0302-W11,C0302,11,completed,3
C0302-W12,C0302,12,completed,3
C0303-W01,C0303,1,completed,3
C0303-W02,C0303,2,completed,4
C0303-W03,C0303,3,completed,4
C0303-W04,C0303,4,completed,4
C0303-W05,C0303,5,completed,2
C0303-W06,C0303,6,skipped,0
C0303-W07,C0303,7,completed,4
C0303-W08,C0303,8,skipped,0
C0303-W09,C0303,9,completed,2
C0303-W10,C0303,10,completed,2
C0303-W11,C0303,11,completed,2
C0303-W12,C0303,12,completed,3
C0304-W01,C0304,1,skipped,0
C0304-W02,C0304,2,completed,3
C0304-W03,C0304,3,completed,3
C0304-W04,C0304,4,completed,3
C0304-W05,C0304,5,completed,2
C0304-W06,C0304,6,completed,2
C0304-W07,C0304,7,completed,4
C0304-W08,C0304,8,completed,2
C0304-W09,C0304,9,completed,2
C0304-W10,C0304,10,completed,3
C0304-W11,C0304,11,completed,3
C0304-W12,C0304,12,completed,3
C0305-W01,C0305,1,late,4
C0305-W02,C0305,2,completed,2
C0305-W03,C0305,3,completed,4
C0305-W04,C0305,4,completed,4
C0305-W05,C0305,5,completed,4
C0305-W06,C0305,6,completed,3
C0305-W07,C0305,7,completed,3
C0305-W08,C0305,8,completed,3
C0305-W09,C0305,9,late,3
C0305-W10,C0305,10,completed,2
C0305-W11,C0305,11,completed,2
C0305-W12,C0305,12,completed,2
C0306-W01,C0306,1,completed,2
C0306-W02,C0306,2,completed,4
C0306-W03,C0306,3,completed,3
C0306-W04,C0306,4,completed,3
C0306-W05,C0306,5,late,3
C0306-W06,C0306,6,skipped,0
C0306-W07,C0306,7,completed,2
C0306-W08,C0306,8,completed,4
C0306-W09,C0306,9,completed,4
C0306-W10,C0306,10,skipped,0
C0306-W11,C0306,11,completed,2
C0306-W12,C0306,12,skipped,0
C0307-W01,C0307,1,completed,4
C0307-W02,C0307,2,completed,2
C0307-W03,C0307,3,completed,4
C0307-W04,C0307,4,completed,2
C0307-W05,C0307,5,skipped,0
C0307-W06,C0307,6,completed,3
C0307-W07,C0307,7,skipped,0
C0307-W08,C0307,8,completed,3
C0307-W09,C0307,9,completed,3
C0307-W10,C0307,10,completed,3
C0307-W11,C0307,11,completed,4
C0307-W12,C0307,12,completed,3
C0308-W01,C0308,1,completed,4
C0308-W02,C0308,2,late,3
C0308-W03,C0308,3,skipped,0
C0308-W04,C0308,4,completed,4
C0308-W05,C0308,5,completed,3
C0308-W06,C0308,6,completed,4
C0308-W07,C0308,7,completed,4
C0308-W08,C0308,8,completed,4
C0308-W09,C0308,9,completed,4
C0308-W10,C0308,10,completed,2
C0308-W11,C0308,11,skipped,0
C0308-W12,C0308,12,completed,4
C0309-W01,C0309,1,completed,2
C0309-W02,C0309,2,completed,3
C0309-W03,C0309,3,skipped,0
C0309-W04,C0309,4,completed,3
C0309-W05,C0309,5,skipped,0
C0309-W06,C0309,6,completed,3
C0309-W07,C0309,7,completed,3
C0309-W08,C0309,8,completed,2
C0309-W09,C0309,9,skipped,0
C0309-W10,C0309,10,skipped,0
C0309-W11,C0309,11,completed,2
C0309-W12,C0309,12,completed,3
C0310-W01,C0310,1,completed,2
C0310-W02,C0310,2,completed,2
C0310-W03,C0310,3,completed,2
C0310-W04,C0310,4,completed,4
C0310-W05,C0310,5,completed,3
C0310-W06,C0310,6,skipped,0
C0310-W07,C0310,7,skipped,0
C0310-W08,C0310,8,completed,2
C0310-W09,C0310,9,completed,4
C0310-W10,C0310,10,late,3
C0310-W11,C0310,11,skipped,0
C0310-W12,C0310,12,completed,4
C0311-W01,C0311,1,skipped,0
C0311-W02,C0311,2,completed,3
C0311-W03,C0311,3,completed,4
C0311-W04,C0311,4,completed,2
C0311-W05,C0311,5,completed,2
C0311-W06,C0311,6,skipped,0
C0311-W07,C0311,7,completed,2
C0311-W08,C0311,8,completed,4
C0311-W09,C0311,9,skipped,0
C0311-W10,C0311,10,completed,4
C0311-W11,C0311,11,completed,4
C0311-W12,C0311,12,skipped,0
C0312-W01,C0312,1,skipped,0
C0312-W02,C0312,2,completed,4
C0312-W03,C0312,3,completed,4
C0312-W04,C0312,4,completed,4
C0312-W05,C0312,5,completed,3
C0312-W06,C0312,6,completed,4
C0312-W07,C0312,7,completed,2
C0312-W08,C0312,8,completed,3
C0312-W09,C0312,9,completed,4
C0312-W10,C0312,10,completed,3
C0312-W11,C0312,11,completed,3
C0312-W12,C0312,12,completed,3
C0313-W01,C0313,1,completed,3
C0313-W02,C0313,2,completed,4
C0313-W03,C0313,3,completed,2
C0313-W04,C0313,4,late,2
C0313-W05,C0313,5,completed,3
C0313-W06,C0313,6,skipped,0
C0313-W07,C0313,7,completed,3
C0313-W08,C0313,8,late,2
C0313-W09,C0313,9,completed,4
C0313-W10,C0313,10,completed,4
C0313-W11,C0313,11,completed,4
C0313-W12,C0313,12,completed,4
C0314-W01,C0314,1,skipped,0
C0314-W02,C0314,2,skipped,0
C0314-W03,C0314,3,skipped,0
C0314-W04,C0314,4,late,4
C0314-W05,C0314,5,completed,2
C0314-W06,C0314,6,completed,3
C0314-W07,C0314,7,completed,2
C0314-W08,C0314,8,completed,4
C0314-W09,C0314,9,completed,4
C0314-W10,C0314,10,late,4
C0314-W11,C0314,11,completed,3
C0314-W12,C0314,12,completed,4
C0315-W01,C0315,1,completed,2
C0315-W02,C0315,2,completed,2
C0315-W03,C0315,3,late,2
C0315-W04,C0315,4,late,4
C0315-W05,C0315,5,skipped,0
C0315-W06,C0315,6,completed,2
C0315-W07,C0315,7,completed,4
C0315-W08,C0315,8,completed,4
C0315-W09,C0315,9,completed,3
C0315-W10,C0315,10,skipped,0
C0315-W11,C0315,11,completed,3
C0315-W12,C0315,12,completed,3
C0316-W01,C0316,1,completed,3
C0316-W02,C0316,2,skipped,0
C0316-W03,C0316,3,completed,4
C0316-W04,C0316,4,completed,3
C0316-W05,C0316,5,completed,3
C0316-W06,C0316,6,late,4
C0316-W07,C0316,7,skipped,0
C0316-W08,C0316,8,completed,2
C0316-W09,C0316,9,completed,2
C0316-W10,C0316,10,completed,4
C0316-W11,C0316,11,skipped,0
C0316-W12,C0316,12,completed,2
C0317-W01,C0317,1,completed,3
C0317-W02,C0317,2,completed,4
C0317-W03,C0317,3,completed,2
C0317-W04,C0317,4,skipped,0
C0317-W05,C0317,5,completed,4
C0317-W06,C0317,6,skipped,0
C0317-W07,C0317,7,skipped,0
C0317-W08,C0317,8,skipped,0
C0317-W09,C0317,9,late,3
C0317-W10,C0317,10,completed,3
C0317-W11,C0317,11,completed,3
C0317-W12,C0317,12,completed,3
C0318-W01,C0318,1,completed,3
C0318-W02,C0318,2,completed,3
C0318-W03,C0318,3,completed,3
C0318-W04,C0318,4,completed,3
C0318-W05,C0318,5,completed,3
C0318-W06,C0318,6,completed,4
C0318-W07,C0318,7,completed,2
C0318-W08,C0318,8,completed,2
C0318-W09,C0318,9,completed,2
C0318-W10,C0318,10,skipped,0
C0318-W11,C0318,11,completed,3
C0318-W12,C0318,12,completed,4
C0319-W01,C0319,1,completed,2
C0319-W02,C0319,2,completed,3
C0319-W03,C0319,3,completed,4
C0319-W04,C0319,4,late,3
C0319-W05,C0319,5,completed,3
C0319-W06,C0319,6,late,3
C0319-W07,C0319,7,completed,2
C0319-W08,C0319,8,completed,3
C0319-W09,C0319,9,skipped,0
C0319-W10,C0319,10,completed,4
C0319-W11,C0319,11,skipped,0
C0319-W12,C0319,12,skipped,0
C0320-W01,C0320,1,late,4
C0320-W02,C0320,2,skipped,0
C0320-W03,C0320,3,completed,3
C0320-W04,C0320,4,completed,2
C0320-W05,C0320,5,completed,3
C0320-W06,C0320,6,completed,4
C0320-W07,C0320,7,completed,4
C0320-W08,C0320,8,late,3
C0320-W09,C0320,9,completed,4
C0320-W10,C0320,10,completed,2
C0320-W11,C0320,11,completed,2
C0320-W12,C0320,12,skipped,0
C0321-W01,C0321,1,completed,2
C0321-W02,C0321,2,skipped,0
C0321-W03,C0321,3,completed,2
C0321-W04,C0321,4,completed,3
C0321-W05,C0321,5,completed,4
C0321-W06,C0321,6,late,4
C0321-W07,C0321,7,skipped,0
C0321-W08,C0321,8,completed,3
C0321-W09,C0321,9,completed,4
C0321-W10,C0321,10,completed,4
C0321-W11,C0321,11,completed,3
C0321-W12,C0321,12,completed,2
C0322-W01,C0322,1,completed,3
C0322-W02,C0322,2,completed,4
C0322-W03,C0322,3,skipped,0
C0322-W04,C0322,4,skipped,0
C0322-W05,C0322,5,late,3
C0322-W06,C0322,6,completed,2
C0322-W07,C0322,7,completed,2
C0322-W08,C0322,8,skipped,0
C0322-W09,C0322,9,completed,2
C0322-W10,C0322,10,completed,2
C0322-W11,C0322,11,completed,2
C0322-W12,C0322,12,completed,3
C0323-W01,C0323,1,completed,3
C0323-W02,C0323,2,completed,4
C0323-W03,C0323,3,completed,4
C0323-W04,C0323,4,completed,3
C0323-W05,C0323,5,completed,3
C0323-W06,C0323,6,completed,4
C0323-W07,C0323,7,completed,2
C0323-W08,C0323,8,completed,3
C0323-W09,C0323,9,completed,2
C0323-W10,C0323,10,skipped,0
C0323-W11,C0323,11,completed,4
C0323-W12,C0323,12,completed,3
C0324-W01,C0324,1,completed,2
C0324-W02,C0324,2,completed,2
C0324-W03,C0324,3,completed,4
C0324-W04,C0324,4,completed,3
C0324-W05,C0324,5,skipped,0
C0324-W06,C0324,6,completed,4
C0324-W07,C0324,7,completed,2
C0324-W08,C0324,8,skipped,0
C0324-W09,C0324,9,completed,3
C0324-W10,C0324,10,completed,3
C0324-W11,C0324,11,completed,4
C0324-W12,C0324,12,completed,2
C0325-W01,C0325,1,skipped,0
C0325-W02,C0325,2,completed,3
C0325-W03,C0325,3,completed,3
C0325-W04,C0325,4,completed,4
C0325-W05,C0325,5,skipped,0
C0325-W06,C0325,6,skipped,0
C0325-W07,C0325,7,completed,3
C0325-W08,C0325,8,completed,2
C0325-W09,C0325,9,completed,3
C0325-W10,C0325,10,completed,4
C0325-W11,C0325,11,completed,4
C0325-W12,C0325,12,completed,2
C0326-W01,C0326,1,completed,2
C0326-W02,C0326,2,completed,2
C0326-W03,C0326,3,completed,3
C0326-W04,C0326,4,completed,3
C0326-W05,C0326,5,completed,2
C0326-W06,C0326,6,completed,4
C0326-W07,C0326,7,completed,2
C0326-W08,C0326,8,completed,4
C0326-W09,C0326,9,late,2
C0326-W10,C0326,10,completed,3
C0326-W11,C0326,11,completed,3
C0326-W12,C0326,12,completed,4
C0327-W01,C0327,1,completed,4
C0327-W02,C0327,2,completed,4
C0327-W03,C0327,3,completed,3
C0327-W04,C0327,4,completed,2
C0327-W05,C0327,5,completed,2
C0327-W06,C0327,6,completed,2
C0327-W07,C0327,7,completed,4
C0327-W08,C0327,8,completed,2
C0327-W09,C0327,9,completed,4
C0327-W10,C0327,10,late,2
C0327-W11,C0327,11,completed,4
C0327-W12,C0327,12,late,3
C0328-W01,C0328,1,completed,4
C0328-W02,C0328,2,completed,2
C0328-W03,C0328,3,completed,3
C0328-W04,C0328,4,skipped,0
C0328-W05,C0328,5,completed,4
C0328-W06,C0328,6,late,4
C0328-W07,C0328,7,completed,2
C0328-W08,C0328,8,completed,3
C0328-W09,C0328,9,completed,3
C0328-W10,C0328,10,completed,4
C0328-W11,C0328,11,completed,4
C0328-W12,C0328,12,late,2
C0329-W01,C0329,1,skipped,0
C0329-W02,C0329,2,skipped,0
C0329-W03,C0329,3,completed,2
C0329-W04,C0329,4,completed,3
C0329-W05,C0329,5,completed,2
C0329-W06,C0329,6,completed,3
C0329-W07,C0329,7,completed,4
C0329-W08,C0329,8,completed,2
C0329-W09,C0329,9,completed,4
C0329-W10,C0329,10,completed,3
C0329-W11,C0329,11,completed,4
C0329-W12,C0329,12,completed,2
C0330-W01,C0330,1,completed,2
C0330-W02,C0330,2,completed,2
C0330-W03,C0330,3,completed,3
C0330-W04,C0330,4,completed,4
C0330-W05,C0330,5,completed,2
C0330-W06,C0330,6,completed,3
C0330-W07,C0330,7,completed,3
C0330-W08,C0330,8,completed,4
C0330-W09,C0330,9,completed,2
C0330-W10,C0330,10,completed,2
C0330-W11,C0330,11,completed,4
C0330-W12,C0330,12,completed,2
C0331-W01,C0331,1,completed,2
C0331-W02,C0331,2,completed,4
C0331-W03,C0331,3,completed,4
C0331-W04,C0331,4,skipped,0
C0331-W05,C0331,5,completed,4
C0331-W06,C0331,6,completed,4
C0331-W07,C0331,7,completed,2
C0331-W08,C0331,8,completed,2
C0331-W09,C0331,9,completed,4
C0331-W10,C0331,10,completed,2
C0331-W11,C0331,11,completed,2
C0331-W12,C0331,12,completed,3
C0332-W01,C0332,1,completed,3
C0332-W02,C0332,2,completed,3
C0332-W03,C0332,3,completed,3
C0332-W04,C0332,4,skipped,0
C0332-W05,C0332,5,completed,3
C0332-W06,C0332,6,skipped,0
C0332-W07,C0332,7,skipped,0
C0332-W08,C0332,8,completed,3
C0332-W09,C0332,9,completed,3
C0332-W10,C0332,10,completed,4
C0332-W11,C0332,11,completed,3
C0332-W12,C0332,12,completed,3
C0333-W01,C0333,1,skipped,0
C0333-W02,C0333,2,completed,4
C0333-W03,C0333,3,completed,3
C0333-W04,C0333,4,completed,3
C0333-W05,C0333,5,completed,2
C0333-W06,C0333,6,completed,4
C0333-W07,C0333,7,completed,2
C0333-W08,C0333,8,completed,2
C0333-W09,C0333,9,completed,2
C0333-W10,C0333,10,completed,4
C0333-W11,C0333,11,completed,3
C0333-W12,C0333,12,completed,2
C0334-W01,C0334,1,completed,2
C0334-W02,C0334,2,completed,2
C0334-W03,C0334,3,completed,4
C0334-W04,C0334,4,completed,4
C0334-W05,C0334,5,completed,3
C0334-W06,C0334,6,completed,4
C0334-W07,C0334,7,completed,2
C0334-W08,C0334,8,completed,3
C0334-W09,C0334,9,completed,4
C0334-W10,C0334,10,completed,4
C0334-W11,C0334,11,completed,2
C0334-W12,C0334,12,skipped,0
C0335-W01,C0335,1,completed,2
C0335-W02,C0335,2,completed,4
C0335-W03,C0335,3,completed,4
C0335-W04,C0335,4,completed,4
C0335-W05,C0335,5,completed,3
C0335-W06,C0335,6,skipped,0
C0335-W07,C0335,7,completed,2
C0335-W08,C0335,8,completed,4
C0335-W09,C0335,9,skipped,0
C0335-W10,C0335,10,completed,3
C0335-W11,C0335,11,late,3
C0335-W12,C0335,12,skipped,0
C0336-W01,C0336,1,skipped,0
C0336-W02,C0336,2,completed,2
C0336-W03,C0336,3,completed,4
C0336-W04,C0336,4,skipped,0
C0336-W05,C0336,5,completed,2
C0336-W06,C0336,6,completed,3
C0336-W07,C0336,7,completed,4
C0336-W08,C0336,8,completed,4
C0336-W09,C0336,9,completed,3
C0336-W10,C0336,10,completed,4
C0336-W11,C0336,11,completed,2
C0336-W12,C0336,12,skipped,0
C0337-W01,C0337,1,completed,4
C0337-W02,C0337,2,late,2
C0337-W03,C0337,3,completed,4
C0337-W04,C0337,4,completed,3
C0337-W05,C0337,5,completed,3
C0337-W06,C0337,6,skipped,0
C0337-W07,C0337,7,skipped,0
C0337-W08,C0337,8,completed,3
C0337-W09,C0337,9,completed,2
C0337-W10,C0337,10,completed,4
C0337-W11,C0337,11,completed,4
C0337-W12,C0337,12,skipped,0
C0338-W01,C0338,1,skipped,0
C0338-W02,C0338,2,completed,2
C0338-W03,C0338,3,completed,4
C0338-W04,C0338,4,completed,2
C0338-W05,C0338,5,completed,2
C0338-W06,C0338,6,skipped,0
C0338-W07,C0338,7,completed,4
C0338-W08,C0338,8,completed,4
C0338-W09,C0338,9,completed,4
C0338-W10,C0338,10,late,4
C0338-W11,C0338,11,completed,4
C0338-W12,C0338,12,late,4
C0339-W01,C0339,1,completed,4
C0339-W02,C0339,2,completed,3
C0339-W03,C0339,3,completed,2
C0339-W04,C0339,4,late,4
C0339-W05,C0339,5,skipped,0
C0339-W06,C0339,6,skipped,0
C0339-W07,C0339,7,completed,2
C0339-W08,C0339,8,completed,4
C0339-W09,C0339,9,completed,3
C0339-W10,C0339,10,completed,4
C0339-W11,C0339,11,completed,4
C0339-W12,C0339,12,completed,4
C0340-W01,C0340,1,completed,2
C0340-W02,C0340,2,completed,4
C0340-W03,C0340,3,completed,3
C0340-W04,C0340,4,completed,4
C0340-W05,C0340,5,skipped,0
C0340-W06,C0340,6,completed,2
C0340-W07,C0340,7,completed,4
C0340-W08,C0340,8,late,2
C0340-W09,C0340,9,completed,3
C0340-W10,C0340,10,completed,2
C0340-W11,C0340,11,skipped,0
C0340-W12,C0340,12,completed,4
C0341-W01,C0341,1,completed,4
C0341-W02,C0341,2,completed,3
C0341-W03,C0341,3,completed,2
C0341-W04,C0341,4,completed,3
C0341-W05,C0341,5,completed,3
C0341-W06,C0341,6,completed,3
C0341-W07,C0341,7,completed,3
C0341-W08,C0341,8,completed,4
C0341-W09,C0341,9,completed,2
C0341-W10,C0341,10,late,2
C0341-W11,C0341,11,skipped,0
C0341-W12,C0341,12,completed,2
C0342-W01,C0342,1,completed,3
C0342-W02,C0342,2,completed,4
C0342-W03,C0342,3,completed,4
C0342-W04,C0342,4,completed,2
C0342-W05,C0342,5,completed,3
C0342-W06,C0342,6,late,4
C0342-W07,C0342,7,completed,4
C0342-W08,C0342,8,completed,2
C0342-W09,C0342,9,completed,4
C0342-W10,C0342,10,completed,2
C0342-W11,C0342,11,completed,4
C0342-W12,C0342,12,skipped,0
C0343-W01,C0343,1,completed,3
C0343-W02,C0343,2,completed,3
C0343-W03,C0343,3,completed,4
C0343-W04,C0343,4,completed,4
C0343-W05,C0343,5,completed,3
C0343-W06,C0343,6,completed,3
C0343-W07,C0343,7,completed,2
C0343-W08,C0343,8,completed,2
C0343-W09,C0343,9,completed,3
C0343-W10,C0343,10,skipped,0
C0343-W11,C0343,11,completed,4
C0343-W12,C0343,12,completed,3
C0344-W01,C0344,1,skipped,0
C0344-W02,C0344,2,completed,2
C0344-W03,C0344,3,completed,2
C0344-W04,C0344,4,completed,3
C0344-W05,C0344,5,completed,2
C0344-W06,C0344,6,completed,4
C0344-W07,C0344,7,completed,4
C0344-W08,C0344,8,completed,3
C0344-W09,C0344,9,late,3
C0344-W10,C0344,10,completed,2
C0344-W11,C0344,11,late,2
C0344-W12,C0344,12,skipped,0
C0345-W01,C0345,1,completed,4
C0345-W02,C0345,2,skipped,0
C0345-W03,C0345,3,completed,3
C0345-W04,C0345,4,completed,2
C0345-W05,C0345,5,completed,4
C0345-W06,C0345,6,completed,2
C0345-W07,C0345,7,completed,4
C0345-W08,C0345,8,completed,3
C0345-W09,C0345,9,completed,4
C0345-W10,C0345,10,completed,3
C0345-W11,C0345,11,completed,3
C0345-W12,C0345,12,completed,2
C0346-W01,C0346,1,completed,3
C0346-W02,C0346,2,completed,3
C0346-W03,C0346,3,completed,3
C0346-W04,C0346,4,late,2
C0346-W05,C0346,5,completed,3
C0346-W06,C0346,6,skipped,0
C0346-W07,C0346,7,completed,3
C0346-W08,C0346,8,completed,3
C0346-W09,C0346,9,completed,3
C0346-W10,C0346,10,completed,3
C0346-W11,C0346,11,completed,3
C0346-W12,C0346,12,completed,4
C0347-W01,C0347,1,completed,4
C0347-W02,C0347,2,completed,3
C0347-W03,C0347,3,skipped,0
C0347-W04,C0347,4,completed,3
C0347-W05,C0347,5,skipped,0
C0347-W06,C0347,6,late,3
C0347-W07,C0347,7,completed,4
C0347-W08,C0347,8,completed,3
C0347-W09,C0347,9,completed,3
C0347-W10,C0347,10,skipped,0
C0347-W11,C0347,11,completed,3
C0347-W12,C0347,12,completed,3
C0348-W01,C0348,1,completed,4
C0348-W02,C0348,2,skipped,0
C0348-W03,C0348,3,completed,3
C0348-W04,C0348,4,completed,4
C0348-W05,C0348,5,completed,2
C0348-W06,C0348,6,skipped,0
C0348-W07,C0348,7,completed,4
C0348-W08,C0348,8,late,4
C0348-W09,C0348,9,completed,4
C0348-W10,C0348,10,completed,2
C0348-W11,C0348,11,skipped,0
C0348-W12,C0348,12,completed,4
C0349-W01,C0349,1,completed,2
C0349-W02,C0349,2,completed,2
C0349-W03,C0349,3,completed,3
C0349-W04,C0349,4,completed,2
C0349-W05,C0349,5,completed,3
C0349-W06,C0349,6,completed,4
C0349-W07,C0349,7,completed,4
C0349-W08,C0349,8,completed,2
C0349-W09,C0349,9,skipped,0
C0349-W10,C0349,10,completed,4
C0349-W11,C0349,11,completed,2
C0349-W12,C0349,12,completed,4
C0350-W01,C0350,1,skipped,0
C0350-W02,C0350,2,skipped,0
C0350-W03,C0350,3,completed,2
C0350-W04,C0350,4,completed,3
C0350-W05,C0350,5,completed,4
C0350-W06,C0350,6,skipped,0
C0350-W07,C0350,7,skipped,0
C0350-W08,C0350,8,completed,3
C0350-W09,C0350,9,completed,2
C0350-W10,C0350,10,skipped,0
C0350-W11,C0350,11,completed,4
C0350-W12,C0350,12,completed,4
C0351-W01,C0351,1,completed,4
C0351-W02,C0351,2,completed,3
C0351-W03,C0351,3,completed,3
C0351-W04,C0351,4,completed,3
C0351-W05,C0351,5,completed,4
C0351-W06,C0351,6,completed,3
C0351-W07,C0351,7,completed,2
C0351-W08,C0351,8,late,3
C0351-W09,C0351,9,late,3
C0351-W10,C0351,10,skipped,0
C0351-W11,C0351,11,completed,4
C0351-W12,C0351,12,completed,3
C0352-W01,C0352,1,completed,3
C0352-W02,C0352,2,skipped,0
C0352-W03,C0352,3,completed,3
C0352-W04,C0352,4,skipped,0
C0352-W05,C0352,5,completed,2
C0352-W06,C0352,6,late,3
C0352-W07,C0352,7,completed,3
C0352-W08,C0352,8,completed,4
C0352-W09,C0352,9,completed,4
C0352-W10,C0352,10,completed,4
C0352-W11,C0352,11,completed,4
C0352-W12,C0352,12,completed,3
C0353-W01,C0353,1,completed,2
C0353-W02,C0353,2,completed,2
C0353-W03,C0353,3,completed,3
C0353-W04,C0353,4,skipped,0
C0353-W05,C0353,5,completed,4
C0353-W06,C0353,6,completed,2
C0353-W07,C0353,7,completed,3
C0353-W08,C0353,8,skipped,0
C0353-W09,C0353,9,completed,2
C0353-W10,C0353,10,completed,3
C0353-W11,C0353,11,completed,4
C0353-W12,C0353,12,completed,4
C0354-W01,C0354,1,completed,4
C0354-W02,C0354,2,completed,4
C0354-W03,C0354,3,skipped,0
C0354-W04,C0354,4,completed,3
C0354-W05,C0354,5,completed,4
C0354-W06,C0354,6,completed,4
C0354-W07,C0354,7,completed,2
C0354-W08,C0354,8,skipped,0
C0354-W09,C0354,9,skipped,0
C0354-W10,C0354,10,completed,2
C0354-W11,C0354,11,completed,4
C0354-W12,C0354,12,completed,3
C0355-W01,C0355,1,completed,2
C0355-W02,C0355,2,completed,4
C0355-W03,C0355,3,completed,3
C0355-W04,C0355,4,skipped,0
C0355-W05,C0355,5,completed,2
C0355-W06,C0355,6,completed,3
C0355-W07,C0355,7,completed,3
C0355-W08,C0355,8,completed,3
C0355-W09,C0355,9,completed,4
C0355-W10,C0355,10,completed,2
C0355-W11,C0355,11,completed,2
C0355-W12,C0355,12,completed,4
C0356-W01,C0356,1,completed,4
C0356-W02,C0356,2,completed,3
C0356-W03,C0356,3,completed,2
C0356-W04,C0356,4,completed,3
C0356-W05,C0356,5,skipped,0
C0356-W06,C0356,6,completed,2
C0356-W07,C0356,7,completed,4
C0356-W08,C0356,8,completed,4
C0356-W09,C0356,9,completed,4
C0356-W10,C0356,10,completed,3
C0356-W11,C0356,11,completed,2
C0356-W12,C0356,12,skipped,0
C0357-W01,C0357,1,late,2
C0357-W02,C0357,2,completed,3
C0357-W03,C0357,3,completed,4
C0357-W04,C0357,4,skipped,0
C0357-W05,C0357,5,completed,3
C0357-W06,C0357,6,completed,2
C0357-W07,C0357,7,completed,2
C0357-W08,C0357,8,completed,4
C0357-W09,C0357,9,completed,3
C0357-W10,C0357,10,completed,4
C0357-W11,C0357,11,skipped,0
C0357-W12,C0357,12,completed,3
C0358-W01,C0358,1,completed,3
C0358-W02,C0358,2,completed,4
C0358-W03,C0358,3,skipped,0
C0358-W04,C0358,4,completed,2
C0358-W05,C0358,5,completed,2
C0358-W06,C0358,6,completed,3
C0358-W07,C0358,7,skipped,0
C0358-W08,C0358,8,completed,4
C0358-W09,C0358,9,completed,2
C0358-W10,C0358,10,completed,3
C0358-W11,C0358,11,skipped,0
C0358-W12,C0358,12,completed,2
C0359-W01,C0359,1,completed,2
C0359-W02,C0359,2,skipped,0
C0359-W03,C0359,3,completed,2
C0359-W04,C0359,4,completed,4
C0359-W05,C0359,5,completed,3
C0359-W06,C0359,6,completed,4
C0359-W07,C0359,7,late,4
C0359-W08,C0359,8,completed,2
C0359-W09,C0359,9,completed,2
C0359-W10,C0359,10,completed,3
C0359-W11,C0359,11,completed,2
C0359-W12,C0359,12,completed,4
C0360-W01,C0360,1,skipped,0
C0360-W02,C0360,2,completed,4
C0360-W03,C0360,3,completed,3
C0360-W04,C0360,4,completed,4
C0360-W05,C0360,5,completed,2
C0360-W06,C0360,6,completed,2
C0360-W07,C0360,7,completed,2
C0360-W08,C0360,8,completed,4
C0360-W09,C0360,9,skipped,0
C0360-W10,C0360,10,completed,2
C0360-W11,C0360,11,skipped,0
C0360-W12,C0360,12,completed,3
C0361-W01,C0361,1,completed,3
C0361-W02,C0361,2,completed,3
C0361-W03,C0361,3,completed,4
C0361-W04,C0361,4,completed,4
C0361-W05,C0361,5,skipped,0
C0361-W06,C0361,6,completed,2
C0361-W07,C0361,7,completed,4
C0361-W08,C0361,8,completed,3
C0361-W09,C0361,9,completed,4
C0361-W10,C0361,10,late,2
C0361-W11,C0361,11,completed,4
C0361-W12,C0361,12,completed,4
C0362-W01,C0362,1,completed,4
C0362-W02,C0362,2,completed,3
C0362-W03,C0362,3,completed,2
C0362-W04,C0362,4,completed,4
C0362-W05,C0362,5,completed,3
C0362-W06,C0362,6,completed,4
C0362-W07,C0362,7,skipped,0
C0362-W08,C0362,8,completed,2
C0362-W09,C0362,9,completed,4
C0362-W10,C0362,10,completed,4
C0362-W11,C0362,11,completed,2
C0362-W12,C0362,12,completed,2
C0363-W01,C0363,1,completed,4
C0363-W02,C0363,2,completed,2
C0363-W03,C0363,3,completed,3
C0363-W04,C0363,4,completed,3
C0363-W05,C0363,5,completed,4
C0363-W06,C0363,6,completed,2
C0363-W07,C0363,7,completed,4
C0363-W08,C0363,8,completed,2
C0363-W09,C0363,9,skipped,0
C0363-W10,C0363,10,completed,4
C0363-W11,C0363,11,completed,4
C0363-W12,C0363,12,completed,3
C0364-W01,C0364,1,skipped,0
C0364-W02,C0364,2,late,2
C0364-W03,C0364,3,completed,4
C0364-W04,C0364,4,skipped,0
C0364-W05,C0364,5,completed,2
C0364-W06,C0364,6,completed,3
C0364-W07,C0364,7,completed,3
C0364-W08,C0364,8,completed,2
C0364-W09,C0364,9,completed,3
C0364-W10,C0364,10,completed,2
C0364-W11,C0364,11,skipped,0
C0364-W12,C0364,12,completed,2
C0365-W01,C0365,1,skipped,0
C0365-W02,C0365,2,completed,4
C0365-W03,C0365,3,completed,2
C0365-W04,C0365,4,skipped,0
C0365-W05,C0365,5,completed,3
C0365-W06,C0365,6,completed,3
C0365-W07,C0365,7,completed,4
C0365-W08,C0365,8,completed,4
C0365-W09,C0365,9,late,2
C0365-W10,C0365,10,completed,3
C0365-W11,C0365,11,completed,3
C0365-W12,C0365,12,completed,3
C0366-W01,C0366,1,completed,2
C0366-W02,C0366,2,skipped,0
C0366-W03,C0366,3,completed,4
C0366-W04,C0366,4,completed,2
C0366-W05,C0366,5,completed,4
C0366-W06,C0366,6,skipped,0
C0366-W07,C0366,7,completed,3
C0366-W08,C0366,8,completed,2
C0366-W09,C0366,9,completed,4
C0366-W10,C0366,10,completed,2
C0366-W11,C0366,11,skipped,0
C0366-W12,C0366,12,completed,4
C0367-W01,C0367,1,completed,2
C0367-W02,C0367,2,completed,4
C0367-W03,C0367,3,completed,3
C0367-W04,C0367,4,completed,2
C0367-W05,C0367,5,late,4
C0367-W06,C0367,6,completed,4
C0367-W07,C0367,7,completed,3
C0367-W08,C0367,8,completed,2
C0367-W09,C0367,9,completed,4
C0367-W10,C0367,10,completed,3
C0367-W11,C0367,11,completed,4
C0367-W12,C0367,12,completed,4
C0368-W01,C0368,1,completed,3
C0368-W02,C0368,2,completed,4
C0368-W03,C0368,3,completed,2
C0368-W04,C0368,4,late,3
C0368-W05,C0368,5,completed,2
C0368-W06,C0368,6,completed,4
C0368-W07,C0368,7,completed,2
C0368-W08,C0368,8,completed,3
C0368-W09,C0368,9,late,2
C0368-W10,C0368,10,completed,4
C0368-W11,C0368,11,completed,3
C0368-W12,C0368,12,skipped,0
C0369-W01,C0369,1,completed,2
C0369-W02,C0369,2,late,2
C0369-W03,C0369,3,completed,4
C0369-W04,C0369,4,completed,2
C0369-W05,C0369,5,completed,3
C0369-W06,C0369,6,completed,3
C0369-W07,C0369,7,completed,3
C0369-W08,C0369,8,completed,2
C0369-W09,C0369,9,skipped,0
C0369-W10,C0369,10,late,2
C0369-W11,C0369,11,skipped,0
C0369-W12,C0369,12,completed,2
C0370-W01,C0370,1,completed,4
C0370-W02,C0370,2,completed,2
C0370-W03,C0370,3,completed,4
C0370-W04,C0370,4,completed,3
C0370-W05,C0370,5,completed,3
C0370-W06,C0370,6,late,3
C0370-W07,C0370,7,completed,3
C0370-W08,C0370,8,completed,3
C0370-W09,C0370,9,completed,2
C0370-W10,C0370,10,skipped,0
C0370-W11,C0370,11,completed,2
C0370-W12,C0370,12,completed,4
C0371-W01,C0371,1,completed,3
C0371-W02,C0371,2,completed,4
C0371-W03,C0371,3,completed,4
C0371-W04,C0371,4,completed,4
C0371-W05,C0371,5,completed,4
C0371-W06,C0371,6,skipped,0
C0371-W07,C0371,7,completed,2
C0371-W08,C0371,8,completed,3
C0371-W09,C0371,9,completed,2
C0371-W10,C0371,10,completed,3
C0371-W11,C0371,11,skipped,0
C0371-W12,C0371,12,completed,2
C0372-W01,C0372,1,completed,2
C0372-W02,C0372,2,completed,2
C0372-W03,C0372,3,completed,3
C0372-W04,C0372,4,completed,3
C0372-W05,C0372,5,completed,4
C0372-W06,C0372,6,completed,3
C0372-W07,C0372,7,late,2
C0372-W08,C0372,8,completed,3
C0372-W09,C0372,9,skipped,0
C0372-W10,C0372,10,completed,2
C0372-W11,C0372,11,completed,2
C0372-W12,C0372,12,completed,2
C0373-W01,C0373,1,completed,4
C0373-W02,C0373,2,completed,3
C0373-W03,C0373,3,completed,3
C0373-W04,C0373,4,completed,3
C0373-W05,C0373,5,completed,2
C0373-W06,C0373,6,completed,2
C0373-W07,C0373,7,completed,4
C0373-W08,C0373,8,completed,2
C0373-W09,C0373,9,completed,3
C0373-W10,C0373,10,completed,2
C0373-W11,C0373,11,skipped,0
C0373-W12,C0373,12,completed,3
C0374-W01,C0374,1,completed,3
C0374-W02,C0374,2,completed,4
C0374-W03,C0374,3,skipped,0
C0374-W04,C0374,4,completed,2
C0374-W05,C0374,5,completed,2
C0374-W06,C0374,6,completed,4
C0374-W07,C0374,7,completed,2
C0374-W08,C0374,8,completed,4
C0374-W09,C0374,9,completed,4
C0374-W10,C0374,10,completed,4
C0374-W11,C0374,11,skipped,0
C0374-W12,C0374,12,completed,3
C0375-W01,C0375,1,completed,2
C0375-W02,C0375,2,completed,4
C0375-W03,C0375,3,completed,2
C0375-W04,C0375,4,completed,3
C0375-W05,C0375,5,completed,4
C0375-W06,C0375,6,completed,2
C0375-W07,C0375,7,completed,4
C0375-W08,C0375,8,skipped,0
C0375-W09,C0375,9,completed,3
C0375-W10,C0375,10,completed,2
C0375-W11,C0375,11,completed,2
C0375-W12,C0375,12,completed,4
C0376-W01,C0376,1,completed,4
C0376-W02,C0376,2,completed,4
C0376-W03,C0376,3,skipped,0
C0376-W04,C0376,4,late,4
C0376-W05,C0376,5,skipped,0
C0376-W06,C0376,6,completed,2
C0376-W07,C0376,7,skipped,0
C0376-W08,C0376,8,skipped,0
C0376-W09,C0376,9,completed,2
C0376-W10,C0376,10,completed,2
C0376-W11,C0376,11,completed,4
C0376-W12,C0376,12,completed,4
C0377-W01,C0377,1,skipped,0
C0377-W02,C0377,2,completed,2
C0377-W03,C0377,3,completed,2
C0377-W04,C0377,4,completed,3
C0377-W05,C0377,5,completed,3
C0377-W06,C0377,6,skipped,0
C0377-W07,C0377,7,completed,4
C0377-W08,C0377,8,completed,3
C0377-W09,C0377,9,skipped,0
C0377-W10,C0377,10,skipped,0
C0377-W11,C0377,11,completed,3
C0377-W12,C0377,12,skipped,0
C0378-W01,C0378,1,completed,3
C0378-W02,C0378,2,completed,4
C0378-W03,C0378,3,skipped,0
C0378-W04,C0378,4,skipped,0
C0378-W05,C0378,5,completed,4
C0378-W06,C0378,6,completed,4
C0378-W07,C0378,7,completed,2
C0378-W08,C0378,8,completed,4
C0378-W09,C0378,9,completed,3
C0378-W10,C0378,10,completed,2
C0378-W11,C0378,11,completed,3
C0378-W12,C0378,12,completed,2
C0379-W01,C0379,1,completed,2
C0379-W02,C0379,2,completed,4
C0379-W03,C0379,3,completed,2
C0379-W04,C0379,4,skipped,0
C0379-W05,C0379,5,completed,3
C0379-W06,C0379,6,completed,2
C0379-W07,C0379,7,completed,2
C0379-W08,C0379,8,completed,3
C0379-W09,C0379,9,completed,4
C0379-W10,C0379,10,skipped,0
C0379-W11,C0379,11,completed,2
C0379-W12,C0379,12,completed,3
C0380-W01,C0380,1,completed,2
C0380-W02,C0380,2,completed,4
C0380-W03,C0380,3,completed,2
C0380-W04,C0380,4,completed,3
C0380-W05,C0380,5,completed,2
C0380-W06,C0380,6,completed,3
C0380-W07,C0380,7,completed,3
C0380-W08,C0380,8,late,2
C0380-W09,C0380,9,completed,2
C0380-W10,C0380,10,skipped,0
C0380-W11,C0380,11,late,4
C0380-W12,C0380,12,completed,3
C0381-W01,C0381,1,completed,3
C0381-W02,C0381,2,skipped,0
C0381-W03,C0381,3,completed,4
C0381-W04,C0381,4,completed,4
C0381-W05,C0381,5,completed,2
C0381-W06,C0381,6,completed,4
C0381-W07,C0381,7,late,3
C0381-W08,C0381,8,skipped,0
C0381-W09,C0381,9,completed,2
C0381-W10,C0381,10,completed,2
C0381-W11,C0381,11,completed,2
C0381-W12,C0381,12,completed,4
C0382-W01,C0382,1,completed,3
C0382-W02,C0382,2,skipped,0
C0382-W03,C0382,3,completed,2
C0382-W04,C0382,4,skipped,0
C0382-W05,C0382,5,completed,2
C0382-W06,C0382,6,completed,4
C0382-W07,C0382,7,completed,2
C0382-W08,C0382,8,completed,2
C0382-W09,C0382,9,completed,3
C0382-W10,C0382,10,completed,4
C0382-W11,C0382,11,skipped,0
C0382-W12,C0382,12,completed,4
C0383-W01,C0383,1,completed,2
C0383-W02,C0383,2,completed,3
C0383-W03,C0383,3,completed,2
C0383-W04,C0383,4,late,3
C0383-W05,C0383,5,completed,3
C0383-W06,C0383,6,completed,2
C0383-W07,C0383,7,completed,3
C0383-W08,C0383,8,late,2
C0383-W09,C0383,9,completed,2
C0383-W10,C0383,10,completed,3
C0383-W11,C0383,11,completed,4
C0383-W12,C0383,12,completed,3
C0384-W01,C0384,1,completed,4
C0384-W02,C0384,2,completed,2
C0384-W03,C0384,3,completed,4
C0384-W04,C0384,4,completed,3
C0384-W05,C0384,5,late,4
C0384-W06,C0384,6,completed,4
C0384-W07,C0384,7,completed,4
C0384-W08,C0384,8,skipped,0
C0384-W09,C0384,9,completed,3
C0384-W10,C0384,10,completed,3
C0384-W11,C0384,11,completed,3
C0384-W12,C0384,12,completed,3
C0385-W01,C0385,1,completed,3
C0385-W02,C0385,2,late,3
C0385-W03,C0385,3,completed,2
C0385-W04,C0385,4,skipped,0
C0385-W05,C0385,5,completed,4
C0385-W06,C0385,6,completed,4
C0385-W07,C0385,7,skipped,0
C0385-W08,C0385,8,skipped,0
C0385-W09,C0385,9,completed,3
C0385-W10,C0385,10,completed,3
C0385-W11,C0385,11,completed,4
C0385-W12,C0385,12,completed,2
C0386-W01,C0386,1,completed,4
C0386-W02,C0386,2,skipped,0
C0386-W03,C0386,3,skipped,0
C0386-W04,C0386,4,completed,3
C0386-W05,C0386,5,completed,2
C0386-W06,C0386,6,completed,4
C0386-W07,C0386,7,skipped,0
C0386-W08,C0386,8,late,3
C0386-W09,C0386,9,completed,4
C0386-W10,C0386,10,completed,2
C0386-W11,C0386,11,completed,2
C0386-W12,C0386,12,completed,3
C0387-W01,C0387,1,completed,4
C0387-W02,C0387,2,completed,2
C0387-W03,C0387,3,completed,2
C0387-W04,C0387,4,skipped,0
C0387-W05,C0387,5,completed,3
C0387-W06,C0387,6,completed,3
C0387-W07,C0387,7,late,3
C0387-W08,C0387,8,completed,2
C0387-W09,C0387,9,completed,3
C0387-W10,C0387,10,completed,2
C0387-W11,C0387,11,completed,3
C0387-W12,C0387,12,completed,3
C0388-W01,C0388,1,skipped,0
C0388-W02,C0388,2,completed,4
C0388-W03,C0388,3,completed,3
C0388-W04,C0388,4,completed,4
C0388-W05,C0388,5,completed,3
C0388-W06,C0388,6,skipped,0
C0388-W07,C0388,7,late,4
C0388-W08,C0388,8,skipped,0
C0388-W09,C0388,9,completed,4
C0388-W10,C0388,10,completed,3
C0388-W11,C0388,11,completed,4
C0388-W12,C0388,12,completed,3
C0389-W01,C0389,1,late,2
C0389-W02,C0389,2,completed,2
C0389-W03,C0389,3,completed,3
C0389-W04,C0389,4,completed,4
C0389-W05,C0389,5,completed,2
C0389-W06,C0389,6,completed,3
C0389-W07,C0389,7,completed,2
C0389-W08,C0389,8,completed,3
C0389-W09,C0389,9,completed,2
C0389-W10,C0389,10,completed,3
C0389-W11,C0389,11,completed,2
C0389-W12,C0389,12,completed,3
C0390-W01,C0390,1,skipped,0
C0390-W02,C0390,2,completed,3
C0390-W03,C0390,3,completed,3
C0390-W04,C0390,4,completed,4
C0390-W05,C0390,5,completed,3
C0390-W06,C0390,6,completed,4
C0390-W07,C0390,7,completed,4
C0390-W08,C0390,8,completed,3
C0390-W09,C0390,9,completed,3
C0390-W10,C0390,10,completed,4
C0390-W11,C0390,11,completed,3
C0390-W12,C0390,12,completed,3
C0391-W01,C0391,1,late,4
C0391-W02,C0391,2,completed,3
C0391-W03,C0391,3,skipped,0
C0391-W04,C0391,4,completed,2
C0391-W05,C0391,5,completed,4
C0391-W06,C0391,6,completed,3
C0391-W07,C0391,7,completed,4
C0391-W08,C0391,8,completed,2
C0391-W09,C0391,9,completed,3
C0391-W10,C0391,10,completed,2
C0391-W11,C0391,11,completed,4
C0391-W12,C0391,12,skipped,0
C0392-W01,C0392,1,completed,4
C0392-W02,C0392,2,completed,4
C0392-W03,C0392,3,completed,2
C0392-W04,C0392,4,completed,4
C0392-W05,C0392,5,completed,2
C0392-W06,C0392,6,skipped,0
C0392-W07,C0392,7,completed,3
C0392-W08,C0392,8,completed,4
C0392-W09,C0392,9,completed,2
C0392-W10,C0392,10,completed,4
C0392-W11,C0392,11,completed,2
C0392-W12,C0392,12,completed,4
C0393-W01,C0393,1,completed,3
C0393-W02,C0393,2,late,2
C0393-W03,C0393,3,late,4
C0393-W04,C0393,4,completed,4
C0393-W05,C0393,5,completed,4
C0393-W06,C0393,6,completed,4
C0393-W07,C0393,7,completed,3
C0393-W08,C0393,8,completed,4
C0393-W09,C0393,9,completed,3
C0393-W10,C0393,10,completed,3
C0393-W11,C0393,11,completed,3
C0393-W12,C0393,12,completed,3
C0394-W01,C0394,1,skipped,0
C0394-W02,C0394,2,completed,4
C0394-W03,C0394,3,completed,2
C0394-W04,C0394,4,late,4
C0394-W05,C0394,5,skipped,0
C0394-W06,C0394,6,late,2
C0394-W07,C0394,7,skipped,0
C0394-W08,C0394,8,completed,4
C0394-W09,C0394,9,completed,2
C0394-W10,C0394,10,completed,3
C0394-W11,C0394,11,completed,3
C0394-W12,C0394,12,completed,4
C0395-W01,C0395,1,completed,2
C0395-W02,C0395,2,completed,2
C0395-W03,C0395,3,completed,3
C0395-W04,C0395,4,completed,2
C0395-W05,C0395,5,skipped,0
C0395-W06,C0395,6,completed,3
C0395-W07,C0395,7,completed,4
C0395-W08,C0395,8,skipped,0
C0395-W09,C0395,9,completed,3
C0395-W10,C0395,10,completed,4
C0395-W11,C0395,11,completed,3
C0395-W12,C0395,12,completed,2
C0396-W01,C0396,1,late,2
C0396-W02,C0396,2,skipped,0
C0396-W03,C0396,3,completed,4
C0396-W04,C0396,4,completed,4
C0396-W05,C0396,5,completed,4
C0396-W06,C0396,6,completed,2
C0396-W07,C0396,7,completed,3
C0396-W08,C0396,8,skipped,0
C0396-W09,C0396,9,completed,3
C0396-W10,C0396,10,completed,4
C0396-W11,C0396,11,completed,4
C0396-W12,C0396,12,completed,2
C0397-W01,C0397,1,completed,2
C0397-W02,C0397,2,completed,4
C0397-W03,C0397,3,completed,3
C0397-W04,C0397,4,skipped,0
C0397-W05,C0397,5,completed,3
C0397-W06,C0397,6,completed,3
C0397-W07,C0397,7,late,4
C0397-W08,C0397,8,completed,2
C0397-W09,C0397,9,completed,2
C0397-W10,C0397,10,completed,3
C0397-W11,C0397,11,completed,4
C0397-W12,C0397,12,completed,3
C0398-W01,C0398,1,completed,4
C0398-W02,C0398,2,completed,3
C0398-W03,C0398,3,completed,3
C0398-W04,C0398,4,completed,4
C0398-W05,C0398,5,completed,4
C0398-W06,C0398,6,completed,2
C0398-W07,C0398,7,completed,3
C0398-W08,C0398,8,completed,3
C0398-W09,C0398,9,late,3
C0398-W10,C0398,10,completed,2
C0398-W11,C0398,11,completed,2
C0398-W12,C0398,12,skipped,0
C0399-W01,C0399,1,completed,3
C0399-W02,C0399,2,skipped,0
C0399-W03,C0399,3,late,2
C0399-W04,C0399,4,skipped,0
C0399-W05,C0399,5,completed,3
C0399-W06,C0399,6,completed,2
C0399-W07,C0399,7,completed,3
C0399-W08,C0399,8,completed,3
C0399-W09,C0399,9,skipped,0
C0399-W10,C0399,10,skipped,0
C0399-W11,C0399,11,skipped,0
C0399-W12,C0399,12,completed,3
C0400-W01,C0400,1,completed,3
C0400-W02,C0400,2,completed,2
C0400-W03,C0400,3,skipped,0
C0400-W04,C0400,4,completed,3
C0400-W05,C0400,5,completed,3
C0400-W06,C0400,6,skipped,0
C0400-W07,C0400,7,completed,3
C0400-W08,C0400,8,completed,3
C0400-W09,C0400,9,completed,2
C0400-W10,C0400,10,skipped,0
C0400-W11,C0400,11,completed,2
C0400-W12,C0400,12,skipped,0
C0401-W01,C0401,1,completed,4
C0401-W02,C0401,2,late,3
C0401-W03,C0401,3,completed,4
C0401-W04,C0401,4,completed,3
C0401-W05,C0401,5,late,4
C0401-W06,C0401,6,completed,2
C0401-W07,C0401,7,completed,2
C0401-W08,C0401,8,skipped,0
C0401-W09,C0401,9,completed,4
C0401-W10,C0401,10,completed,2
C0401-W11,C0401,11,completed,2
C0401-W12,C0401,12,completed,2
C0402-W01,C0402,1,completed,2
C0402-W02,C0402,2,completed,4
C0402-W03,C0402,3,completed,4
C0402-W04,C0402,4,completed,2
C0402-W05,C0402,5,completed,3
C0402-W06,C0402,6,completed,2
C0402-W07,C0402,7,completed,2
C0402-W08,C0402,8,completed,2
C0402-W09,C0402,9,skipped,0
C0402-W10,C0402,10,completed,3
C0402-W11,C0402,11,completed,2
C0402-W12,C0402,12,completed,4
C0403-W01,C0403,1,completed,4
C0403-W02,C0403,2,completed,4
C0403-W03,C0403,3,completed,2
C0403-W04,C0403,4,completed,3
C0403-W05,C0403,5,late,4
C0403-W06,C0403,6,completed,2
C0403-W07,C0403,7,completed,4
C0403-W08,C0403,8,completed,4
C0403-W09,C0403,9,late,3
C0403-W10,C0403,10,completed,2
C0403-W11,C0403,11,completed,2
C0403-W12,C0403,12,completed,3
C0404-W01,C0404,1,completed,2
C0404-W02,C0404,2,completed,2
C0404-W03,C0404,3,completed,4
C0404-W04,C0404,4,skipped,0
C0404-W05,C0404,5,completed,2
C0404-W06,C0404,6,completed,4
C0404-W07,C0404,7,completed,3
C0404-W08,C0404,8,skipped,0
C0404-W09,C0404,9,completed,2
C0404-W10,C0404,10,completed,4
C0404-W11,C0404,11,completed,2
C0404-W12,C0404,12,skipped,0
C0405-W01,C0405,1,completed,3
C0405-W02,C0405,2,completed,3
C0405-W03,C0405,3,completed,3
C0405-W04,C0405,4,late,2
C0405-W05,C0405,5,completed,3
C0405-W06,C0405,6,completed,4
C0405-W07,C0405,7,skipped,0
C0405-W08,C0405,8,completed,2
C0405-W09,C0405,9,completed,2
C0405-W10,C0405,10,completed,4
C0405-W11,C0405,11,skipped,0
C0405-W12,C0405,12,completed,4
C0406-W01,C0406,1,completed,3
C0406-W02,C0406,2,completed,2
C0406-W03,C0406,3,completed,2
C0406-W04,C0406,4,completed,2
C0406-W05,C0406,5,completed,4
C0406-W06,C0406,6,late,3
C0406-W07,C0406,7,completed,4
C0406-W08,C0406,8,completed,3
C0406-W09,C0406,9,completed,3
C0406-W10,C0406,10,completed,4
C0406-W11,C0406,11,completed,2
C0406-W12,C0406,12,skipped,0
C0407-W01,C0407,1,completed,2
C0407-W02,C0407,2,completed,3
C0407-W03,C0407,3,skipped,0
C0407-W04,C0407,4,completed,4
C0407-W05,C0407,5,skipped,0
C0407-W06,C0407,6,completed,3
C0407-W07,C0407,7,completed,4
C0407-W08,C0407,8,completed,4
C0407-W09,C0407,9,skipped,0
C0407-W10,C0407,10,completed,2
C0407-W11,C0407,11,skipped,0
C0407-W12,C0407,12,completed,2
C0408-W01,C0408,1,completed,4
C0408-W02,C0408,2,completed,2
C0408-W03,C0408,3,completed,2
C0408-W04,C0408,4,skipped,0
C0408-W05,C0408,5,completed,2
C0408-W06,C0408,6,completed,2
C0408-W07,C0408,7,completed,4
C0408-W08,C0408,8,completed,3
C0408-W09,C0408,9,completed,4
C0408-W10,C0408,10,completed,3
C0408-W11,C0408,11,completed,3
C0408-W12,C0408,12,completed,2
C0409-W01,C0409,1,completed,4
C0409-W02,C0409,2,late,3
C0409-W03,C0409,3,completed,3
C0409-W04,C0409,4,completed,2
C0409-W05,C0409,5,completed,2
C0409-W06,C0409,6,completed,2
C0409-W07,C0409,7,completed,2
C0409-W08,C0409,8,completed,4
C0409-W09,C0409,9,completed,4
C0409-W10,C0409,10,completed,3
C0409-W11,C0409,11,completed,2
C0409-W12,C0409,12,completed,3
C0410-W01,C0410,1,completed,4
C0410-W02,C0410,2,completed,3
C0410-W03,C0410,3,completed,4
C0410-W04,C0410,4,completed,3
C0410-W05,C0410,5,completed,2
C0410-W06,C0410,6,completed,2
C0410-W07,C0410,7,completed,2
C0410-W08,C0410,8,skipped,0
C0410-W09,C0410,9,completed,3
C0410-W10,C0410,10,completed,2
C0410-W11,C0410,11,completed,3
C0410-W12,C0410,12,skipped,0
C0411-W01,C0411,1,completed,2
C0411-W02,C0411,2,completed,3
C0411-W03,C0411,3,completed,2
C0411-W04,C0411,4,completed,3
C0411-W05,C0411,5,completed,3
C0411-W06,C0411,6,completed,2
C0411-W07,C0411,7,completed,4
C0411-W08,C0411,8,completed,3
C0411-W09,C0411,9,skipped,0
C0411-W10,C0411,10,late,3
C0411-W11,C0411,11,completed,4
C0411-W12,C0411,12,completed,4
C0412-W01,C0412,1,completed,3
C0412-W02,C0412,2,completed,3
C0412-W03,C0412,3,skipped,0
C0412-W04,C0412,4,completed,2
C0412-W05,C0412,5,completed,2
C0412-W06,C0412,6,completed,4
C0412-W07,C0412,7,completed,2
C0412-W08,C0412,8,completed,3
C0412-W09,C0412,9,completed,3
C0412-W10,C0412,10,skipped,0
C0412-W11,C0412,11,completed,3
C0412-W12,C0412,12,skipped,0
C0413-W01,C0413,1,skipped,0
C0413-W02,C0413,2,completed,4
C0413-W03,C0413,3,late,3
C0413-W04,C0413,4,completed,3
C0413-W05,C0413,5,skipped,0
C0413-W06,C0413,6,skipped,0
C0413-W07,C0413,7,completed,2
C0413-W08,C0413,8,completed,3
C0413-W09,C0413,9,completed,2
C0413-W10,C0413,10,completed,4
C0413-W11,C0413,11,completed,2
C0413-W12,C0413,12,completed,4
C0414-W01,C0414,1,completed,4
C0414-W02,C0414,2,completed,4
C0414-W03,C0414,3,completed,3
C0414-W04,C0414,4,completed,4
C0414-W05,C0414,5,completed,2
C0414-W06,C0414,6,completed,2
C0414-W07,C0414,7,completed,2
C0414-W08,C0414,8,completed,3
C0414-W09,C0414,9,skipped,0
C0414-W10,C0414,10,completed,2
C0414-W11,C0414,11,completed,4
C0414-W12,C0414,12,completed,4
C0415-W01,C0415,1,completed,2
C0415-W02,C0415,2,completed,4
C0415-W03,C0415,3,completed,4
C0415-W04,C0415,4,skipped,0
C0415-W05,C0415,5,completed,2
C0415-W06,C0415,6,completed,2
C0415-W07,C0415,7,skipped,0
C0415-W08,C0415,8,completed,4
C0415-W09,C0415,9,skipped,0
C0415-W10,C0415,10,completed,2
C0415-W11,C0415,11,completed,4
C0415-W12,C0415,12,completed,3
C0416-W01,C0416,1,completed,4
C0416-W02,C0416,2,completed,4
C0416-W03,C0416,3,completed,2
C0416-W04,C0416,4,completed,3
C0416-W05,C0416,5,completed,4
C0416-W06,C0416,6,completed,2
C0416-W07,C0416,7,late,4
C0416-W08,C0416,8,skipped,0
C0416-W09,C0416,9,skipped,0
C0416-W10,C0416,10,completed,2
C0416-W11,C0416,11,completed,3
C0416-W12,C0416,12,completed,2
C0417-W01,C0417,1,completed,2
C0417-W02,C0417,2,skipped,0
C0417-W03,C0417,3,completed,3
C0417-W04,C0417,4,completed,3
C0417-W05,C0417,5,completed,3
C0417-W06,C0417,6,completed,4
C0417-W07,C0417,7,completed,2
C0417-W08,C0417,8,completed,3
C0417-W09,C0417,9,completed,4
C0417-W10,C0417,10,skipped,0
C0417-W11,C0417,11,completed,3
C0417-W12,C0417,12,completed,4
C0418-W01,C0418,1,completed,3
C0418-W02,C0418,2,completed,3
C0418-W03,C0418,3,completed,3
C0418-W04,C0418,4,completed,4
C0418-W05,C0418,5,skipped,0
C0418-W06,C0418,6,completed,4
C0418-W07,C0418,7,completed,4
C0418-W08,C0418,8,completed,2
C0418-W09,C0418,9,skipped,0
C0418-W10,C0418,10,completed,3
C0418-W11,C0418,11,completed,3
C0418-W12,C0418,12,completed,4
C0419-W01,C0419,1,completed,2
C0419-W02,C0419,2,completed,4
C0419-W03,C0419,3,late,2
C0419-W04,C0419,4,completed,2
C0419-W05,C0419,5,completed,2
C0419-W06,C0419,6,completed,3
C0419-W07,C0419,7,skipped,0
C0419-W08,C0419,8,completed,3
C0419-W09,C0419,9,completed,4
C0419-W10,C0419,10,completed,4
C0419-W11,C0419,11,completed,2
C0419-W12,C0419,12,completed,2
C0420-W01,C0420,1,completed,4
C0420-W02,C0420,2,completed,3
C0420-W03,C0420,3,completed,3
C0420-W04,C0420,4,completed,4
C0420-W05,C0420,5,completed,2
C0420-W06,C0420,6,late,2
C0420-W07,C0420,7,completed,4
C0420-W08,C0420,8,completed,2
C0420-W09,C0420,9,skipped,0
C0420-W10,C0420,10,skipped,0
C0420-W11,C0420,11,completed,4
C0420-W12,C0420,12,completed,2
C0421-W01,C0421,1,completed,2
C0421-W02,C0421,2,completed,2
C0421-W03,C0421,3,completed,2
C0421-W04,C0421,4,completed,4
C0421-W05,C0421,5,completed,4
C0421-W06,C0421,6,completed,3
C0421-W07,C0421,7,completed,2
C0421-W08,C0421,8,completed,3
C0421-W09,C0421,9,completed,2
C0421-W10,C0421,10,completed,4
C0421-W11,C0421,11,completed,2
C0421-W12,C0421,12,skipped,0
C0422-W01,C0422,1,completed,4
C0422-W02,C0422,2,completed,4
C0422-W03,C0422,3,completed,3
C0422-W04,C0422,4,skipped,0
C0422-W05,C0422,5,completed,2
C0422-W06,C0422,6,completed,3
C0422-W07,C0422,7,completed,4
C0422-W08,C0422,8,completed,4
C0422-W09,C0422,9,completed,2
C0422-W10,C0422,10,completed,3
C0422-W11,C0422,11,completed,2
C0422-W12,C0422,12,completed,3
C0423-W01,C0423,1,completed,2
C0423-W02,C0423,2,completed,3
C0423-W03,C0423,3,completed,2
C0423-W04,C0423,4,completed,4
C0423-W05,C0423,5,completed,4
C0423-W06,C0423,6,completed,4
C0423-W07,C0423,7,skipped,0
C0423-W08,C0423,8,completed,3
C0423-W09,C0423,9,completed,4
C0423-W10,C0423,10,completed,2
C0423-W11,C0423,11,late,3
C0423-W12,C0423,12,late,2
C0424-W01,C0424,1,completed,4
C0424-W02,C0424,2,completed,4
C0424-W03,C0424,3,completed,3
C0424-W04,C0424,4,completed,4
C0424-W05,C0424,5,completed,4
C0424-W06,C0424,6,completed,2
C0424-W07,C0424,7,completed,2
C0424-W08,C0424,8,completed,2
C0424-W09,C0424,9,completed,4
C0424-W10,C0424,10,completed,3
C0424-W11,C0424,11,completed,4
C0424-W12,C0424,12,completed,3
C0425-W01,C0425,1,completed,2
C0425-W02,C0425,2,skipped,0
C0425-W03,C0425,3,completed,3
C0425-W04,C0425,4,completed,3
C0425-W05,C0425,5,completed,2
C0425-W06,C0425,6,completed,3
C0425-W07,C0425,7,completed,4
C0425-W08,C0425,8,completed,4
C0425-W09,C0425,9,completed,2
C0425-W10,C0425,10,skipped,0
C0425-W11,C0425,11,completed,2
C0425-W12,C0425,12,late,2
C0426-W01,C0426,1,skipped,0
C0426-W02,C0426,2,completed,3
C0426-W03,C0426,3,skipped,0
C0426-W04,C0426,4,skipped,0
C0426-W05,C0426,5,completed,3
C0426-W06,C0426,6,completed,3
C0426-W07,C0426,7,skipped,0
C0426-W08,C0426,8,completed,3
C0426-W09,C0426,9,completed,3
C0426-W10,C0426,10,completed,3
C0426-W11,C0426,11,completed,3
C0426-W12,C0426,12,completed,3
C0427-W01,C0427,1,skipped,0
C0427-W02,C0427,2,completed,3
C0427-W03,C0427,3,completed,2
C0427-W04,C0427,4,completed,3
C0427-W05,C0427,5,completed,4
C0427-W06,C0427,6,skipped,0
C0427-W07,C0427,7,completed,2
C0427-W08,C0427,8,late,3
C0427-W09,C0427,9,completed,3
C0427-W10,C0427,10,completed,4
C0427-W11,C0427,11,skipped,0
C0427-W12,C0427,12,skipped,0
C0428-W01,C0428,1,completed,3
C0428-W02,C0428,2,completed,3
C0428-W03,C0428,3,completed,4
C0428-W04,C0428,4,completed,3
C0428-W05,C0428,5,completed,2
C0428-W06,C0428,6,completed,3
C0428-W07,C0428,7,late,2
C0428-W08,C0428,8,completed,3
C0428-W09,C0428,9,late,2
C0428-W10,C0428,10,completed,4
C0428-W11,C0428,11,late,3
C0428-W12,C0428,12,completed,4
C0429-W01,C0429,1,skipped,0
C0429-W02,C0429,2,skipped,0
C0429-W03,C0429,3,completed,2
C0429-W04,C0429,4,completed,2
C0429-W05,C0429,5,completed,3
C0429-W06,C0429,6,late,4
C0429-W07,C0429,7,completed,3
C0429-W08,C0429,8,late,2
C0429-W09,C0429,9,completed,2
C0429-W10,C0429,10,completed,3
C0429-W11,C0429,11,completed,3
C0429-W12,C0429,12,skipped,0
C0430-W01,C0430,1,skipped,0
C0430-W02,C0430,2,completed,4
C0430-W03,C0430,3,completed,3
C0430-W04,C0430,4,skipped,0
C0430-W05,C0430,5,completed,4
C0430-W06,C0430,6,completed,3
C0430-W07,C0430,7,completed,4
C0430-W08,C0430,8,completed,2
C0430-W09,C0430,9,completed,4
C0430-W10,C0430,10,completed,4
C0430-W11,C0430,11,completed,2
C0430-W12,C0430,12,completed,3
C0431-W01,C0431,1,skipped,0
C0431-W02,C0431,2,completed,3
C0431-W03,C0431,3,completed,3
C0431-W04,C0431,4,skipped,0
C0431-W05,C0431,5,completed,2
C0431-W06,C0431,6,completed,4
C0431-W07,C0431,7,completed,4
C0431-W08,C0431,8,completed,2
C0431-W09,C0431,9,completed,2
C0431-W10,C0431,10,skipped,0
C0431-W11,C0431,11,completed,2
C0431-W12,C0431,12,skipped,0
C0432-W01,C0432,1,completed,2
C0432-W02,C0432,2,completed,3
C0432-W03,C0432,3,completed,2
C0432-W04,C0432,4,completed,3
C0432-W05,C0432,5,skipped,0
C0432-W06,C0432,6,completed,2
C0432-W07,C0432,7,completed,3
C0432-W08,C0432,8,completed,4
C0432-W09,C0432,9,completed,2
C0432-W10,C0432,10,completed,4
C0432-W11,C0432,11,completed,4
C0432-W12,C0432,12,late,2
C0433-W01,C0433,1,completed,4
C0433-W02,C0433,2,skipped,0
C0433-W03,C0433,3,completed,3
C0433-W04,C0433,4,completed,2
C0433-W05,C0433,5,completed,4
C0433-W06,C0433,6,completed,2
C0433-W07,C0433,7,completed,3
C0433-W08,C0433,8,skipped,0
C0433-W09,C0433,9,skipped,0
C0433-W10,C0433,10,completed,4
C0433-W11,C0433,11,completed,2
C0433-W12,C0433,12,completed,3
C0434-W01,C0434,1,completed,2
C0434-W02,C0434,2,completed,2
C0434-W03,C0434,3,completed,4
C0434-W04,C0434,4,completed,2
C0434-W05,C0434,5,completed,3
C0434-W06,C0434,6,skipped,0
C0434-W07,C0434,7,skipped,0
C0434-W08,C0434,8,completed,4
C0434-W09,C0434,9,completed,4
C0434-W10,C0434,10,completed,4
C0434-W11,C0434,11,skipped,0
C0434-W12,C0434,12,completed,2
C0435-W01,C0435,1,completed,2
C0435-W02,C0435,2,completed,2
C0435-W03,C0435,3,late,2
C0435-W04,C0435,4,completed,3
C0435-W05,C0435,5,completed,2
C0435-W06,C0435,6,completed,2
C0435-W07,C0435,7,completed,2
C0435-W08,C0435,8,skipped,0
C0435-W09,C0435,9,completed,2
C0435-W10,C0435,10,completed,4
C0435-W11,C0435,11,completed,2
C0435-W12,C0435,12,completed,3
C0436-W01,C0436,1,late,3
C0436-W02,C0436,2,completed,3
C0436-W03,C0436,3,completed,3
C0436-W04,C0436,4,completed,4
C0436-W05,C0436,5,completed,3
C0436-W06,C0436,6,completed,2
C0436-W07,C0436,7,late,3
C0436-W08,C0436,8,completed,3
C0436-W09,C0436,9,completed,4
C0436-W10,C0436,10,completed,3
C0436-W11,C0436,11,completed,3
C0436-W12,C0436,12,completed,4
C0437-W01,C0437,1,completed,2
C0437-W02,C0437,2,completed,4
C0437-W03,C0437,3,completed,4
C0437-W04,C0437,4,completed,4
C0437-W05,C0437,5,completed,3
C0437-W06,C0437,6,completed,2
C0437-W07,C0437,7,completed,2
C0437-W08,C0437,8,skipped,0
C0437-W09,C0437,9,late,2
C0437-W10,C0437,10,completed,2
C0437-W11,C0437,11,late,3
C0437-W12,C0437,12,completed,3
C0438-W01,C0438,1,skipped,0
C0438-W02,C0438,2,completed,3
C0438-W03,C0438,3,completed,2
C0438-W04,C0438,4,late,4
C0438-W05,C0438,5,completed,3
C0438-W06,C0438,6,completed,2
C0438-W07,C0438,7,completed,2
C0438-W08,C0438,8,skipped,0
C0438-W09,C0438,9,completed,4
C0438-W10,C0438,10,completed,3
C0438-W11,C0438,11,completed,4
C0438-W12,C0438,12,completed,2
C0439-W01,C0439,1,completed,4
C0439-W02,C0439,2,completed,2
C0439-W03,C0439,3,completed,2
C0439-W04,C0439,4,completed,3
C0439-W05,C0439,5,completed,4
C0439-W06,C0439,6,completed,3
C0439-W07,C0439,7,completed,2
C0439-W08,C0439,8,completed,3
C0439-W09,C0439,9,completed,4
C0439-W10,C0439,10,completed,2
C0439-W11,C0439,11,completed,4
C0439-W12,C0439,12,completed,2
C0440-W01,C0440,1,completed,2
C0440-W02,C0440,2,late,3
C0440-W03,C0440,3,completed,3
C0440-W04,C0440,4,completed,2
C0440-W05,C0440,5,completed,4
C0440-W06,C0440,6,completed,3
C0440-W07,C0440,7,completed,3
C0440-W08,C0440,8,skipped,0
C0440-W09,C0440,9,completed,3
C0440-W10,C0440,10,completed,3
C0440-W11,C0440,11,skipped,0
C0440-W12,C0440,12,completed,2
C0441-W01,C0441,1,completed,3
C0441-W02,C0441,2,completed,2
C0441-W03,C0441,3,completed,4
C0441-W04,C0441,4,completed,2
C0441-W05,C0441,5,skipped,0
C0441-W06,C0441,6,completed,2
C0441-W07,C0441,7,completed,4
C0441-W08,C0441,8,completed,3
C0441-W09,C0441,9,completed,4
C0441-W10,C0441,10,completed,3
C0441-W11,C0441,11,skipped,0
C0441-W12,C0441,12,skipped,0
C0442-W01,C0442,1,completed,2
C0442-W02,C0442,2,completed,2
C0442-W03,C0442,3,completed,3
C0442-W04,C0442,4,completed,4
C0442-W05,C0442,5,completed,4
C0442-W06,C0442,6,skipped,0
C0442-W07,C0442,7,completed,2
C0442-W08,C0442,8,completed,2
C0442-W09,C0442,9,skipped,0
C0442-W10,C0442,10,skipped,0
C0442-W11,C0442,11,completed,3
C0442-W12,C0442,12,skipped,0
C0443-W01,C0443,1,skipped,0
C0443-W02,C0443,2,completed,2
C0443-W03,C0443,3,completed,3
C0443-W04,C0443,4,late,2
C0443-W05,C0443,5,completed,3
C0443-W06,C0443,6,completed,3
C0443-W07,C0443,7,completed,3
C0443-W08,C0443,8,completed,3
C0443-W09,C0443,9,completed,3
C0443-W10,C0443,10,completed,4
C0443-W11,C0443,11,completed,3
C0443-W12,C0443,12,completed,2
C0444-W01,C0444,1,completed,2
C0444-W02,C0444,2,late,4
C0444-W03,C0444,3,skipped,0
C0444-W04,C0444,4,completed,3
C0444-W05,C0444,5,skipped,0
C0444-W06,C0444,6,completed,3
C0444-W07,C0444,7,completed,2
C0444-W08,C0444,8,skipped,0
C0444-W09,C0444,9,skipped,0
C0444-W10,C0444,10,completed,4
C0444-W11,C0444,11,completed,4
C0444-W12,C0444,12,completed,3
C0445-W01,C0445,1,late,4
C0445-W02,C0445,2,completed,2
C0445-W03,C0445,3,completed,3
C0445-W04,C0445,4,completed,2
C0445-W05,C0445,5,completed,3
C0445-W06,C0445,6,completed,4
C0445-W07,C0445,7,completed,2
C0445-W08,C0445,8,completed,3
C0445-W09,C0445,9,completed,2
C0445-W10,C0445,10,completed,3
C0445-W11,C0445,11,completed,4
C0445-W12,C0445,12,completed,4
C0446-W01,C0446,1,completed,2
C0446-W02,C0446,2,completed,2
C0446-W03,C0446,3,completed,3
C0446-W04,C0446,4,skipped,0
C0446-W05,C0446,5,completed,4
C0446-W06,C0446,6,completed,3
C0446-W07,C0446,7,skipped,0
C0446-W08,C0446,8,completed,3
C0446-W09,C0446,9,skipped,0
C0446-W10,C0446,10,completed,2
C0446-W11,C0446,11,completed,4
C0446-W12,C0446,12,late,2
C0447-W01,C0447,1,completed,2
C0447-W02,C0447,2,skipped,0
C0447-W03,C0447,3,completed,2
C0447-W04,C0447,4,late,3
C0447-W05,C0447,5,completed,2
C0447-W06,C0447,6,completed,3
C0447-W07,C0447,7,completed,2
C0447-W08,C0447,8,completed,2
C0447-W09,C0447,9,skipped,0
C0447-W10,C0447,10,completed,2
C0447-W11,C0447,11,completed,2
C0447-W12,C0447,12,completed,3
C0448-W01,C0448,1,completed,2
C0448-W02,C0448,2,completed,3
C0448-W03,C0448,3,completed,4
C0448-W04,C0448,4,late,3
C0448-W05,C0448,5,completed,4
C0448-W06,C0448,6,skipped,0
C0448-W07,C0448,7,skipped,0
C0448-W08,C0448,8,completed,2
C0448-W09,C0448,9,completed,2
C0448-W10,C0448,10,completed,3
C0448-W11,C0448,11,completed,2
C0448-W12,C0448,12,completed,2
C0449-W01,C0449,1,skipped,0
C0449-W02,C0449,2,completed,3
C0449-W03,C0449,3,completed,2
C0449-W04,C0449,4,completed,2
C0449-W05,C0449,5,completed,3
C0449-W06,C0449,6,late,3
C0449-W07,C0449,7,completed,3
C0449-W08,C0449,8,completed,2
C0449-W09,C0449,9,skipped,0
C0449-W10,C0449,10,completed,2
C0449-W11,C0449,11,completed,2
C0449-W12,C0449,12,completed,3
C0450-W01,C0450,1,completed,4
C0450-W02,C0450,2,completed,2
C0450-W03,C0450,3,completed,3
C0450-W04,C0450,4,completed,3
C0450-W05,C0450,5,late,4
C0450-W06,C0450,6,completed,2
C0450-W07,C0450,7,skipped,0
C0450-W08,C0450,8,completed,3
C0450-W09,C0450,9,skipped,0
C0450-W10,C0450,10,skipped,0
C0450-W11,C0450,11,completed,4
C0450-W12,C0450,12,completed,4
C0451-W01,C0451,1,completed,3
C0451-W02,C0451,2,completed,4
C0451-W03,C0451,3,skipped,0
C0451-W04,C0451,4,skipped,0
C0451-W05,C0451,5,completed,2
C0451-W06,C0451,6,late,3
C0451-W07,C0451,7,late,3
C0451-W08,C0451,8,completed,2
C0451-W09,C0451,9,completed,2
C0451-W10,C0451,10,completed,3
C0451-W11,C0451,11,completed,2
C0451-W12,C0451,12,completed,2
C0452-W01,C0452,1,completed,2
C0452-W02,C0452,2,completed,3
C0452-W03,C0452,3,completed,2
C0452-W04,C0452,4,skipped,0
C0452-W05,C0452,5,completed,3
C0452-W06,C0452,6,completed,4
C0452-W07,C0452,7,skipped,0
C0452-W08,C0452,8,late,3
C0452-W09,C0452,9,completed,4
C0452-W10,C0452,10,completed,3
C0452-W11,C0452,11,completed,4
C0452-W12,C0452,12,skipped,0
C0453-W01,C0453,1,completed,4
C0453-W02,C0453,2,completed,4
C0453-W03,C0453,3,completed,2
C0453-W04,C0453,4,completed,4
C0453-W05,C0453,5,completed,3
C0453-W06,C0453,6,completed,3
C0453-W07,C0453,7,completed,4
C0453-W08,C0453,8,completed,2
C0453-W09,C0453,9,completed,4
C0453-W10,C0453,10,completed,4
C0453-W11,C0453,11,completed,4
C0453-W12,C0453,12,completed,4
C0454-W01,C0454,1,completed,3
C0454-W02,C0454,2,completed,3
C0454-W03,C0454,3,completed,3
C0454-W04,C0454,4,completed,3
C0454-W05,C0454,5,completed,3
C0454-W06,C0454,6,completed,3
C0454-W07,C0454,7,completed,4
C0454-W08,C0454,8,completed,4
C0454-W09,C0454,9,skipped,0
C0454-W10,C0454,10,skipped,0
C0454-W11,C0454,11,completed,3
C0454-W12,C0454,12,completed,4
C0455-W01,C0455,1,completed,2
C0455-W02,C0455,2,completed,4
C0455-W03,C0455,3,completed,2
C0455-W04,C0455,4,completed,3
C0455-W05,C0455,5,completed,3
C0455-W06,C0455,6,completed,4
C0455-W07,C0455,7,completed,2
C0455-W08,C0455,8,completed,4
C0455-W09,C0455,9,skipped,0
C0455-W10,C0455,10,completed,2
C0455-W11,C0455,11,completed,3
C0455-W12,C0455,12,completed,4
C0456-W01,C0456,1,completed,3
C0456-W02,C0456,2,completed,2
C0456-W03,C0456,3,completed,4
C0456-W04,C0456,4,completed,4
C0456-W05,C0456,5,completed,4
C0456-W06,C0456,6,completed,3
C0456-W07,C0456,7,completed,4
C0456-W08,C0456,8,completed,3
C0456-W09,C0456,9,completed,3
C0456-W10,C0456,10,completed,2
C0456-W11,C0456,11,completed,3
C0456-W12,C0456,12,skipped,0
C0457-W01,C0457,1,completed,2
C0457-W02,C0457,2,completed,3
C0457-W03,C0457,3,skipped,0
C0457-W04,C0457,4,completed,3
C0457-W05,C0457,5,completed,4
C0457-W06,C0457,6,completed,2
C0457-W07,C0457,7,completed,4
C0457-W08,C0457,8,completed,2
C0457-W09,C0457,9,skipped,0
C0457-W10,C0457,10,skipped,0
C0457-W11,C0457,11,completed,3
C0457-W12,C0457,12,completed,4
C0458-W01,C0458,1,completed,4
C0458-W02,C0458,2,completed,2
C0458-W03,C0458,3,completed,2
C0458-W04,C0458,4,skipped,0
C0458-W05,C0458,5,completed,2
C0458-W06,C0458,6,completed,3
C0458-W07,C0458,7,completed,4
C0458-W08,C0458,8,completed,2
C0458-W09,C0458,9,completed,4
C0458-W10,C0458,10,completed,3
C0458-W11,C0458,11,skipped,0
C0458-W12,C0458,12,skipped,0
C0459-W01,C0459,1,completed,3
C0459-W02,C0459,2,completed,2
C0459-W03,C0459,3,completed,3
C0459-W04,C0459,4,completed,3
C0459-W05,C0459,5,completed,3
C0459-W06,C0459,6,completed,2
C0459-W07,C0459,7,skipped,0
C0459-W08,C0459,8,completed,2
C0459-W09,C0459,9,skipped,0
C0459-W10,C0459,10,completed,2
C0459-W11,C0459,11,completed,4
C0459-W12,C0459,12,skipped,0
C0460-W01,C0460,1,completed,4
C0460-W02,C0460,2,completed,2
C0460-W03,C0460,3,completed,4
C0460-W04,C0460,4,completed,2
C0460-W05,C0460,5,completed,2
C0460-W06,C0460,6,completed,2
C0460-W07,C0460,7,completed,4
C0460-W08,C0460,8,completed,3
C0460-W09,C0460,9,late,3
C0460-W10,C0460,10,late,2
C0460-W11,C0460,11,completed,4
C0460-W12,C0460,12,skipped,0
C0461-W01,C0461,1,completed,3
C0461-W02,C0461,2,completed,3
C0461-W03,C0461,3,skipped,0
C0461-W04,C0461,4,completed,3
C0461-W05,C0461,5,completed,3
C0461-W06,C0461,6,skipped,0
C0461-W07,C0461,7,late,3
C0461-W08,C0461,8,completed,3
C0461-W09,C0461,9,completed,4
C0461-W10,C0461,10,completed,4
C0461-W11,C0461,11,completed,3
C0461-W12,C0461,12,skipped,0
C0462-W01,C0462,1,completed,4
C0462-W02,C0462,2,completed,2
C0462-W03,C0462,3,skipped,0
C0462-W04,C0462,4,skipped,0
C0462-W05,C0462,5,late,4
C0462-W06,C0462,6,completed,3
C0462-W07,C0462,7,completed,4
C0462-W08,C0462,8,completed,4
C0462-W09,C0462,9,completed,4
C0462-W10,C0462,10,completed,4
C0462-W11,C0462,11,completed,2
C0462-W12,C0462,12,completed,4
C0463-W01,C0463,1,late,4
C0463-W02,C0463,2,completed,4
C0463-W03,C0463,3,late,2
C0463-W04,C0463,4,completed,4
C0463-W05,C0463,5,completed,2
C0463-W06,C0463,6,late,2
C0463-W07,C0463,7,completed,2
C0463-W08,C0463,8,completed,2
C0463-W09,C0463,9,completed,2
C0463-W10,C0463,10,completed,4
C0463-W11,C0463,11,skipped,0
C0463-W12,C0463,12,late,3
C0464-W01,C0464,1,completed,2
C0464-W02,C0464,2,completed,4
C0464-W03,C0464,3,completed,3
C0464-W04,C0464,4,completed,4
C0464-W05,C0464,5,completed,2
C0464-W06,C0464,6,completed,2
C0464-W07,C0464,7,completed,3
C0464-W08,C0464,8,completed,2
C0464-W09,C0464,9,completed,2
C0464-W10,C0464,10,completed,4
C0464-W11,C0464,11,completed,3
C0464-W12,C0464,12,completed,4
C0465-W01,C0465,1,late,3
C0465-W02,C0465,2,completed,2
C0465-W03,C0465,3,completed,3
C0465-W04,C0465,4,completed,3
C0465-W05,C0465,5,completed,3
C0465-W06,C0465,6,skipped,0
C0465-W07,C0465,7,completed,4
C0465-W08,C0465,8,completed,4
C0465-W09,C0465,9,completed,3
C0465-W10,C0465,10,completed,4
C0465-W11,C0465,11,skipped,0
C0465-W12,C0465,12,completed,4
C0466-W01,C0466,1,completed,2
C0466-W02,C0466,2,completed,3
C0466-W03,C0466,3,skipped,0
C0466-W04,C0466,4,skipped,0
C0466-W05,C0466,5,completed,3
C0466-W06,C0466,6,completed,3
C0466-W07,C0466,7,completed,3
C0466-W08,C0466,8,completed,4
C0466-W09,C0466,9,skipped,0
C0466-W10,C0466,10,completed,3
C0466-W11,C0466,11,skipped,0
C0466-W12,C0466,12,skipped,0
C0467-W01,C0467,1,late,3
C0467-W02,C0467,2,completed,2
C0467-W03,C0467,3,completed,4
C0467-W04,C0467,4,skipped,0
C0467-W05,C0467,5,completed,2
C0467-W06,C0467,6,completed,4
C0467-W07,C0467,7,completed,3
C0467-W08,C0467,8,skipped,0
C0467-W09,C0467,9,skipped,0
C0467-W10,C0467,10,completed,4
C0467-W11,C0467,11,completed,3
C0467-W12,C0467,12,completed,2
C0468-W01,C0468,1,completed,4
C0468-W02,C0468,2,completed,2
C0468-W03,C0468,3,completed,3
C0468-W04,C0468,4,completed,4
C0468-W05,C0468,5,completed,3
C0468-W06,C0468,6,completed,2
C0468-W07,C0468,7,completed,2
C0468-W08,C0468,8,completed,3
C0468-W09,C0468,9,completed,3
C0468-W10,C0468,10,completed,2
C0468-W11,C0468,11,skipped,0
C0468-W12,C0468,12,skipped,0
C0469-W01,C0469,1,completed,4
C0469-W02,C0469,2,completed,3
C0469-W03,C0469,3,completed,2
C0469-W04,C0469,4,completed,2
C0469-W05,C0469,5,completed,3
C0469-W06,C0469,6,completed,2
C0469-W07,C0469,7,completed,2
C0469-W08,C0469,8,completed,2
C0469-W09,C0469,9,completed,3
C0469-W10,C0469,10,completed,3
C0469-W11,C0469,11,skipped,0
C0469-W12,C0469,12,completed,2
C0470-W01,C0470,1,completed,4
C0470-W02,C0470,2,completed,3
C0470-W03,C0470,3,completed,2
C0470-W04,C0470,4,skipped,0
C0470-W05,C0470,5,completed,3
C0470-W06,C0470,6,completed,2
C0470-W07,C0470,7,completed,3
C0470-W08,C0470,8,completed,2
C0470-W09,C0470,9,completed,4
C0470-W10,C0470,10,skipped,0
C0470-W11,C0470,11,skipped,0
C0470-W12,C0470,12,completed,2
C0471-W01,C0471,1,completed,2
C0471-W02,C0471,2,completed,4
C0471-W03,C0471,3,skipped,0
C0471-W04,C0471,4,completed,2
C0471-W05,C0471,5,completed,2
C0471-W06,C0471,6,completed,4
C0471-W07,C0471,7,completed,4
C0471-W08,C0471,8,completed,3
C0471-W09,C0471,9,completed,2
C0471-W10,C0471,10,late,2
C0471-W11,C0471,11,completed,4
C0471-W12,C0471,12,completed,2
C0472-W01,C0472,1,skipped,0
C0472-W02,C0472,2,completed,4
C0472-W03,C0472,3,completed,3
C0472-W04,C0472,4,late,2
C0472-W05,C0472,5,completed,4
C0472-W06,C0472,6,skipped,0
C0472-W07,C0472,7,completed,2
C0472-W08,C0472,8,completed,2
C0472-W09,C0472,9,completed,2
C0472-W10,C0472,10,completed,2
C0472-W11,C0472,11,completed,3
C0472-W12,C0472,12,completed,3
C0473-W01,C0473,1,completed,4
C0473-W02,C0473,2,skipped,0
C0473-W03,C0473,3,skipped,0
C0473-W04,C0473,4,completed,4
C0473-W05,C0473,5,completed,3
C0473-W06,C0473,6,completed,2
C0473-W07,C0473,7,completed,4
C0473-W08,C0473,8,skipped,0
C0473-W09,C0473,9,skipped,0
C0473-W10,C0473,10,completed,4
C0473-W11,C0473,11,completed,2
C0473-W12,C0473,12,completed,2
C0474-W01,C0474,1,completed,3
C0474-W02,C0474,2,completed,3
C0474-W03,C0474,3,completed,4
C0474-W04,C0474,4,completed,3
C0474-W05,C0474,5,completed,4
C0474-W06,C0474,6,completed,2
C0474-W07,C0474,7,completed,2
C0474-W08,C0474,8,completed,4
C0474-W09,C0474,9,completed,4
C0474-W10,C0474,10,completed,2
C0474-W11,C0474,11,skipped,0
C0474-W12,C0474,12,completed,3
C0475-W01,C0475,1,completed,4
C0475-W02,C0475,2,completed,4
C0475-W03,C0475,3,completed,2
C0475-W04,C0475,4,completed,4
C0475-W05,C0475,5,completed,3
C0475-W06,C0475,6,completed,4
C0475-W07,C0475,7,completed,4
C0475-W08,C0475,8,completed,4
C0475-W09,C0475,9,skipped,0
C0475-W10,C0475,10,completed,4
C0475-W11,C0475,11,skipped,0
C0475-W12,C0475,12,completed,3
C0476-W01,C0476,1,completed,3
C0476-W02,C0476,2,late,4
C0476-W03,C0476,3,completed,2
C0476-W04,C0476,4,completed,3
C0476-W05,C0476,5,completed,2
C0476-W06,C0476,6,completed,4
C0476-W07,C0476,7,skipped,0
C0476-W08,C0476,8,completed,2
C0476-W09,C0476,9,skipped,0
C0476-W10,C0476,10,completed,2
C0476-W11,C0476,11,completed,2
C0476-W12,C0476,12,completed,3
C0477-W01,C0477,1,completed,4
C0477-W02,C0477,2,completed,4
C0477-W03,C0477,3,completed,3
C0477-W04,C0477,4,completed,3
C0477-W05,C0477,5,completed,4
C0477-W06,C0477,6,completed,2
C0477-W07,C0477,7,completed,3
C0477-W08,C0477,8,completed,2
C0477-W09,C0477,9,skipped,0
C0477-W10,C0477,10,completed,4
C0477-W11,C0477,11,completed,3
C0477-W12,C0477,12,completed,4
C0478-W01,C0478,1,completed,4
C0478-W02,C0478,2,completed,4
C0478-W03,C0478,3,completed,3
C0478-W04,C0478,4,late,2
C0478-W05,C0478,5,completed,3
C0478-W06,C0478,6,completed,2
C0478-W07,C0478,7,completed,2
C0478-W08,C0478,8,completed,4
C0478-W09,C0478,9,completed,3
C0478-W10,C0478,10,completed,2
C0478-W11,C0478,11,completed,3
C0478-W12,C0478,12,completed,4
C0479-W01,C0479,1,completed,3
C0479-W02,C0479,2,completed,3
C0479-W03,C0479,3,completed,2
C0479-W04,C0479,4,completed,4
C0479-W05,C0479,5,completed,4
C0479-W06,C0479,6,completed,2
C0479-W07,C0479,7,completed,4
C0479-W08,C0479,8,completed,2
C0479-W09,C0479,9,completed,3
C0479-W10,C0479,10,skipped,0
C0479-W11,C0479,11,completed,3
C0479-W12,C0479,12,completed,4
C0480-W01,C0480,1,completed,2
C0480-W02,C0480,2,completed,3
C0480-W03,C0480,3,completed,2
C0480-W04,C0480,4,completed,4
C0480-W05,C0480,5,completed,2
C0480-W06,C0480,6,completed,3
C0480-W07,C0480,7,completed,4
C0480-W08,C0480,8,completed,3
C0480-W09,C0480,9,completed,3
C0480-W10,C0480,10,skipped,0
C0480-W11,C0480,11,completed,2
C0480-W12,C0480,12,completed,2
C0481-W01,C0481,1,completed,4
C0481-W02,C0481,2,completed,2
C0481-W03,C0481,3,completed,4
C0481-W04,C0481,4,completed,4
C0481-W05,C0481,5,completed,4
C0481-W06,C0481,6,completed,3
C0481-W07,C0481,7,completed,3
C0481-W08,C0481,8,completed,2
C0481-W09,C0481,9,completed,3
C0481-W10,C0481,10,completed,2
C0481-W11,C0481,11,completed,3
C0481-W12,C0481,12,completed,4
C0482-W01,C0482,1,completed,4
C0482-W02,C0482,2,completed,2
C0482-W03,C0482,3,completed,4
C0482-W04,C0482,4,completed,3
C0482-W05,C0482,5,completed,2
C0482-W06,C0482,6,completed,2
C0482-W07,C0482,7,late,2
C0482-W08,C0482,8,completed,4
C0482-W09,C0482,9,completed,4
C0482-W10,C0482,10,late,4
C0482-W11,C0482,11,completed,2
C0482-W12,C0482,12,completed,3
C0483-W01,C0483,1,late,3
C0483-W02,C0483,2,completed,3
C0483-W03,C0483,3,skipped,0
C0483-W04,C0483,4,completed,4
C0483-W05,C0483,5,completed,3
C0483-W06,C0483,6,completed,4
C0483-W07,C0483,7,completed,4
C0483-W08,C0483,8,skipped,0
C0483-W09,C0483,9,completed,4
C0483-W10,C0483,10,late,2
C0483-W11,C0483,11,completed,3
C0483-W12,C0483,12,completed,4
C0484-W01,C0484,1,completed,4
C0484-W02,C0484,2,skipped,0
C0484-W03,C0484,3,late,2
C0484-W04,C0484,4,completed,3
C0484-W05,C0484,5,completed,4
C0484-W06,C0484,6,completed,4
C0484-W07,C0484,7,completed,2
C0484-W08,C0484,8,completed,4
C0484-W09,C0484,9,skipped,0
C0484-W10,C0484,10,completed,2
C0484-W11,C0484,11,skipped,0
C0484-W12,C0484,12,late,3
C0485-W01,C0485,1,completed,2
C0485-W02,C0485,2,completed,3
C0485-W03,C0485,3,completed,2
C0485-W04,C0485,4,completed,3
C0485-W05,C0485,5,completed,3
C0485-W06,C0485,6,completed,4
C0485-W07,C0485,7,completed,4
C0485-W08,C0485,8,completed,2
C0485-W09,C0485,9,completed,2
C0485-W10,C0485,10,skipped,0
C0485-W11,C0485,11,completed,2
C0485-W12,C0485,12,completed,4
C0486-W01,C0486,1,completed,2
C0486-W02,C0486,2,completed,3
C0486-W03,C0486,3,completed,2
C0486-W04,C0486,4,completed,2
C0486-W05,C0486,5,completed,4
C0486-W06,C0486,6,completed,3
C0486-W07,C0486,7,skipped,0
C0486-W08,C0486,8,completed,4
C0486-W09,C0486,9,completed,4
C0486-W10,C0486,10,late,4
C0486-W11,C0486,11,completed,3
C0486-W12,C0486,12,completed,4
C0487-W01,C0487,1,completed,2
C0487-W02,C0487,2,late,2
C0487-W03,C0487,3,late,2
C0487-W04,C0487,4,completed,2
C0487-W05,C0487,5,completed,2
C0487-W06,C0487,6,completed,4
C0487-W07,C0487,7,completed,2
C0487-W08,C0487,8,completed,4
C0487-W09,C0487,9,completed,4
C0487-W10,C0487,10,completed,4
C0487-W11,C0487,11,completed,3
C0487-W12,C0487,12,completed,4
C0488-W01,C0488,1,completed,2
C0488-W02,C0488,2,completed,3
C0488-W03,C0488,3,completed,3
C0488-W04,C0488,4,completed,3
C0488-W05,C0488,5,completed,2
C0488-W06,C0488,6,late,3
C0488-W07,C0488,7,completed,3
C0488-W08,C0488,8,late,4
C0488-W09,C0488,9,completed,4
C0488-W10,C0488,10,completed,3
C0488-W11,C0488,11,completed,3
C0488-W12,C0488,12,completed,4
C0489-W01,C0489,1,completed,3
C0489-W02,C0489,2,completed,2
C0489-W03,C0489,3,completed,2
C0489-W04,C0489,4,completed,3
C0489-W05,C0489,5,late,4
C0489-W06,C0489,6,skipped,0
C0489-W07,C0489,7,completed,3
C0489-W08,C0489,8,late,2
C0489-W09,C0489,9,completed,4
C0489-W10,C0489,10,completed,4
C0489-W11,C0489,11,completed,2
C0489-W12,C0489,12,completed,4
C0490-W01,C0490,1,completed,3
C0490-W02,C0490,2,completed,3
C0490-W03,C0490,3,late,2
C0490-W04,C0490,4,late,4
C0490-W05,C0490,5,completed,3
C0490-W06,C0490,6,completed,2
C0490-W07,C0490,7,completed,3
C0490-W08,C0490,8,skipped,0
C0490-W09,C0490,9,completed,3
C0490-W10,C0490,10,completed,3
C0490-W11,C0490,11,completed,2
C0490-W12,C0490,12,completed,3
C0491-W01,C0491,1,skipped,0
C0491-W02,C0491,2,completed,3
C0491-W03,C0491,3,completed,4
C0491-W04,C0491,4,completed,3
C0491-W05,C0491,5,completed,4
C0491-W06,C0491,6,completed,3
C0491-W07,C0491,7,skipped,0
C0491-W08,C0491,8,completed,2
C0491-W09,C0491,9,skipped,0
C0491-W10,C0491,10,completed,3
C0491-W11,C0491,11,skipped,0
C0491-W12,C0491,12,completed,4
C0492-W01,C0492,1,completed,4
C0492-W02,C0492,2,completed,4
C0492-W03,C0492,3,completed,3
C0492-W04,C0492,4,completed,4
C0492-W05,C0492,5,late,4
C0492-W06,C0492,6,completed,4
C0492-W07,C0492,7,skipped,0
C0492-W08,C0492,8,completed,4
C0492-W09,C0492,9,completed,4
C0492-W10,C0492,10,late,4
C0492-W11,C0492,11,completed,4
C0492-W12,C0492,12,completed,4
C0493-W01,C0493,1,completed,2
C0493-W02,C0493,2,completed,2
C0493-W03,C0493,3,completed,4
C0493-W04,C0493,4,completed,4
C0493-W05,C0493,5,completed,3
C0493-W06,C0493,6,skipped,0
C0493-W07,C0493,7,completed,4
C0493-W08,C0493,8,completed,2
C0493-W09,C0493,9,completed,4
C0493-W10,C0493,10,completed,3
C0493-W11,C0493,11,skipped,0
C0493-W12,C0493,12,completed,4
C0494-W01,C0494,1,completed,3
C0494-W02,C0494,2,completed,4
C0494-W03,C0494,3,skipped,0
C0494-W04,C0494,4,late,4
C0494-W05,C0494,5,completed,2
C0494-W06,C0494,6,skipped,0
C0494-W07,C0494,7,completed,2
C0494-W08,C0494,8,completed,3
C0494-W09,C0494,9,completed,4
C0494-W10,C0494,10,completed,2
C0494-W11,C0494,11,completed,2
C0494-W12,C0494,12,completed,4
C0495-W01,C0495,1,completed,4
C0495-W02,C0495,2,skipped,0
C0495-W03,C0495,3,completed,4
C0495-W04,C0495,4,skipped,0
C0495-W05,C0495,5,completed,4
C0495-W06,C0495,6,skipped,0
C0495-W07,C0495,7,late,3
C0495-W08,C0495,8,completed,4
C0495-W09,C0495,9,completed,3
C0495-W10,C0495,10,skipped,0
C0495-W11,C0495,11,skipped,0
C0495-W12,C0495,12,completed,3
C0496-W01,C0496,1,skipped,0
C0496-W02,C0496,2,completed,4
C0496-W03,C0496,3,completed,4
C0496-W04,C0496,4,completed,2
C0496-W05,C0496,5,completed,3
C0496-W06,C0496,6,completed,4
C0496-W07,C0496,7,completed,3
C0496-W08,C0496,8,completed,4
C0496-W09,C0496,9,late,2
C0496-W10,C0496,10,completed,3
C0496-W11,C0496,11,skipped,0
C0496-W12,C0496,12,completed,3
C0497-W01,C0497,1,completed,2
C0497-W02,C0497,2,completed,4
C0497-W03,C0497,3,completed,2
C0497-W04,C0497,4,completed,3
C0497-W05,C0497,5,completed,3
C0497-W06,C0497,6,skipped,0
C0497-W07,C0497,7,completed,3
C0497-W08,C0497,8,completed,2
C0497-W09,C0497,9,completed,3
C0497-W10,C0497,10,completed,3
C0497-W11,C0497,11,completed,4
C0497-W12,C0497,12,completed,3
C0498-W01,C0498,1,completed,3
C0498-W02,C0498,2,completed,2
C0498-W03,C0498,3,completed,2
C0498-W04,C0498,4,completed,3
C0498-W05,C0498,5,completed,2
C0498-W06,C0498,6,completed,4
C0498-W07,C0498,7,completed,3
C0498-W08,C0498,8,late,3
C0498-W09,C0498,9,completed,4
C0498-W10,C0498,10,skipped,0
C0498-W11,C0498,11,completed,2
C0498-W12,C0498,12,completed,2
C0499-W01,C0499,1,completed,3
C0499-W02,C0499,2,completed,4
C0499-W03,C0499,3,late,3
C0499-W04,C0499,4,completed,4
C0499-W05,C0499,5,completed,3
C0499-W06,C0499,6,completed,4
C0499-W07,C0499,7,completed,4
C0499-W08,C0499,8,completed,3
C0499-W09,C0499,9,completed,2
C0499-W10,C0499,10,completed,3
C0499-W11,C0499,11,completed,2
C0499-W12,C0499,12,completed,4
C0500-W01,C0500,1,skipped,0
C0500-W02,C0500,2,completed,3
C0500-W03,C0500,3,completed,3
C0500-W04,C0500,4,completed,4
C0500-W05,C0500,5,completed,4
C0500-W06,C0500,6,completed,3
C0500-W07,C0500,7,completed,4
C0500-W08,C0500,8,completed,3
C0500-W09,C0500,9,completed,3
C0500-W10,C0500,10,completed,4
C0500-W11,C0500,11,completed,3
C0500-W12,C0500,12,skipped,0
C0501-W01,C0501,1,completed,4
C0501-W02,C0501,2,skipped,0
C0501-W03,C0501,3,completed,2
C0501-W04,C0501,4,completed,2
C0501-W05,C0501,5,completed,3
C0501-W06,C0501,6,late,3
C0501-W07,C0501,7,completed,4
C0501-W08,C0501,8,completed,3
C0501-W09,C0501,9,completed,2
C0501-W10,C0501,10,completed,4
C0501-W11,C0501,11,completed,4
C0501-W12,C0501,12,skipped,0
C0502-W01,C0502,1,completed,4
C0502-W02,C0502,2,skipped,0
C0502-W03,C0502,3,completed,4
C0502-W04,C0502,4,late,4
C0502-W05,C0502,5,completed,2
C0502-W06,C0502,6,completed,2
C0502-W07,C0502,7,completed,4
C0502-W08,C0502,8,skipped,0
C0502-W09,C0502,9,completed,3
C0502-W10,C0502,10,completed,2
C0502-W11,C0502,11,completed,3
C0502-W12,C0502,12,completed,2
C0503-W01,C0503,1,completed,3
C0503-W02,C0503,2,late,2
C0503-W03,C0503,3,completed,3
C0503-W04,C0503,4,completed,2
C0503-W05,C0503,5,skipped,0
C0503-W06,C0503,6,completed,2
C0503-W07,C0503,7,late,4
C0503-W08,C0503,8,completed,2
C0503-W09,C0503,9,completed,4
C0503-W10,C0503,10,completed,4
C0503-W11,C0503,11,completed,2
C0503-W12,C0503,12,completed,3
C0504-W01,C0504,1,completed,2
C0504-W02,C0504,2,skipped,0
C0504-W03,C0504,3,completed,2
C0504-W04,C0504,4,completed,3
C0504-W05,C0504,5,completed,2
C0504-W06,C0504,6,completed,4
C0504-W07,C0504,7,completed,2
C0504-W08,C0504,8,completed,2
C0504-W09,C0504,9,completed,2
C0504-W10,C0504,10,completed,2
C0504-W11,C0504,11,skipped,0
C0504-W12,C0504,12,skipped,0
C0505-W01,C0505,1,completed,2
C0505-W02,C0505,2,completed,4
C0505-W03,C0505,3,completed,2
C0505-W04,C0505,4,completed,2
C0505-W05,C0505,5,skipped,0
C0505-W06,C0505,6,late,2
C0505-W07,C0505,7,completed,3
C0505-W08,C0505,8,completed,3
C0505-W09,C0505,9,completed,4
C0505-W10,C0505,10,completed,3
C0505-W11,C0505,11,completed,3
C0505-W12,C0505,12,late,4
C0506-W01,C0506,1,completed,4
C0506-W02,C0506,2,completed,3
C0506-W03,C0506,3,completed,3
C0506-W04,C0506,4,completed,4
C0506-W05,C0506,5,completed,3
C0506-W06,C0506,6,completed,2
C0506-W07,C0506,7,completed,2
C0506-W08,C0506,8,completed,4
C0506-W09,C0506,9,completed,4
C0506-W10,C0506,10,completed,4
C0506-W11,C0506,11,skipped,0
C0506-W12,C0506,12,completed,2
C0507-W01,C0507,1,completed,4
C0507-W02,C0507,2,completed,4
C0507-W03,C0507,3,completed,3
C0507-W04,C0507,4,completed,2
C0507-W05,C0507,5,completed,3
C0507-W06,C0507,6,completed,4
C0507-W07,C0507,7,late,4
C0507-W08,C0507,8,completed,3
C0507-W09,C0507,9,completed,4
C0507-W10,C0507,10,completed,2
C0507-W11,C0507,11,completed,2
C0507-W12,C0507,12,completed,3
C0508-W01,C0508,1,completed,4
C0508-W02,C0508,2,completed,4
C0508-W03,C0508,3,completed,3
C0508-W04,C0508,4,late,4
C0508-W05,C0508,5,completed,4
C0508-W06,C0508,6,completed,2
C0508-W07,C0508,7,completed,2
C0508-W08,C0508,8,skipped,0
C0508-W09,C0508,9,completed,3
C0508-W10,C0508,10,skipped,0
C0508-W11,C0508,11,completed,2
C0508-W12,C0508,12,skipped,0
C0509-W01,C0509,1,completed,2
C0509-W02,C0509,2,skipped,0
C0509-W03,C0509,3,completed,3
C0509-W04,C0509,4,completed,4
C0509-W05,C0509,5,completed,2
C0509-W06,C0509,6,completed,4
C0509-W07,C0509,7,skipped,0
C0509-W08,C0509,8,skipped,0
C0509-W09,C0509,9,completed,4
C0509-W10,C0509,10,skipped,0
C0509-W11,C0509,11,completed,2
C0509-W12,C0509,12,completed,2
C0510-W01,C0510,1,completed,4
C0510-W02,C0510,2,skipped,0
C0510-W03,C0510,3,completed,2
C0510-W04,C0510,4,completed,3
C0510-W05,C0510,5,late,4
C0510-W06,C0510,6,skipped,0
C0510-W07,C0510,7,completed,3
C0510-W08,C0510,8,completed,3
C0510-W09,C0510,9,completed,4
C0510-W10,C0510,10,completed,2
C0510-W11,C0510,11,completed,2
C0510-W12,C0510,12,completed,3
C0511-W01,C0511,1,completed,3
C0511-W02,C0511,2,completed,2
C0511-W03,C0511,3,completed,2
C0511-W04,C0511,4,completed,2
C0511-W05,C0511,5,completed,4
C0511-W06,C0511,6,completed,4
C0511-W07,C0511,7,completed,2
C0511-W08,C0511,8,late,3
C0511-W09,C0511,9,skipped,0
C0511-W10,C0511,10,completed,3
C0511-W11,C0511,11,completed,3
C0511-W12,C0511,12,completed,3
C0512-W01,C0512,1,completed,3
C0512-W02,C0512,2,completed,4
C0512-W03,C0512,3,completed,2
C0512-W04,C0512,4,skipped,0
C0512-W05,C0512,5,completed,2
C0512-W06,C0512,6,completed,2
C0512-W07,C0512,7,skipped,0
C0512-W08,C0512,8,late,4
C0512-W09,C0512,9,completed,4
C0512-W10,C0512,10,completed,3
C0512-W11,C0512,11,completed,2
C0512-W12,C0512,12,completed,2
C0513-W01,C0513,1,skipped,0
C0513-W02,C0513,2,skipped,0
C0513-W03,C0513,3,completed,3
C0513-W04,C0513,4,completed,4
C0513-W05,C0513,5,completed,2
C0513-W06,C0513,6,completed,2
C0513-W07,C0513,7,completed,4
C0513-W08,C0513,8,late,3
C0513-W09,C0513,9,completed,3
C0513-W10,C0513,10,completed,2
C0513-W11,C0513,11,completed,4
C0513-W12,C0513,12,completed,2
C0514-W01,C0514,1,completed,2
C0514-W02,C0514,2,late,3
C0514-W03,C0514,3,completed,3
C0514-W04,C0514,4,late,4
C0514-W05,C0514,5,completed,4
C0514-W06,C0514,6,completed,3
C0514-W07,C0514,7,completed,3
C0514-W08,C0514,8,completed,2
C0514-W09,C0514,9,completed,4
C0514-W10,C0514,10,late,2
C0514-W11,C0514,11,completed,4
C0514-W12,C0514,12,completed,3
C0515-W01,C0515,1,completed,2
C0515-W02,C0515,2,completed,3
C0515-W03,C0515,3,completed,3
C0515-W04,C0515,4,completed,3
C0515-W05,C0515,5,completed,4
C0515-W06,C0515,6,completed,2
C0515-W07,C0515,7,completed,3
C0515-W08,C0515,8,completed,4
C0515-W09,C0515,9,completed,2
C0515-W10,C0515,10,skipped,0
C0515-W11,C0515,11,skipped,0
C0515-W12,C0515,12,completed,2
C0516-W01,C0516,1,skipped,0
C0516-W02,C0516,2,completed,2
C0516-W03,C0516,3,completed,4
C0516-W04,C0516,4,completed,2
C0516-W05,C0516,5,late,4
C0516-W06,C0516,6,completed,3
C0516-W07,C0516,7,completed,4
C0516-W08,C0516,8,late,4
C0516-W09,C0516,9,late,3
C0516-W10,C0516,10,completed,3
C0516-W11,C0516,11,completed,4
C0516-W12,C0516,12,completed,3
C0517-W01,C0517,1,completed,4
C0517-W02,C0517,2,completed,2
C0517-W03,C0517,3,completed,4
C0517-W04,C0517,4,completed,4
C0517-W05,C0517,5,completed,2
C0517-W06,C0517,6,completed,2
C0517-W07,C0517,7,completed,2
C0517-W08,C0517,8,completed,3
C0517-W09,C0517,9,completed,2
C0517-W10,C0517,10,completed,2
C0517-W11,C0517,11,completed,2
C0517-W12,C0517,12,completed,4
C0518-W01,C0518,1,completed,2
C0518-W02,C0518,2,completed,4
C0518-W03,C0518,3,skipped,0
C0518-W04,C0518,4,completed,4
C0518-W05,C0518,5,completed,2
C0518-W06,C0518,6,completed,4
C0518-W07,C0518,7,completed,2
C0518-W08,C0518,8,completed,3
C0518-W09,C0518,9,completed,3
C0518-W10,C0518,10,completed,3
C0518-W11,C0518,11,completed,3
C0518-W12,C0518,12,skipped,0
C0519-W01,C0519,1,completed,2
C0519-W02,C0519,2,completed,2
C0519-W03,C0519,3,completed,4
C0519-W04,C0519,4,completed,2
C0519-W05,C0519,5,completed,3
C0519-W06,C0519,6,skipped,0
C0519-W07,C0519,7,completed,4
C0519-W08,C0519,8,skipped,0
C0519-W09,C0519,9,completed,4
C0519-W10,C0519,10,completed,4
C0519-W11,C0519,11,completed,2
C0519-W12,C0519,12,completed,3
C0520-W01,C0520,1,completed,3
C0520-W02,C0520,2,completed,4
C0520-W03,C0520,3,completed,2
C0520-W04,C0520,4,skipped,0
C0520-W05,C0520,5,late,4
C0520-W06,C0520,6,completed,3
C0520-W07,C0520,7,completed,2
C0520-W08,C0520,8,completed,3
C0520-W09,C0520,9,completed,4
C0520-W10,C0520,10,skipped,0
C0520-W11,C0520,11,completed,2
C0520-W12,C0520,12,completed,2
C0521-W01,C0521,1,completed,2
C0521-W02,C0521,2,completed,3
C0521-W03,C0521,3,completed,2
C0521-W04,C0521,4,skipped,0
C0521-W05,C0521,5,completed,3
C0521-W06,C0521,6,late,4
C0521-W07,C0521,7,skipped,0
C0521-W08,C0521,8,completed,3
C0521-W09,C0521,9,skipped,0
C0521-W10,C0521,10,completed,2
C0521-W11,C0521,11,completed,4
C0521-W12,C0521,12,completed,2
C0522-W01,C0522,1,completed,4
C0522-W02,C0522,2,completed,4
C0522-W03,C0522,3,completed,3
C0522-W04,C0522,4,completed,2
C0522-W05,C0522,5,late,3
C0522-W06,C0522,6,late,3
C0522-W07,C0522,7,skipped,0
C0522-W08,C0522,8,completed,4
C0522-W09,C0522,9,completed,3
C0522-W10,C0522,10,completed,2
C0522-W11,C0522,11,skipped,0
C0522-W12,C0522,12,completed,3
C0523-W01,C0523,1,completed,3
C0523-W02,C0523,2,completed,4
C0523-W03,C0523,3,completed,4
C0523-W04,C0523,4,skipped,0
C0523-W05,C0523,5,completed,4
C0523-W06,C0523,6,completed,3
C0523-W07,C0523,7,skipped,0
C0523-W08,C0523,8,completed,3
C0523-W09,C0523,9,completed,4
C0523-W10,C0523,10,completed,2
C0523-W11,C0523,11,completed,4
C0523-W12,C0523,12,completed,4
C0524-W01,C0524,1,completed,3
C0524-W02,C0524,2,completed,4
C0524-W03,C0524,3,completed,4
C0524-W04,C0524,4,completed,3
C0524-W05,C0524,5,skipped,0
C0524-W06,C0524,6,completed,3
C0524-W07,C0524,7,skipped,0
C0524-W08,C0524,8,completed,2
C0524-W09,C0524,9,late,2
C0524-W10,C0524,10,completed,3
C0524-W11,C0524,11,completed,4
C0524-W12,C0524,12,completed,3
C0525-W01,C0525,1,completed,4
C0525-W02,C0525,2,completed,3
C0525-W03,C0525,3,completed,4
C0525-W04,C0525,4,completed,3
C0525-W05,C0525,5,completed,4
C0525-W06,C0525,6,skipped,0
C0525-W07,C0525,7,completed,2
C0525-W08,C0525,8,completed,2
C0525-W09,C0525,9,completed,2
C0525-W10,C0525,10,completed,4
C0525-W11,C0525,11,completed,2
C0525-W12,C0525,12,completed,2
C0526-W01,C0526,1,completed,4
C0526-W02,C0526,2,skipped,0
C0526-W03,C0526,3,completed,4
C0526-W04,C0526,4,completed,3
C0526-W05,C0526,5,completed,4
C0526-W06,C0526,6,late,4
C0526-W07,C0526,7,completed,2
C0526-W08,C0526,8,completed,3
C0526-W09,C0526,9,completed,4
C0526-W10,C0526,10,skipped,0
C0526-W11,C0526,11,completed,4
C0526-W12,C0526,12,completed,2
C0527-W01,C0527,1,late,2
C0527-W02,C0527,2,completed,4
C0527-W03,C0527,3,completed,3
C0527-W04,C0527,4,completed,4
C0527-W05,C0527,5,completed,3
C0527-W06,C0527,6,completed,4
C0527-W07,C0527,7,skipped,0
C0527-W08,C0527,8,completed,3
C0527-W09,C0527,9,completed,2
C0527-W10,C0527,10,skipped,0
C0527-W11,C0527,11,skipped,0
C0527-W12,C0527,12,skipped,0
C0528-W01,C0528,1,completed,4
C0528-W02,C0528,2,completed,3
C0528-W03,C0528,3,completed,3
C0528-W04,C0528,4,completed,4
C0528-W05,C0528,5,completed,4
C0528-W06,C0528,6,completed,4
C0528-W07,C0528,7,completed,3
C0528-W08,C0528,8,completed,3
C0528-W09,C0528,9,completed,3
C0528-W10,C0528,10,skipped,0
C0528-W11,C0528,11,completed,4
C0528-W12,C0528,12,completed,2
C0529-W01,C0529,1,completed,4
C0529-W02,C0529,2,skipped,0
C0529-W03,C0529,3,completed,4
C0529-W04,C0529,4,completed,2
C0529-W05,C0529,5,completed,4
C0529-W06,C0529,6,completed,3
C0529-W07,C0529,7,completed,2
C0529-W08,C0529,8,completed,2
C0529-W09,C0529,9,completed,4
C0529-W10,C0529,10,completed,2
C0529-W11,C0529,11,late,4
C0529-W12,C0529,12,completed,3
C0530-W01,C0530,1,completed,3
C0530-W02,C0530,2,completed,3
C0530-W03,C0530,3,completed,3
C0530-W04,C0530,4,completed,3
C0530-W05,C0530,5,completed,2
C0530-W06,C0530,6,completed,3
C0530-W07,C0530,7,completed,2
C0530-W08,C0530,8,late,3
C0530-W09,C0530,9,skipped,0
C0530-W10,C0530,10,late,2
C0530-W11,C0530,11,completed,4
C0530-W12,C0530,12,completed,3
C0531-W01,C0531,1,completed,3
C0531-W02,C0531,2,skipped,0
C0531-W03,C0531,3,completed,4
C0531-W04,C0531,4,completed,4
C0531-W05,C0531,5,completed,4
C0531-W06,C0531,6,completed,2
C0531-W07,C0531,7,skipped,0
C0531-W08,C0531,8,completed,2
C0531-W09,C0531,9,completed,4
C0531-W10,C0531,10,completed,3
C0531-W11,C0531,11,completed,2
C0531-W12,C0531,12,completed,2
C0532-W01,C0532,1,completed,3
C0532-W02,C0532,2,completed,2
C0532-W03,C0532,3,completed,4
C0532-W04,C0532,4,completed,2
C0532-W05,C0532,5,late,3
C0532-W06,C0532,6,completed,3
C0532-W07,C0532,7,completed,4
C0532-W08,C0532,8,completed,2
C0532-W09,C0532,9,completed,2
C0532-W10,C0532,10,late,2
C0532-W11,C0532,11,completed,2
C0532-W12,C0532,12,completed,4
C0533-W01,C0533,1,completed,3
C0533-W02,C0533,2,completed,2
C0533-W03,C0533,3,skipped,0
C0533-W04,C0533,4,completed,2
C0533-W05,C0533,5,completed,3
C0533-W06,C0533,6,completed,3
C0533-W07,C0533,7,completed,2
C0533-W08,C0533,8,completed,4
C0533-W09,C0533,9,completed,2
C0533-W10,C0533,10,completed,3
C0533-W11,C0533,11,completed,4
C0533-W12,C0533,12,completed,4
C0534-W01,C0534,1,completed,4
C0534-W02,C0534,2,completed,4
C0534-W03,C0534,3,completed,2
C0534-W04,C0534,4,completed,4
C0534-W05,C0534,5,skipped,0
C0534-W06,C0534,6,completed,4
C0534-W07,C0534,7,completed,4
C0534-W08,C0534,8,completed,2
C0534-W09,C0534,9,completed,3
C0534-W10,C0534,10,completed,3
C0534-W11,C0534,11,late,2
C0534-W12,C0534,12,completed,4
C0535-W01,C0535,1,completed,3
C0535-W02,C0535,2,completed,2
C0535-W03,C0535,3,completed,4
C0535-W04,C0535,4,completed,4
C0535-W05,C0535,5,completed,3
C0535-W06,C0535,6,completed,3
C0535-W07,C0535,7,completed,2
C0535-W08,C0535,8,completed,4
C0535-W09,C0535,9,completed,2
C0535-W10,C0535,10,completed,4
C0535-W11,C0535,11,completed,4
C0535-W12,C0535,12,completed,3
C0536-W01,C0536,1,skipped,0
C0536-W02,C0536,2,skipped,0
C0536-W03,C0536,3,late,3
C0536-W04,C0536,4,completed,4
C0536-W05,C0536,5,completed,3
C0536-W06,C0536,6,completed,3
C0536-W07,C0536,7,skipped,0
C0536-W08,C0536,8,completed,2
C0536-W09,C0536,9,skipped,0
C0536-W10,C0536,10,completed,4
C0536-W11,C0536,11,completed,4
C0536-W12,C0536,12,completed,2
C0537-W01,C0537,1,skipped,0
C0537-W02,C0537,2,completed,4
C0537-W03,C0537,3,skipped,0
C0537-W04,C0537,4,completed,4
C0537-W05,C0537,5,completed,3
C0537-W06,C0537,6,completed,3
C0537-W07,C0537,7,skipped,0
C0537-W08,C0537,8,completed,2
C0537-W09,C0537,9,completed,2
C0537-W10,C0537,10,completed,2
C0537-W11,C0537,11,completed,2
C0537-W12,C0537,12,completed,4
C0538-W01,C0538,1,completed,3
C0538-W02,C0538,2,completed,2
C0538-W03,C0538,3,completed,4
C0538-W04,C0538,4,completed,2
C0538-W05,C0538,5,completed,2
C0538-W06,C0538,6,completed,3
C0538-W07,C0538,7,completed,2
C0538-W08,C0538,8,completed,3
C0538-W09,C0538,9,skipped,0
C0538-W10,C0538,10,completed,2
C0538-W11,C0538,11,late,2
C0538-W12,C0538,12,completed,3
C0539-W01,C0539,1,completed,2
C0539-W02,C0539,2,late,4
C0539-W03,C0539,3,completed,3
C0539-W04,C0539,4,completed,2
C0539-W05,C0539,5,completed,3
C0539-W06,C0539,6,completed,2
C0539-W07,C0539,7,skipped,0
C0539-W08,C0539,8,completed,3
C0539-W09,C0539,9,skipped,0
C0539-W10,C0539,10,completed,4
C0539-W11,C0539,11,skipped,0
C0539-W12,C0539,12,completed,3
C0540-W01,C0540,1,completed,3
C0540-W02,C0540,2,completed,2
C0540-W03,C0540,3,completed,2
C0540-W04,C0540,4,completed,3
C0540-W05,C0540,5,completed,3
C0540-W06,C0540,6,completed,2
C0540-W07,C0540,7,completed,4
C0540-W08,C0540,8,skipped,0
C0540-W09,C0540,9,completed,4
C0540-W10,C0540,10,late,3
C0540-W11,C0540,11,completed,4
C0540-W12,C0540,12,completed,4
C0541-W01,C0541,1,completed,4
C0541-W02,C0541,2,completed,3
C0541-W03,C0541,3,completed,4
C0541-W04,C0541,4,completed,2
C0541-W05,C0541,5,skipped,0
C0541-W06,C0541,6,completed,4
C0541-W07,C0541,7,completed,4
C0541-W08,C0541,8,completed,3
C0541-W09,C0541,9,skipped,0
C0541-W10,C0541,10,completed,2
C0541-W11,C0541,11,completed,2
C0541-W12,C0541,12,completed,3
C0542-W01,C0542,1,completed,2
C0542-W02,C0542,2,completed,2
C0542-W03,C0542,3,completed,3
C0542-W04,C0542,4,completed,2
C0542-W05,C0542,5,completed,4
C0542-W06,C0542,6,completed,4
C0542-W07,C0542,7,completed,3
C0542-W08,C0542,8,completed,3
C0542-W09,C0542,9,completed,3
C0542-W10,C0542,10,skipped,0
C0542-W11,C0542,11,completed,2
C0542-W12,C0542,12,completed,4
C0543-W01,C0543,1,completed,2
C0543-W02,C0543,2,completed,2
C0543-W03,C0543,3,skipped,0
C0543-W04,C0543,4,completed,2
C0543-W05,C0543,5,completed,4
C0543-W06,C0543,6,completed,4
C0543-W07,C0543,7,skipped,0
C0543-W08,C0543,8,late,2
C0543-W09,C0543,9,completed,3
C0543-W10,C0543,10,late,3
C0543-W11,C0543,11,completed,3
C0543-W12,C0543,12,completed,4
C0544-W01,C0544,1,completed,2
C0544-W02,C0544,2,completed,2
C0544-W03,C0544,3,completed,4
C0544-W04,C0544,4,completed,2
C0544-W05,C0544,5,completed,4
C0544-W06,C0544,6,completed,2
C0544-W07,C0544,7,completed,2
C0544-W08,C0544,8,late,4
C0544-W09,C0544,9,skipped,0
C0544-W10,C0544,10,skipped,0
C0544-W11,C0544,11,skipped,0
C0544-W12,C0544,12,skipped,0
C0545-W01,C0545,1,completed,3
C0545-W02,C0545,2,completed,2
C0545-W03,C0545,3,skipped,0
C0545-W04,C0545,4,completed,4
C0545-W05,C0545,5,completed,3
C0545-W06,C0545,6,completed,3
C0545-W07,C0545,7,skipped,0
C0545-W08,C0545,8,completed,4
C0545-W09,C0545,9,completed,4
C0545-W10,C0545,10,completed,3
C0545-W11,C0545,11,completed,2
C0545-W12,C0545,12,completed,3
C0546-W01,C0546,1,completed,3
C0546-W02,C0546,2,completed,2
C0546-W03,C0546,3,completed,3
C0546-W04,C0546,4,late,2
C0546-W05,C0546,5,completed,3
C0546-W06,C0546,6,completed,4
C0546-W07,C0546,7,completed,3
C0546-W08,C0546,8,skipped,0
C0546-W09,C0546,9,completed,2
C0546-W10,C0546,10,completed,3
C0546-W11,C0546,11,completed,3
C0546-W12,C0546,12,skipped,0
C0547-W01,C0547,1,completed,2
C0547-W02,C0547,2,completed,4
C0547-W03,C0547,3,late,4
C0547-W04,C0547,4,completed,2
C0547-W05,C0547,5,skipped,0
C0547-W06,C0547,6,completed,2
C0547-W07,C0547,7,late,2
C0547-W08,C0547,8,completed,3
C0547-W09,C0547,9,completed,2
C0547-W10,C0547,10,completed,4
C0547-W11,C0547,11,completed,4
C0547-W12,C0547,12,late,4
C0548-W01,C0548,1,completed,3
C0548-W02,C0548,2,completed,2
C0548-W03,C0548,3,late,4
C0548-W04,C0548,4,completed,4
C0548-W05,C0548,5,completed,2
C0548-W06,C0548,6,completed,3
C0548-W07,C0548,7,skipped,0
C0548-W08,C0548,8,late,4
C0548-W09,C0548,9,late,2
C0548-W10,C0548,10,completed,2
C0548-W11,C0548,11,completed,3
C0548-W12,C0548,12,completed,2
C0549-W01,C0549,1,completed,2
C0549-W02,C0549,2,completed,2
C0549-W03,C0549,3,completed,3
C0549-W04,C0549,4,completed,2
C0549-W05,C0549,5,skipped,0
C0549-W06,C0549,6,late,3
C0549-W07,C0549,7,completed,2
C0549-W08,C0549,8,completed,4
C0549-W09,C0549,9,completed,3
C0549-W10,C0549,10,completed,2
C0549-W11,C0549,11,completed,3
C0549-W12,C0549,12,late,2
C0550-W01,C0550,1,completed,4
C0550-W02,C0550,2,completed,3
C0550-W03,C0550,3,completed,3
C0550-W04,C0550,4,completed,2
C0550-W05,C0550,5,completed,4
C0550-W06,C0550,6,skipped,0
C0550-W07,C0550,7,completed,2
C0550-W08,C0550,8,completed,3
C0550-W09,C0550,9,completed,3
C0550-W10,C0550,10,completed,3
C0550-W11,C0550,11,completed,4
C0550-W12,C0550,12,completed,4
C0551-W01,C0551,1,completed,2
C0551-W02,C0551,2,completed,2
C0551-W03,C0551,3,completed,4
C0551-W04,C0551,4,late,3
C0551-W05,C0551,5,skipped,0
C0551-W06,C0551,6,skipped,0
C0551-W07,C0551,7,completed,2
C0551-W08,C0551,8,completed,4
C0551-W09,C0551,9,completed,2
C0551-W10,C0551,10,late,2
C0551-W11,C0551,11,completed,3
C0551-W12,C0551,12,skipped,0
C0552-W01,C0552,1,completed,4
C0552-W02,C0552,2,completed,2
C0552-W03,C0552,3,completed,3
C0552-W04,C0552,4,completed,2
C0552-W05,C0552,5,completed,2
C0552-W06,C0552,6,completed,2
C0552-W07,C0552,7,completed,2
C0552-W08,C0552,8,completed,4
C0552-W09,C0552,9,skipped,0
C0552-W10,C0552,10,completed,2
C0552-W11,C0552,11,completed,2
C0552-W12,C0552,12,late,3
C0553-W01,C0553,1,completed,2
C0553-W02,C0553,2,skipped,0
C0553-W03,C0553,3,completed,3
C0553-W04,C0553,4,completed,4
C0553-W05,C0553,5,completed,4
C0553-W06,C0553,6,completed,3
C0553-W07,C0553,7,completed,3
C0553-W08,C0553,8,completed,4
C0553-W09,C0553,9,completed,3
C0553-W10,C0553,10,completed,4
C0553-W11,C0553,11,completed,2
C0553-W12,C0553,12,completed,3
C0554-W01,C0554,1,completed,3
C0554-W02,C0554,2,completed,3
C0554-W03,C0554,3,completed,2
C0554-W04,C0554,4,completed,3
C0554-W05,C0554,5,completed,4
C0554-W06,C0554,6,completed,3
C0554-W07,C0554,7,skipped,0
C0554-W08,C0554,8,completed,2
C0554-W09,C0554,9,completed,3
C0554-W10,C0554,10,completed,3
C0554-W11,C0554,11,completed,3
C0554-W12,C0554,12,completed,2
C0555-W01,C0555,1,completed,3
C0555-W02,C0555,2,completed,3
C0555-W03,C0555,3,skipped,0
C0555-W04,C0555,4,completed,4
C0555-W05,C0555,5,completed,3
C0555-W06,C0555,6,completed,3
C0555-W07,C0555,7,skipped,0
C0555-W08,C0555,8,completed,4
C0555-W09,C0555,9,completed,2
C0555-W10,C0555,10,completed,2
C0555-W11,C0555,11,completed,3
C0555-W12,C0555,12,completed,4
C0556-W01,C0556,1,completed,2
C0556-W02,C0556,2,completed,2
C0556-W03,C0556,3,completed,2
C0556-W04,C0556,4,completed,3
C0556-W05,C0556,5,completed,2
C0556-W06,C0556,6,completed,3
C0556-W07,C0556,7,skipped,0
C0556-W08,C0556,8,completed,2
C0556-W09,C0556,9,completed,4
C0556-W10,C0556,10,completed,3
C0556-W11,C0556,11,skipped,0
C0556-W12,C0556,12,skipped,0
C0557-W01,C0557,1,completed,3
C0557-W02,C0557,2,skipped,0
C0557-W03,C0557,3,completed,2
C0557-W04,C0557,4,late,3
C0557-W05,C0557,5,completed,3
C0557-W06,C0557,6,completed,3
C0557-W07,C0557,7,completed,3
C0557-W08,C0557,8,completed,3
C0557-W09,C0557,9,completed,3
C0557-W10,C0557,10,completed,2
C0557-W11,C0557,11,completed,4
C0557-W12,C0557,12,completed,4
C0558-W01,C0558,1,completed,3
C0558-W02,C0558,2,completed,4
C0558-W03,C0558,3,completed,2
C0558-W04,C0558,4,completed,2
C0558-W05,C0558,5,skipped,0
C0558-W06,C0558,6,skipped,0
C0558-W07,C0558,7,completed,2
C0558-W08,C0558,8,completed,2
C0558-W09,C0558,9,skipped,0
C0558-W10,C0558,10,completed,2
C0558-W11,C0558,11,completed,4
C0558-W12,C0558,12,completed,2
C0559-W01,C0559,1,completed,3
C0559-W02,C0559,2,completed,3
C0559-W03,C0559,3,completed,2
C0559-W04,C0559,4,completed,2
C0559-W05,C0559,5,completed,3
C0559-W06,C0559,6,completed,4
C0559-W07,C0559,7,completed,4
C0559-W08,C0559,8,completed,2
C0559-W09,C0559,9,completed,4
C0559-W10,C0559,10,completed,3
C0559-W11,C0559,11,completed,4
C0559-W12,C0559,12,skipped,0
C0560-W01,C0560,1,completed,2
C0560-W02,C0560,2,completed,4
C0560-W03,C0560,3,completed,2
C0560-W04,C0560,4,late,2
C0560-W05,C0560,5,completed,3
C0560-W06,C0560,6,completed,3
C0560-W07,C0560,7,completed,3
C0560-W08,C0560,8,completed,3
C0560-W09,C0560,9,completed,4
C0560-W10,C0560,10,completed,2
C0560-W11,C0560,11,completed,3
C0560-W12,C0560,12,completed,3
C0561-W01,C0561,1,skipped,0
C0561-W02,C0561,2,completed,3
C0561-W03,C0561,3,completed,4
C0561-W04,C0561,4,skipped,0
C0561-W05,C0561,5,completed,4
C0561-W06,C0561,6,completed,3
C0561-W07,C0561,7,completed,4
C0561-W08,C0561,8,completed,4
C0561-W09,C0561,9,completed,2
C0561-W10,C0561,10,completed,4
C0561-W11,C0561,11,completed,3
C0561-W12,C0561,12,completed,3
C0562-W01,C0562,1,skipped,0
C0562-W02,C0562,2,skipped,0
C0562-W03,C0562,3,completed,4
C0562-W04,C0562,4,completed,3
C0562-W05,C0562,5,completed,2
C0562-W06,C0562,6,completed,4
C0562-W07,C0562,7,skipped,0
C0562-W08,C0562,8,completed,2
C0562-W09,C0562,9,completed,2
C0562-W10,C0562,10,late,3
C0562-W11,C0562,11,completed,4
C0562-W12,C0562,12,completed,3
C0563-W01,C0563,1,completed,2
C0563-W02,C0563,2,skipped,0
C0563-W03,C0563,3,completed,3
C0563-W04,C0563,4,completed,4
C0563-W05,C0563,5,skipped,0
C0563-W06,C0563,6,completed,3
C0563-W07,C0563,7,completed,3
C0563-W08,C0563,8,completed,2
C0563-W09,C0563,9,completed,3
C0563-W10,C0563,10,completed,3
C0563-W11,C0563,11,skipped,0
C0563-W12,C0563,12,completed,2
C0564-W01,C0564,1,completed,2
C0564-W02,C0564,2,late,2
C0564-W03,C0564,3,completed,4
C0564-W04,C0564,4,completed,3
C0564-W05,C0564,5,late,2
C0564-W06,C0564,6,completed,4
C0564-W07,C0564,7,completed,3
C0564-W08,C0564,8,completed,4
C0564-W09,C0564,9,completed,4
C0564-W10,C0564,10,completed,3
C0564-W11,C0564,11,completed,4
C0564-W12,C0564,12,completed,4
C0565-W01,C0565,1,completed,4
C0565-W02,C0565,2,completed,2
C0565-W03,C0565,3,completed,3
C0565-W04,C0565,4,completed,3
C0565-W05,C0565,5,completed,3
C0565-W06,C0565,6,late,4
C0565-W07,C0565,7,completed,2
C0565-W08,C0565,8,completed,4
C0565-W09,C0565,9,skipped,0
C0565-W10,C0565,10,completed,4
C0565-W11,C0565,11,completed,2
C0565-W12,C0565,12,completed,4
C0566-W01,C0566,1,completed,3
C0566-W02,C0566,2,skipped,0
C0566-W03,C0566,3,completed,3
C0566-W04,C0566,4,skipped,0
C0566-W05,C0566,5,completed,4
C0566-W06,C0566,6,completed,2
C0566-W07,C0566,7,late,3
C0566-W08,C0566,8,completed,2
C0566-W09,C0566,9,completed,3
C0566-W10,C0566,10,completed,2
C0566-W11,C0566,11,completed,3
C0566-W12,C0566,12,completed,3
C0567-W01,C0567,1,completed,3
C0567-W02,C0567,2,skipped,0
C0567-W03,C0567,3,completed,2
C0567-W04,C0567,4,completed,2
C0567-W05,C0567,5,skipped,0
C0567-W06,C0567,6,completed,4
C0567-W07,C0567,7,late,3
C0567-W08,C0567,8,completed,3
C0567-W09,C0567,9,completed,2
C0567-W10,C0567,10,completed,2
C0567-W11,C0567,11,completed,2
C0567-W12,C0567,12,completed,2
C0568-W01,C0568,1,completed,3
C0568-W02,C0568,2,skipped,0
C0568-W03,C0568,3,completed,2
C0568-W04,C0568,4,skipped,0
C0568-W05,C0568,5,completed,4
C0568-W06,C0568,6,completed,3
C0568-W07,C0568,7,completed,3
C0568-W08,C0568,8,skipped,0
C0568-W09,C0568,9,late,2
C0568-W10,C0568,10,completed,2
C0568-W11,C0568,11,completed,2
C0568-W12,C0568,12,completed,3
C0569-W01,C0569,1,completed,3
C0569-W02,C0569,2,completed,2
C0569-W03,C0569,3,skipped,0
C0569-W04,C0569,4,skipped,0
C0569-W05,C0569,5,completed,4
C0569-W06,C0569,6,late,4
C0569-W07,C0569,7,completed,4
C0569-W08,C0569,8,completed,4
C0569-W09,C0569,9,skipped,0
C0569-W10,C0569,10,completed,3
C0569-W11,C0569,11,completed,3
C0569-W12,C0569,12,completed,4
C0570-W01,C0570,1,skipped,0
C0570-W02,C0570,2,completed,3
C0570-W03,C0570,3,late,3
C0570-W04,C0570,4,late,4
C0570-W05,C0570,5,completed,4
C0570-W06,C0570,6,completed,4
C0570-W07,C0570,7,completed,3
C0570-W08,C0570,8,completed,4
C0570-W09,C0570,9,completed,3
C0570-W10,C0570,10,skipped,0
C0570-W11,C0570,11,skipped,0
C0570-W12,C0570,12,skipped,0
C0571-W01,C0571,1,completed,4
C0571-W02,C0571,2,completed,4
C0571-W03,C0571,3,completed,4
C0571-W04,C0571,4,completed,2
C0571-W05,C0571,5,skipped,0
C0571-W06,C0571,6,skipped,0
C0571-W07,C0571,7,late,3
C0571-W08,C0571,8,completed,3
C0571-W09,C0571,9,completed,4
C0571-W10,C0571,10,completed,3
C0571-W11,C0571,11,late,3
C0571-W12,C0571,12,skipped,0
C0572-W01,C0572,1,completed,4
C0572-W02,C0572,2,completed,2
C0572-W03,C0572,3,completed,4
C0572-W04,C0572,4,completed,2
C0572-W05,C0572,5,completed,2
C0572-W06,C0572,6,completed,4
C0572-W07,C0572,7,completed,3
C0572-W08,C0572,8,completed,2
C0572-W09,C0572,9,completed,3
C0572-W10,C0572,10,completed,3
C0572-W11,C0572,11,completed,3
C0572-W12,C0572,12,completed,3
C0573-W01,C0573,1,completed,4
C0573-W02,C0573,2,skipped,0
C0573-W03,C0573,3,completed,2
C0573-W04,C0573,4,completed,4
C0573-W05,C0573,5,completed,3
C0573-W06,C0573,6,completed,4
C0573-W07,C0573,7,completed,2
C0573-W08,C0573,8,completed,4
C0573-W09,C0573,9,completed,2
C0573-W10,C0573,10,completed,4
C0573-W11,C0573,11,completed,4
C0573-W12,C0573,12,completed,2
C0574-W01,C0574,1,completed,2
C0574-W02,C0574,2,completed,4
C0574-W03,C0574,3,completed,3
C0574-W04,C0574,4,completed,4
C0574-W05,C0574,5,completed,2
C0574-W06,C0574,6,completed,3
C0574-W07,C0574,7,completed,3
C0574-W08,C0574,8,skipped,0
C0574-W09,C0574,9,completed,3
C0574-W10,C0574,10,completed,2
C0574-W11,C0574,11,completed,3
C0574-W12,C0574,12,completed,4
C0575-W01,C0575,1,completed,2
C0575-W02,C0575,2,completed,4
C0575-W03,C0575,3,late,3
C0575-W04,C0575,4,completed,2
C0575-W05,C0575,5,completed,2
C0575-W06,C0575,6,completed,4
C0575-W07,C0575,7,skipped,0
C0575-W08,C0575,8,skipped,0
C0575-W09,C0575,9,skipped,0
C0575-W10,C0575,10,completed,2
C0575-W11,C0575,11,completed,4
C0575-W12,C0575,12,completed,2
C0576-W01,C0576,1,completed,4
C0576-W02,C0576,2,completed,3
C0576-W03,C0576,3,completed,2
C0576-W04,C0576,4,completed,2
C0576-W05,C0576,5,skipped,0
C0576-W06,C0576,6,completed,3
C0576-W07,C0576,7,completed,4
C0576-W08,C0576,8,completed,4
C0576-W09,C0576,9,completed,3
C0576-W10,C0576,10,completed,3
C0576-W11,C0576,11,completed,3
C0576-W12,C0576,12,completed,3
C0577-W01,C0577,1,completed,3
C0577-W02,C0577,2,completed,4
C0577-W03,C0577,3,skipped,0
C0577-W04,C0577,4,completed,2
C0577-W05,C0577,5,completed,3
C0577-W06,C0577,6,completed,4
C0577-W07,C0577,7,completed,3
C0577-W08,C0577,8,completed,3
C0577-W09,C0577,9,completed,2
C0577-W10,C0577,10,completed,2
C0577-W11,C0577,11,completed,4
C0577-W12,C0577,12,completed,3
C0578-W01,C0578,1,completed,4
C0578-W02,C0578,2,completed,3
C0578-W03,C0578,3,completed,4
C0578-W04,C0578,4,completed,2
C0578-W05,C0578,5,late,4
C0578-W06,C0578,6,completed,3
C0578-W07,C0578,7,completed,3
C0578-W08,C0578,8,completed,2
C0578-W09,C0578,9,completed,3
C0578-W10,C0578,10,completed,3
C0578-W11,C0578,11,completed,3
C0578-W12,C0578,12,skipped,0
C0579-W01,C0579,1,completed,2
C0579-W02,C0579,2,completed,2
C0579-W03,C0579,3,completed,4
C0579-W04,C0579,4,completed,3
C0579-W05,C0579,5,completed,2
C0579-W06,C0579,6,completed,2
C0579-W07,C0579,7,completed,2
C0579-W08,C0579,8,completed,3
C0579-W09,C0579,9,skipped,0
C0579-W10,C0579,10,completed,4
C0579-W11,C0579,11,completed,2
C0579-W12,C0579,12,completed,3
C0580-W01,C0580,1,completed,2
C0580-W02,C0580,2,completed,4
C0580-W03,C0580,3,completed,3
C0580-W04,C0580,4,completed,2
C0580-W05,C0580,5,late,2
C0580-W06,C0580,6,completed,3
C0580-W07,C0580,7,completed,4
C0580-W08,C0580,8,completed,2
C0580-W09,C0580,9,completed,4
C0580-W10,C0580,10,skipped,0
C0580-W11,C0580,11,completed,4
C0580-W12,C0580,12,completed,4
C0581-W01,C0581,1,completed,3
C0581-W02,C0581,2,completed,3
C0581-W03,C0581,3,completed,3
C0581-W04,C0581,4,skipped,0
C0581-W05,C0581,5,completed,4
C0581-W06,C0581,6,completed,3
C0581-W07,C0581,7,completed,2
C0581-W08,C0581,8,completed,4
C0581-W09,C0581,9,completed,2
C0581-W10,C0581,10,completed,3
C0581-W11,C0581,11,completed,4
C0581-W12,C0581,12,completed,4
C0582-W01,C0582,1,completed,4
C0582-W02,C0582,2,completed,4
C0582-W03,C0582,3,completed,2
C0582-W04,C0582,4,completed,3
C0582-W05,C0582,5,skipped,0
C0582-W06,C0582,6,late,2
C0582-W07,C0582,7,completed,4
C0582-W08,C0582,8,skipped,0
C0582-W09,C0582,9,completed,4
C0582-W10,C0582,10,completed,3
C0582-W11,C0582,11,completed,4
C0582-W12,C0582,12,completed,3
C0583-W01,C0583,1,completed,2
C0583-W02,C0583,2,completed,3
C0583-W03,C0583,3,completed,4
C0583-W04,C0583,4,completed,4
C0583-W05,C0583,5,completed,2
C0583-W06,C0583,6,completed,3
C0583-W07,C0583,7,completed,2
C0583-W08,C0583,8,skipped,0
C0583-W09,C0583,9,skipped,0
C0583-W10,C0583,10,skipped,0
C0583-W11,C0583,11,completed,4
C0583-W12,C0583,12,completed,4
C0584-W01,C0584,1,completed,4
C0584-W02,C0584,2,completed,3
C0584-W03,C0584,3,completed,2
C0584-W04,C0584,4,completed,4
C0584-W05,C0584,5,completed,2
C0584-W06,C0584,6,completed,3
C0584-W07,C0584,7,completed,3
C0584-W08,C0584,8,late,4
C0584-W09,C0584,9,skipped,0
C0584-W10,C0584,10,completed,3
C0584-W11,C0584,11,completed,3
C0584-W12,C0584,12,completed,4
C0585-W01,C0585,1,completed,2
C0585-W02,C0585,2,completed,2
C0585-W03,C0585,3,skipped,0
C0585-W04,C0585,4,completed,2
C0585-W05,C0585,5,completed,4
C0585-W06,C0585,6,completed,4
C0585-W07,C0585,7,completed,3
C0585-W08,C0585,8,completed,4
C0585-W09,C0585,9,completed,3
C0585-W10,C0585,10,completed,3
C0585-W11,C0585,11,skipped,0
C0585-W12,C0585,12,completed,3
C0586-W01,C0586,1,completed,3
C0586-W02,C0586,2,completed,4
C0586-W03,C0586,3,late,3
C0586-W04,C0586,4,completed,2
C0586-W05,C0586,5,skipped,0
C0586-W06,C0586,6,skipped,0
C0586-W07,C0586,7,completed,3
C0586-W08,C0586,8,skipped,0
C0586-W09,C0586,9,late,4
C0586-W10,C0586,10,completed,3
C0586-W11,C0586,11,completed,3
C0586-W12,C0586,12,completed,2
C0587-W01,C0587,1,completed,4
C0587-W02,C0587,2,completed,4
C0587-W03,C0587,3,skipped,0
C0587-W04,C0587,4,completed,2
C0587-W05,C0587,5,completed,3
C0587-W06,C0587,6,completed,3
C0587-W07,C0587,7,skipped,0
C0587-W08,C0587,8,completed,2
C0587-W09,C0587,9,completed,3
C0587-W10,C0587,10,completed,2
C0587-W11,C0587,11,completed,4
C0587-W12,C0587,12,completed,2
C0588-W01,C0588,1,completed,3
C0588-W02,C0588,2,completed,4
C0588-W03,C0588,3,completed,4
C0588-W04,C0588,4,completed,3
C0588-W05,C0588,5,completed,2
C0588-W06,C0588,6,completed,4
C0588-W07,C0588,7,completed,4
C0588-W08,C0588,8,completed,3
C0588-W09,C0588,9,completed,2
C0588-W10,C0588,10,completed,4
C0588-W11,C0588,11,completed,3
C0588-W12,C0588,12,completed,4
C0589-W01,C0589,1,completed,2
C0589-W02,C0589,2,late,3
C0589-W03,C0589,3,completed,3
C0589-W04,C0589,4,skipped,0
C0589-W05,C0589,5,completed,2
C0589-W06,C0589,6,skipped,0
C0589-W07,C0589,7,late,4
C0589-W08,C0589,8,completed,3
C0589-W09,C0589,9,completed,4
C0589-W10,C0589,10,skipped,0
C0589-W11,C0589,11,completed,2
C0589-W12,C0589,12,completed,3
C0590-W01,C0590,1,late,4
C0590-W02,C0590,2,completed,2
C0590-W03,C0590,3,completed,2
C0590-W04,C0590,4,completed,2
C0590-W05,C0590,5,skipped,0
C0590-W06,C0590,6,completed,4
C0590-W07,C0590,7,skipped,0
C0590-W08,C0590,8,completed,4
C0590-W09,C0590,9,completed,3
C0590-W10,C0590,10,skipped,0
C0590-W11,C0590,11,completed,2
C0590-W12,C0590,12,skipped,0
C0591-W01,C0591,1,completed,3
C0591-W02,C0591,2,completed,4
C0591-W03,C0591,3,completed,3
C0591-W04,C0591,4,completed,4
C0591-W05,C0591,5,skipped,0
C0591-W06,C0591,6,completed,2
C0591-W07,C0591,7,late,4
C0591-W08,C0591,8,completed,2
C0591-W09,C0591,9,completed,4
C0591-W10,C0591,10,completed,3
C0591-W11,C0591,11,completed,4
C0591-W12,C0591,12,completed,4
C0592-W01,C0592,1,skipped,0
C0592-W02,C0592,2,completed,3
C0592-W03,C0592,3,skipped,0
C0592-W04,C0592,4,skipped,0
C0592-W05,C0592,5,completed,3
C0592-W06,C0592,6,completed,4
C0592-W07,C0592,7,completed,4
C0592-W08,C0592,8,completed,2
C0592-W09,C0592,9,completed,4
C0592-W10,C0592,10,completed,4
C0592-W11,C0592,11,late,3
C0592-W12,C0592,12,completed,2
C0593-W01,C0593,1,completed,3
C0593-W02,C0593,2,completed,3
C0593-W03,C0593,3,completed,3
C0593-W04,C0593,4,completed,3
C0593-W05,C0593,5,completed,4
C0593-W06,C0593,6,skipped,0
C0593-W07,C0593,7,completed,4
C0593-W08,C0593,8,completed,4
C0593-W09,C0593,9,skipped,0
C0593-W10,C0593,10,completed,2
C0593-W11,C0593,11,completed,4
C0593-W12,C0593,12,completed,4
C0594-W01,C0594,1,completed,4
C0594-W02,C0594,2,completed,2
C0594-W03,C0594,3,completed,4
C0594-W04,C0594,4,completed,4
C0594-W05,C0594,5,completed,2
C0594-W06,C0594,6,completed,4
C0594-W07,C0594,7,late,2
C0594-W08,C0594,8,completed,2
C0594-W09,C0594,9,skipped,0
C0594-W10,C0594,10,skipped,0
C0594-W11,C0594,11,skipped,0
C0594-W12,C0594,12,completed,4
C0595-W01,C0595,1,completed,3
C0595-W02,C0595,2,completed,3
C0595-W03,C0595,3,skipped,0
C0595-W04,C0595,4,completed,2
C0595-W05,C0595,5,completed,4
C0595-W06,C0595,6,skipped,0
C0595-W07,C0595,7,completed,4
C0595-W08,C0595,8,completed,4
C0595-W09,C0595,9,completed,4
C0595-W10,C0595,10,completed,4
C0595-W11,C0595,11,completed,3
C0595-W12,C0595,12,skipped,0
C0596-W01,C0596,1,completed,2
C0596-W02,C0596,2,skipped,0
C0596-W03,C0596,3,completed,3
C0596-W04,C0596,4,completed,4
C0596-W05,C0596,5,skipped,0
C0596-W06,C0596,6,completed,4
C0596-W07,C0596,7,late,3
C0596-W08,C0596,8,completed,4
C0596-W09,C0596,9,completed,3
C0596-W10,C0596,10,completed,3
C0596-W11,C0596,11,completed,4
C0596-W12,C0596,12,skipped,0
C0597-W01,C0597,1,skipped,0
C0597-W02,C0597,2,completed,4
C0597-W03,C0597,3,completed,3
C0597-W04,C0597,4,completed,3
C0597-W05,C0597,5,completed,3
C0597-W06,C0597,6,completed,4
C0597-W07,C0597,7,completed,3
C0597-W08,C0597,8,completed,4
C0597-W09,C0597,9,completed,2
C0597-W10,C0597,10,completed,3
C0597-W11,C0597,11,completed,2
C0597-W12,C0597,12,completed,4
C0598-W01,C0598,1,late,2
C0598-W02,C0598,2,completed,4
C0598-W03,C0598,3,late,2
C0598-W04,C0598,4,skipped,0
C0598-W05,C0598,5,completed,4
C0598-W06,C0598,6,completed,4
C0598-W07,C0598,7,completed,2
C0598-W08,C0598,8,completed,4
C0598-W09,C0598,9,completed,2
C0598-W10,C0598,10,completed,4
C0598-W11,C0598,11,completed,3
C0598-W12,C0598,12,completed,4
C0599-W01,C0599,1,completed,2
C0599-W02,C0599,2,completed,4
C0599-W03,C0599,3,late,2
C0599-W04,C0599,4,completed,2
C0599-W05,C0599,5,completed,2
C0599-W06,C0599,6,completed,2
C0599-W07,C0599,7,late,2
C0599-W08,C0599,8,completed,3
C0599-W09,C0599,9,completed,4
C0599-W10,C0599,10,skipped,0
C0599-W11,C0599,11,completed,4
C0599-W12,C0599,12,completed,4
C0600-W01,C0600,1,skipped,0
C0600-W02,C0600,2,skipped,0
C0600-W03,C0600,3,completed,4
C0600-W04,C0600,4,completed,4
C0600-W05,C0600,5,completed,2
C0600-W06,C0600,6,completed,2
C0600-W07,C0600,7,completed,4
C0600-W08,C0600,8,completed,2
C0600-W09,C0600,9,completed,2
C0600-W10,C0600,10,completed,3
C0600-W11,C0600,11,completed,2
C0600-W12,C0600,12,completed,4
C0601-W01,C0601,1,completed,2
C0601-W02,C0601,2,completed,2
C0601-W03,C0601,3,skipped,0
C0601-W04,C0601,4,completed,4
C0601-W05,C0601,5,completed,4
C0601-W06,C0601,6,completed,3
C0601-W07,C0601,7,completed,3
C0601-W08,C0601,8,completed,2
C0601-W09,C0601,9,completed,4
C0601-W10,C0601,10,completed,4
C0601-W11,C0601,11,completed,3
C0601-W12,C0601,12,completed,4
C0602-W01,C0602,1,skipped,0
C0602-W02,C0602,2,skipped,0
C0602-W03,C0602,3,late,4
C0602-W04,C0602,4,skipped,0
C0602-W05,C0602,5,completed,4
C0602-W06,C0602,6,completed,2
C0602-W07,C0602,7,completed,4
C0602-W08,C0602,8,skipped,0
C0602-W09,C0602,9,completed,4
C0602-W10,C0602,10,completed,3
C0602-W11,C0602,11,completed,3
C0602-W12,C0602,12,completed,4
C0603-W01,C0603,1,completed,2
C0603-W02,C0603,2,skipped,0
C0603-W03,C0603,3,completed,3
C0603-W04,C0603,4,completed,3
C0603-W05,C0603,5,completed,2
C0603-W06,C0603,6,completed,2
C0603-W07,C0603,7,completed,3
C0603-W08,C0603,8,skipped,0
C0603-W09,C0603,9,completed,4
C0603-W10,C0603,10,completed,3
C0603-W11,C0603,11,completed,2
C0603-W12,C0603,12,completed,4
C0604-W01,C0604,1,late,4
C0604-W02,C0604,2,completed,4
C0604-W03,C0604,3,late,2
C0604-W04,C0604,4,late,2
C0604-W05,C0604,5,completed,4
C0604-W06,C0604,6,completed,3
C0604-W07,C0604,7,skipped,0
C0604-W08,C0604,8,completed,2
C0604-W09,C0604,9,completed,2
C0604-W10,C0604,10,completed,2
C0604-W11,C0604,11,late,2
C0604-W12,C0604,12,completed,4
C0605-W01,C0605,1,completed,2
C0605-W02,C0605,2,completed,4
C0605-W03,C0605,3,completed,4
C0605-W04,C0605,4,completed,2
C0605-W05,C0605,5,late,2
C0605-W06,C0605,6,completed,3
C0605-W07,C0605,7,skipped,0
C0605-W08,C0605,8,completed,4
C0605-W09,C0605,9,completed,3
C0605-W10,C0605,10,completed,3
C0605-W11,C0605,11,late,2
C0605-W12,C0605,12,late,2
C0606-W01,C0606,1,completed,2
C0606-W02,C0606,2,completed,4
C0606-W03,C0606,3,completed,3
C0606-W04,C0606,4,completed,3
C0606-W05,C0606,5,completed,3
C0606-W06,C0606,6,completed,3
C0606-W07,C0606,7,completed,3
C0606-W08,C0606,8,completed,2
C0606-W09,C0606,9,skipped,0
C0606-W10,C0606,10,completed,3
C0606-W11,C0606,11,completed,4
C0606-W12,C0606,12,completed,4
C0607-W01,C0607,1,completed,3
C0607-W02,C0607,2,completed,2
C0607-W03,C0607,3,completed,3
C0607-W04,C0607,4,completed,4
C0607-W05,C0607,5,completed,3
C0607-W06,C0607,6,completed,2
C0607-W07,C0607,7,late,2
C0607-W08,C0607,8,completed,3
C0607-W09,C0607,9,completed,3
C0607-W10,C0607,10,completed,3
C0607-W11,C0607,11,completed,3
C0607-W12,C0607,12,skipped,0
C0608-W01,C0608,1,completed,4
C0608-W02,C0608,2,completed,3
C0608-W03,C0608,3,completed,3
C0608-W04,C0608,4,completed,4
C0608-W05,C0608,5,late,4
C0608-W06,C0608,6,completed,3
C0608-W07,C0608,7,skipped,0
C0608-W08,C0608,8,completed,2
C0608-W09,C0608,9,completed,2
C0608-W10,C0608,10,completed,4
C0608-W11,C0608,11,completed,3
C0608-W12,C0608,12,completed,2
C0609-W01,C0609,1,late,3
C0609-W02,C0609,2,completed,4
C0609-W03,C0609,3,completed,4
C0609-W04,C0609,4,completed,2
C0609-W05,C0609,5,skipped,0
C0609-W06,C0609,6,completed,2
C0609-W07,C0609,7,completed,4
C0609-W08,C0609,8,skipped,0
C0609-W09,C0609,9,completed,3
C0609-W10,C0609,10,completed,2
C0609-W11,C0609,11,completed,2
C0609-W12,C0609,12,completed,3
C0610-W01,C0610,1,completed,3
C0610-W02,C0610,2,completed,4
C0610-W03,C0610,3,completed,2
C0610-W04,C0610,4,completed,2
C0610-W05,C0610,5,completed,2
C0610-W06,C0610,6,late,4
C0610-W07,C0610,7,completed,3
C0610-W08,C0610,8,completed,3
C0610-W09,C0610,9,completed,2
C0610-W10,C0610,10,completed,2
C0610-W11,C0610,11,late,4
C0610-W12,C0610,12,completed,2
C0611-W01,C0611,1,skipped,0
C0611-W02,C0611,2,completed,3
C0611-W03,C0611,3,completed,4
C0611-W04,C0611,4,completed,2
C0611-W05,C0611,5,completed,4
C0611-W06,C0611,6,completed,4
C0611-W07,C0611,7,completed,3
C0611-W08,C0611,8,completed,2
C0611-W09,C0611,9,completed,2
C0611-W10,C0611,10,completed,2
C0611-W11,C0611,11,completed,4
C0611-W12,C0611,12,late,2
C0612-W01,C0612,1,completed,4
C0612-W02,C0612,2,completed,2
C0612-W03,C0612,3,completed,4
C0612-W04,C0612,4,completed,3
C0612-W05,C0612,5,completed,2
C0612-W06,C0612,6,completed,4
C0612-W07,C0612,7,skipped,0
C0612-W08,C0612,8,completed,2
C0612-W09,C0612,9,completed,3
C0612-W10,C0612,10,skipped,0
C0612-W11,C0612,11,completed,2
C0612-W12,C0612,12,completed,4
C0613-W01,C0613,1,completed,3
C0613-W02,C0613,2,late,2
C0613-W03,C0613,3,completed,2
C0613-W04,C0613,4,late,4
C0613-W05,C0613,5,completed,3
C0613-W06,C0613,6,completed,2
C0613-W07,C0613,7,completed,3
C0613-W08,C0613,8,completed,2
C0613-W09,C0613,9,completed,3
C0613-W10,C0613,10,skipped,0
C0613-W11,C0613,11,completed,2
C0613-W12,C0613,12,completed,4
C0614-W01,C0614,1,completed,3
C0614-W02,C0614,2,completed,2
C0614-W03,C0614,3,completed,2
C0614-W04,C0614,4,skipped,0
C0614-W05,C0614,5,skipped,0
C0614-W06,C0614,6,completed,4
C0614-W07,C0614,7,completed,3
C0614-W08,C0614,8,completed,3
C0614-W09,C0614,9,completed,3
C0614-W10,C0614,10,completed,3
C0614-W11,C0614,11,late,3
C0614-W12,C0614,12,completed,3
C0615-W01,C0615,1,skipped,0
C0615-W02,C0615,2,completed,2
C0615-W03,C0615,3,completed,2
C0615-W04,C0615,4,completed,2
C0615-W05,C0615,5,completed,3
C0615-W06,C0615,6,completed,2
C0615-W07,C0615,7,completed,4
C0615-W08,C0615,8,completed,3
C0615-W09,C0615,9,completed,2
C0615-W10,C0615,10,completed,4
C0615-W11,C0615,11,completed,3
C0615-W12,C0615,12,completed,3
C0616-W01,C0616,1,completed,3
C0616-W02,C0616,2,skipped,0
C0616-W03,C0616,3,late,4
C0616-W04,C0616,4,skipped,0
C0616-W05,C0616,5,completed,3
C0616-W06,C0616,6,completed,2
C0616-W07,C0616,7,completed,2
C0616-W08,C0616,8,late,4
C0616-W09,C0616,9,completed,3
C0616-W10,C0616,10,completed,4
C0616-W11,C0616,11,completed,3
C0616-W12,C0616,12,completed,3
C0617-W01,C0617,1,completed,3
C0617-W02,C0617,2,completed,3
C0617-W03,C0617,3,completed,4
C0617-W04,C0617,4,completed,3
C0617-W05,C0617,5,completed,4
C0617-W06,C0617,6,late,4
C0617-W07,C0617,7,completed,3
C0617-W08,C0617,8,completed,4
C0617-W09,C0617,9,completed,3
C0617-W10,C0617,10,completed,3
C0617-W11,C0617,11,completed,3
C0617-W12,C0617,12,late,4
C0618-W01,C0618,1,completed,2
C0618-W02,C0618,2,completed,3
C0618-W03,C0618,3,completed,3
C0618-W04,C0618,4,late,3
C0618-W05,C0618,5,completed,4
C0618-W06,C0618,6,completed,3
C0618-W07,C0618,7,completed,2
C0618-W08,C0618,8,completed,4
C0618-W09,C0618,9,completed,2
C0618-W10,C0618,10,completed,4
C0618-W11,C0618,11,skipped,0
C0618-W12,C0618,12,completed,3
C0619-W01,C0619,1,late,4
C0619-W02,C0619,2,completed,4
C0619-W03,C0619,3,late,2
C0619-W04,C0619,4,completed,4
C0619-W05,C0619,5,completed,4
C0619-W06,C0619,6,late,2
C0619-W07,C0619,7,completed,2
C0619-W08,C0619,8,skipped,0
C0619-W09,C0619,9,skipped,0
C0619-W10,C0619,10,completed,2
C0619-W11,C0619,11,skipped,0
C0619-W12,C0619,12,skipped,0
C0620-W01,C0620,1,completed,3
C0620-W02,C0620,2,completed,3
C0620-W03,C0620,3,completed,4
C0620-W04,C0620,4,completed,3
C0620-W05,C0620,5,completed,3
C0620-W06,C0620,6,skipped,0
C0620-W07,C0620,7,completed,2
C0620-W08,C0620,8,completed,3
C0620-W09,C0620,9,skipped,0
C0620-W10,C0620,10,completed,2
C0620-W11,C0620,11,completed,2
C0620-W12,C0620,12,completed,2
C0621-W01,C0621,1,completed,2
C0621-W02,C0621,2,skipped,0
C0621-W03,C0621,3,skipped,0
C0621-W04,C0621,4,completed,4
C0621-W05,C0621,5,completed,2
C0621-W06,C0621,6,completed,4
C0621-W07,C0621,7,completed,3
C0621-W08,C0621,8,completed,4
C0621-W09,C0621,9,completed,2
C0621-W10,C0621,10,completed,2
C0621-W11,C0621,11,completed,3
C0621-W12,C0621,12,skipped,0
C0622-W01,C0622,1,completed,3
C0622-W02,C0622,2,completed,2
C0622-W03,C0622,3,completed,2
C0622-W04,C0622,4,completed,2
C0622-W05,C0622,5,completed,2
C0622-W06,C0622,6,completed,3
C0622-W07,C0622,7,completed,4
C0622-W08,C0622,8,completed,3
C0622-W09,C0622,9,completed,2
C0622-W10,C0622,10,completed,4
C0622-W11,C0622,11,completed,2
C0622-W12,C0622,12,completed,2
C0623-W01,C0623,1,skipped,0
C0623-W02,C0623,2,completed,2
C0623-W03,C0623,3,completed,3
C0623-W04,C0623,4,late,3
C0623-W05,C0623,5,completed,2
C0623-W06,C0623,6,skipped,0
C0623-W07,C0623,7,late,4
C0623-W08,C0623,8,skipped,0
C0623-W09,C0623,9,late,2
C0623-W10,C0623,10,skipped,0
C0623-W11,C0623,11,completed,2
C0623-W12,C0623,12,completed,3
C0624-W01,C0624,1,completed,4
C0624-W02,C0624,2,completed,3
C0624-W03,C0624,3,completed,4
C0624-W04,C0624,4,completed,2
C0624-W05,C0624,5,completed,4
C0624-W06,C0624,6,late,3
C0624-W07,C0624,7,completed,3
C0624-W08,C0624,8,late,4
C0624-W09,C0624,9,completed,4
C0624-W10,C0624,10,completed,2
C0624-W11,C0624,11,completed,2
C0624-W12,C0624,12,completed,3
C0625-W01,C0625,1,completed,3
C0625-W02,C0625,2,completed,4
C0625-W03,C0625,3,completed,2
C0625-W04,C0625,4,completed,4
C0625-W05,C0625,5,completed,4
C0625-W06,C0625,6,completed,4
C0625-W07,C0625,7,skipped,0
C0625-W08,C0625,8,late,4
C0625-W09,C0625,9,completed,3
C0625-W10,C0625,10,completed,2
C0625-W11,C0625,11,completed,3
C0625-W12,C0625,12,completed,2
C0626-W01,C0626,1,completed,4
C0626-W02,C0626,2,completed,2
C0626-W03,C0626,3,skipped,0
C0626-W04,C0626,4,completed,2
C0626-W05,C0626,5,completed,3
C0626-W06,C0626,6,completed,3
C0626-W07,C0626,7,completed,2
C0626-W08,C0626,8,skipped,0
C0626-W09,C0626,9,completed,4
C0626-W10,C0626,10,skipped,0
C0626-W11,C0626,11,completed,3
C0626-W12,C0626,12,completed,4
C0627-W01,C0627,1,completed,3
C0627-W02,C0627,2,completed,3
C0627-W03,C0627,3,completed,3
C0627-W04,C0627,4,late,2
C0627-W05,C0627,5,skipped,0
C0627-W06,C0627,6,late,4
C0627-W07,C0627,7,completed,4
C0627-W08,C0627,8,completed,2
C0627-W09,C0627,9,completed,4
C0627-W10,C0627,10,completed,3
C0627-W11,C0627,11,late,3
C0627-W12,C0627,12,completed,4
C0628-W01,C0628,1,completed,4
C0628-W02,C0628,2,completed,4
C0628-W03,C0628,3,completed,4
C0628-W04,C0628,4,completed,3
C0628-W05,C0628,5,completed,3
C0628-W06,C0628,6,completed,2
C0628-W07,C0628,7,completed,2
C0628-W08,C0628,8,completed,3
C0628-W09,C0628,9,completed,3
C0628-W10,C0628,10,completed,4
C0628-W11,C0628,11,completed,2
C0628-W12,C0628,12,completed,4
C0629-W01,C0629,1,skipped,0
C0629-W02,C0629,2,completed,2
C0629-W03,C0629,3,completed,2
C0629-W04,C0629,4,completed,4
C0629-W05,C0629,5,completed,4
C0629-W06,C0629,6,completed,3
C0629-W07,C0629,7,completed,2
C0629-W08,C0629,8,completed,3
C0629-W09,C0629,9,completed,4
C0629-W10,C0629,10,completed,3
C0629-W11,C0629,11,completed,4
C0629-W12,C0629,12,completed,3
C0630-W01,C0630,1,late,4
C0630-W02,C0630,2,completed,2
C0630-W03,C0630,3,skipped,0
C0630-W04,C0630,4,completed,3
C0630-W05,C0630,5,completed,2
C0630-W06,C0630,6,completed,2
C0630-W07,C0630,7,completed,4
C0630-W08,C0630,8,completed,2
C0630-W09,C0630,9,completed,4
C0630-W10,C0630,10,completed,2
C0630-W11,C0630,11,completed,2
C0630-W12,C0630,12,completed,3
C0631-W01,C0631,1,completed,3
C0631-W02,C0631,2,completed,4
C0631-W03,C0631,3,completed,3
C0631-W04,C0631,4,skipped,0
C0631-W05,C0631,5,completed,2
C0631-W06,C0631,6,completed,2
C0631-W07,C0631,7,completed,4
C0631-W08,C0631,8,completed,3
C0631-W09,C0631,9,completed,3
C0631-W10,C0631,10,completed,2
C0631-W11,C0631,11,completed,4
C0631-W12,C0631,12,completed,2
C0632-W01,C0632,1,completed,3
C0632-W02,C0632,2,completed,4
C0632-W03,C0632,3,completed,4
C0632-W04,C0632,4,completed,2
C0632-W05,C0632,5,completed,2
C0632-W06,C0632,6,completed,4
C0632-W07,C0632,7,completed,4
C0632-W08,C0632,8,completed,3
C0632-W09,C0632,9,completed,3
C0632-W10,C0632,10,late,4
C0632-W11,C0632,11,completed,4
C0632-W12,C0632,12,completed,3
C0633-W01,C0633,1,completed,4
C0633-W02,C0633,2,skipped,0
C0633-W03,C0633,3,skipped,0
C0633-W04,C0633,4,completed,2
C0633-W05,C0633,5,completed,3
C0633-W06,C0633,6,completed,4
C0633-W07,C0633,7,completed,4
C0633-W08,C0633,8,completed,4
C0633-W09,C0633,9,skipped,0
C0633-W10,C0633,10,completed,2
C0633-W11,C0633,11,completed,4
C0633-W12,C0633,12,completed,3
C0634-W01,C0634,1,completed,4
C0634-W02,C0634,2,late,4
C0634-W03,C0634,3,completed,2
C0634-W04,C0634,4,late,3
C0634-W05,C0634,5,completed,3
C0634-W06,C0634,6,completed,3
C0634-W07,C0634,7,completed,3
C0634-W08,C0634,8,completed,2
C0634-W09,C0634,9,completed,4
C0634-W10,C0634,10,completed,3
C0634-W11,C0634,11,skipped,0
C0634-W12,C0634,12,completed,3
C0635-W01,C0635,1,completed,2
C0635-W02,C0635,2,completed,4
C0635-W03,C0635,3,completed,2
C0635-W04,C0635,4,completed,2
C0635-W05,C0635,5,completed,4
C0635-W06,C0635,6,completed,4
C0635-W07,C0635,7,completed,2
C0635-W08,C0635,8,completed,4
C0635-W09,C0635,9,skipped,0
C0635-W10,C0635,10,completed,3
C0635-W11,C0635,11,completed,3
C0635-W12,C0635,12,completed,4
C0636-W01,C0636,1,completed,3
C0636-W02,C0636,2,completed,3
C0636-W03,C0636,3,completed,2
C0636-W04,C0636,4,completed,3
C0636-W05,C0636,5,completed,4
C0636-W06,C0636,6,completed,3
C0636-W07,C0636,7,completed,3
C0636-W08,C0636,8,completed,4
C0636-W09,C0636,9,completed,2
C0636-W10,C0636,10,completed,2
C0636-W11,C0636,11,completed,4
C0636-W12,C0636,12,completed,2
C0637-W01,C0637,1,completed,2
C0637-W02,C0637,2,completed,3
C0637-W03,C0637,3,completed,3
C0637-W04,C0637,4,completed,4
C0637-W05,C0637,5,late,4
C0637-W06,C0637,6,completed,2
C0637-W07,C0637,7,completed,4
C0637-W08,C0637,8,completed,3
C0637-W09,C0637,9,completed,2
C0637-W10,C0637,10,completed,3
C0637-W11,C0637,11,completed,4
C0637-W12,C0637,12,completed,2
C0638-W01,C0638,1,completed,3
C0638-W02,C0638,2,completed,2
C0638-W03,C0638,3,completed,2
C0638-W04,C0638,4,completed,3
C0638-W05,C0638,5,completed,3
C0638-W06,C0638,6,skipped,0
C0638-W07,C0638,7,completed,2
C0638-W08,C0638,8,completed,2
C0638-W09,C0638,9,completed,3
C0638-W10,C0638,10,completed,2
C0638-W11,C0638,11,completed,3
C0638-W12,C0638,12,skipped,0
C0639-W01,C0639,1,completed,4
C0639-W02,C0639,2,completed,3
C0639-W03,C0639,3,completed,2
C0639-W04,C0639,4,completed,2
C0639-W05,C0639,5,skipped,0
C0639-W06,C0639,6,completed,4
C0639-W07,C0639,7,completed,2
C0639-W08,C0639,8,completed,3
C0639-W09,C0639,9,completed,4
C0639-W10,C0639,10,completed,2
C0639-W11,C0639,11,completed,4
C0639-W12,C0639,12,skipped,0
C0640-W01,C0640,1,completed,4
C0640-W02,C0640,2,completed,4
C0640-W03,C0640,3,completed,3
C0640-W04,C0640,4,completed,3
C0640-W05,C0640,5,completed,3
C0640-W06,C0640,6,completed,4
C0640-W07,C0640,7,completed,4
C0640-W08,C0640,8,late,4
C0640-W09,C0640,9,completed,3
C0640-W10,C0640,10,late,4
C0640-W11,C0640,11,completed,3
C0640-W12,C0640,12,skipped,0
C0641-W01,C0641,1,completed,3
C0641-W02,C0641,2,completed,3
C0641-W03,C0641,3,completed,3
C0641-W04,C0641,4,completed,3
C0641-W05,C0641,5,completed,4
C0641-W06,C0641,6,completed,3
C0641-W07,C0641,7,completed,3
C0641-W08,C0641,8,completed,2
C0641-W09,C0641,9,completed,4
C0641-W10,C0641,10,completed,4
C0641-W11,C0641,11,completed,4
C0641-W12,C0641,12,skipped,0
C0642-W01,C0642,1,completed,3
C0642-W02,C0642,2,late,2
C0642-W03,C0642,3,completed,3
C0642-W04,C0642,4,completed,2
C0642-W05,C0642,5,completed,2
C0642-W06,C0642,6,completed,4
C0642-W07,C0642,7,completed,2
C0642-W08,C0642,8,completed,3
C0642-W09,C0642,9,completed,4
C0642-W10,C0642,10,completed,3
C0642-W11,C0642,11,completed,4
C0642-W12,C0642,12,completed,4
C0643-W01,C0643,1,completed,2
C0643-W02,C0643,2,completed,4
C0643-W03,C0643,3,completed,2
C0643-W04,C0643,4,skipped,0
C0643-W05,C0643,5,completed,2
C0643-W06,C0643,6,completed,2
C0643-W07,C0643,7,completed,3
C0643-W08,C0643,8,completed,4
C0643-W09,C0643,9,skipped,0
C0643-W10,C0643,10,completed,4
C0643-W11,C0643,11,completed,3
C0643-W12,C0643,12,completed,2
C0644-W01,C0644,1,completed,3
C0644-W02,C0644,2,completed,2
C0644-W03,C0644,3,completed,4
C0644-W04,C0644,4,completed,2
C0644-W05,C0644,5,completed,3
C0644-W06,C0644,6,completed,3
C0644-W07,C0644,7,completed,3
C0644-W08,C0644,8,completed,2
C0644-W09,C0644,9,completed,3
C0644-W10,C0644,10,late,4
C0644-W11,C0644,11,completed,4
C0644-W12,C0644,12,completed,2
C0645-W01,C0645,1,completed,2
C0645-W02,C0645,2,completed,2
C0645-W03,C0645,3,completed,2
C0645-W04,C0645,4,skipped,0
C0645-W05,C0645,5,skipped,0
C0645-W06,C0645,6,skipped,0
C0645-W07,C0645,7,completed,3
C0645-W08,C0645,8,skipped,0
C0645-W09,C0645,9,completed,2
C0645-W10,C0645,10,completed,2
C0645-W11,C0645,11,completed,4
C0645-W12,C0645,12,completed,2
C0646-W01,C0646,1,completed,4
C0646-W02,C0646,2,completed,4
C0646-W03,C0646,3,completed,3
C0646-W04,C0646,4,completed,4
C0646-W05,C0646,5,completed,2
C0646-W06,C0646,6,completed,2
C0646-W07,C0646,7,completed,4
C0646-W08,C0646,8,completed,2
C0646-W09,C0646,9,completed,2
C0646-W10,C0646,10,skipped,0
C0646-W11,C0646,11,completed,2
C0646-W12,C0646,12,late,3
C0647-W01,C0647,1,completed,4
C0647-W02,C0647,2,completed,4
C0647-W03,C0647,3,skipped,0
C0647-W04,C0647,4,completed,3
C0647-W05,C0647,5,completed,4
C0647-W06,C0647,6,completed,4
C0647-W07,C0647,7,skipped,0
C0647-W08,C0647,8,late,2
C0647-W09,C0647,9,completed,2
C0647-W10,C0647,10,completed,4
C0647-W11,C0647,11,completed,4
C0647-W12,C0647,12,completed,4
C0648-W01,C0648,1,completed,4
C0648-W02,C0648,2,completed,4
C0648-W03,C0648,3,completed,2
C0648-W04,C0648,4,completed,3
C0648-W05,C0648,5,skipped,0
C0648-W06,C0648,6,completed,3
C0648-W07,C0648,7,late,4
C0648-W08,C0648,8,completed,3
C0648-W09,C0648,9,completed,4
C0648-W10,C0648,10,completed,2
C0648-W11,C0648,11,completed,2
C0648-W12,C0648,12,skipped,0
C0649-W01,C0649,1,completed,2
C0649-W02,C0649,2,skipped,0
C0649-W03,C0649,3,completed,2
C0649-W04,C0649,4,completed,4
C0649-W05,C0649,5,late,4
C0649-W06,C0649,6,completed,3
C0649-W07,C0649,7,completed,4
C0649-W08,C0649,8,completed,2
C0649-W09,C0649,9,completed,2
C0649-W10,C0649,10,completed,3
C0649-W11,C0649,11,late,2
C0649-W12,C0649,12,completed,2
C0650-W01,C0650,1,completed,3
C0650-W02,C0650,2,late,3
C0650-W03,C0650,3,completed,4
C0650-W04,C0650,4,completed,3
C0650-W05,C0650,5,completed,2
C0650-W06,C0650,6,completed,4
C0650-W07,C0650,7,skipped,0
C0650-W08,C0650,8,completed,3
C0650-W09,C0650,9,completed,3
C0650-W10,C0650,10,completed,2
C0650-W11,C0650,11,completed,2
C0650-W12,C0650,12,completed,4
C0651-W01,C0651,1,completed,2
C0651-W02,C0651,2,late,4
C0651-W03,C0651,3,completed,4
C0651-W04,C0651,4,skipped,0
C0651-W05,C0651,5,late,4
C0651-W06,C0651,6,completed,2
C0651-W07,C0651,7,skipped,0
C0651-W08,C0651,8,completed,3
C0651-W09,C0651,9,completed,4
C0651-W10,C0651,10,completed,4
C0651-W11,C0651,11,completed,4
C0651-W12,C0651,12,completed,3
C0652-W01,C0652,1,completed,4
C0652-W02,C0652,2,completed,2
C0652-W03,C0652,3,completed,4
C0652-W04,C0652,4,skipped,0
C0652-W05,C0652,5,completed,4
C0652-W06,C0652,6,completed,3
C0652-W07,C0652,7,completed,3
C0652-W08,C0652,8,completed,4
C0652-W09,C0652,9,completed,3
C0652-W10,C0652,10,completed,2
C0652-W11,C0652,11,completed,2
C0652-W12,C0652,12,completed,2
C0653-W01,C0653,1,completed,2
C0653-W02,C0653,2,completed,3
C0653-W03,C0653,3,completed,4
C0653-W04,C0653,4,completed,2
C0653-W05,C0653,5,completed,4
C0653-W06,C0653,6,completed,3
C0653-W07,C0653,7,completed,2
C0653-W08,C0653,8,completed,2
C0653-W09,C0653,9,completed,4
C0653-W10,C0653,10,completed,4
C0653-W11,C0653,11,completed,2
C0653-W12,C0653,12,completed,4
C0654-W01,C0654,1,skipped,0
C0654-W02,C0654,2,completed,4
C0654-W03,C0654,3,skipped,0
C0654-W04,C0654,4,completed,4
C0654-W05,C0654,5,late,2
C0654-W06,C0654,6,completed,4
C0654-W07,C0654,7,completed,2
C0654-W08,C0654,8,completed,3
C0654-W09,C0654,9,completed,2
C0654-W10,C0654,10,completed,2
C0654-W11,C0654,11,completed,3
C0654-W12,C0654,12,completed,2
C0655-W01,C0655,1,completed,3
C0655-W02,C0655,2,completed,4
C0655-W03,C0655,3,completed,4
C0655-W04,C0655,4,skipped,0
C0655-W05,C0655,5,completed,3
C0655-W06,C0655,6,completed,2
C0655-W07,C0655,7,completed,2
C0655-W08,C0655,8,completed,2
C0655-W09,C0655,9,completed,4
C0655-W10,C0655,10,completed,3
C0655-W11,C0655,11,completed,2
C0655-W12,C0655,12,skipped,0
C0656-W01,C0656,1,late,2
C0656-W02,C0656,2,completed,4
C0656-W03,C0656,3,completed,4
C0656-W04,C0656,4,completed,3
C0656-W05,C0656,5,completed,2
C0656-W06,C0656,6,skipped,0
C0656-W07,C0656,7,completed,3
C0656-W08,C0656,8,completed,3
C0656-W09,C0656,9,skipped,0
C0656-W10,C0656,10,late,2
C0656-W11,C0656,11,completed,3
C0656-W12,C0656,12,completed,3
C0657-W01,C0657,1,completed,2
C0657-W02,C0657,2,completed,3
C0657-W03,C0657,3,completed,2
C0657-W04,C0657,4,completed,2
C0657-W05,C0657,5,completed,3
C0657-W06,C0657,6,completed,3
C0657-W07,C0657,7,completed,3
C0657-W08,C0657,8,completed,4
C0657-W09,C0657,9,completed,2
C0657-W10,C0657,10,completed,3
C0657-W11,C0657,11,skipped,0
C0657-W12,C0657,12,completed,2
C0658-W01,C0658,1,completed,3
C0658-W02,C0658,2,completed,3
C0658-W03,C0658,3,completed,2
C0658-W04,C0658,4,completed,2
C0658-W05,C0658,5,completed,4
C0658-W06,C0658,6,completed,4
C0658-W07,C0658,7,completed,4
C0658-W08,C0658,8,completed,3
C0658-W09,C0658,9,completed,2
C0658-W10,C0658,10,completed,4
C0658-W11,C0658,11,completed,3
C0658-W12,C0658,12,skipped,0
C0659-W01,C0659,1,completed,3
C0659-W02,C0659,2,completed,3
C0659-W03,C0659,3,completed,3
C0659-W04,C0659,4,completed,2
C0659-W05,C0659,5,completed,2
C0659-W06,C0659,6,completed,2
C0659-W07,C0659,7,completed,3
C0659-W08,C0659,8,completed,3
C0659-W09,C0659,9,completed,3
C0659-W10,C0659,10,late,4
C0659-W11,C0659,11,skipped,0
C0659-W12,C0659,12,completed,3
C0660-W01,C0660,1,completed,3
C0660-W02,C0660,2,skipped,0
C0660-W03,C0660,3,completed,3
C0660-W04,C0660,4,completed,4
C0660-W05,C0660,5,skipped,0
C0660-W06,C0660,6,completed,3
C0660-W07,C0660,7,completed,3
C0660-W08,C0660,8,completed,3
C0660-W09,C0660,9,completed,2
C0660-W10,C0660,10,completed,4
C0660-W11,C0660,11,completed,4
C0660-W12,C0660,12,completed,3
C0661-W01,C0661,1,completed,3
C0661-W02,C0661,2,skipped,0
C0661-W03,C0661,3,completed,3
C0661-W04,C0661,4,skipped,0
C0661-W05,C0661,5,completed,3
C0661-W06,C0661,6,skipped,0
C0661-W07,C0661,7,completed,4
C0661-W08,C0661,8,completed,4
C0661-W09,C0661,9,skipped,0
C0661-W10,C0661,10,completed,4
C0661-W11,C0661,11,completed,2
C0661-W12,C0661,12,skipped,0
C0662-W01,C0662,1,late,2
C0662-W02,C0662,2,completed,3
C0662-W03,C0662,3,completed,2
C0662-W04,C0662,4,completed,3
C0662-W05,C0662,5,late,3
C0662-W06,C0662,6,late,2
C0662-W07,C0662,7,completed,2
C0662-W08,C0662,8,completed,2
C0662-W09,C0662,9,completed,4
C0662-W10,C0662,10,completed,4
C0662-W11,C0662,11,completed,4
C0662-W12,C0662,12,completed,3
C0663-W01,C0663,1,completed,4
C0663-W02,C0663,2,completed,4
C0663-W03,C0663,3,completed,4
C0663-W04,C0663,4,completed,2
C0663-W05,C0663,5,late,3
C0663-W06,C0663,6,completed,2
C0663-W07,C0663,7,completed,4
C0663-W08,C0663,8,completed,2
C0663-W09,C0663,9,completed,3
C0663-W10,C0663,10,late,4
C0663-W11,C0663,11,completed,2
C0663-W12,C0663,12,completed,4
C0664-W01,C0664,1,completed,4
C0664-W02,C0664,2,completed,3
C0664-W03,C0664,3,completed,3
C0664-W04,C0664,4,completed,3
C0664-W05,C0664,5,completed,4
C0664-W06,C0664,6,completed,4
C0664-W07,C0664,7,completed,3
C0664-W08,C0664,8,completed,3
C0664-W09,C0664,9,completed,3
C0664-W10,C0664,10,completed,2
C0664-W11,C0664,11,late,2
C0664-W12,C0664,12,completed,3
C0665-W01,C0665,1,late,2
C0665-W02,C0665,2,completed,4
C0665-W03,C0665,3,completed,2
C0665-W04,C0665,4,completed,2
C0665-W05,C0665,5,completed,3
C0665-W06,C0665,6,skipped,0
C0665-W07,C0665,7,completed,3
C0665-W08,C0665,8,completed,4
C0665-W09,C0665,9,completed,3
C0665-W10,C0665,10,completed,4
C0665-W11,C0665,11,completed,3
C0665-W12,C0665,12,completed,2
C0666-W01,C0666,1,completed,4
C0666-W02,C0666,2,skipped,0
C0666-W03,C0666,3,late,3
C0666-W04,C0666,4,completed,4
C0666-W05,C0666,5,skipped,0
C0666-W06,C0666,6,completed,3
C0666-W07,C0666,7,completed,4
C0666-W08,C0666,8,completed,3
C0666-W09,C0666,9,completed,2
C0666-W10,C0666,10,completed,3
C0666-W11,C0666,11,completed,2
C0666-W12,C0666,12,completed,2
C0667-W01,C0667,1,completed,3
C0667-W02,C0667,2,completed,3
C0667-W03,C0667,3,completed,3
C0667-W04,C0667,4,skipped,0
C0667-W05,C0667,5,completed,3
C0667-W06,C0667,6,completed,3
C0667-W07,C0667,7,completed,2
C0667-W08,C0667,8,completed,2
C0667-W09,C0667,9,completed,2
C0667-W10,C0667,10,completed,2
C0667-W11,C0667,11,completed,3
C0667-W12,C0667,12,skipped,0
C0668-W01,C0668,1,completed,3
C0668-W02,C0668,2,completed,3
C0668-W03,C0668,3,completed,2
C0668-W04,C0668,4,completed,4
C0668-W05,C0668,5,completed,3
C0668-W06,C0668,6,completed,3
C0668-W07,C0668,7,completed,2
C0668-W08,C0668,8,completed,2
C0668-W09,C0668,9,skipped,0
C0668-W10,C0668,10,late,2
C0668-W11,C0668,11,completed,3
C0668-W12,C0668,12,completed,4
C0669-W01,C0669,1,skipped,0
C0669-W02,C0669,2,skipped,0
C0669-W03,C0669,3,completed,3
C0669-W04,C0669,4,completed,3
C0669-W05,C0669,5,late,4
C0669-W06,C0669,6,completed,4
C0669-W07,C0669,7,completed,3
C0669-W08,C0669,8,completed,3
C0669-W09,C0669,9,completed,4
C0669-W10,C0669,10,skipped,0
C0669-W11,C0669,11,completed,3
C0669-W12,C0669,12,skipped,0
C0670-W01,C0670,1,completed,4
C0670-W02,C0670,2,skipped,0
C0670-W03,C0670,3,completed,3
C0670-W04,C0670,4,completed,4
C0670-W05,C0670,5,completed,3
C0670-W06,C0670,6,completed,3
C0670-W07,C0670,7,completed,4
C0670-W08,C0670,8,completed,3
C0670-W09,C0670,9,completed,3
C0670-W10,C0670,10,completed,3
C0670-W11,C0670,11,completed,2
C0670-W12,C0670,12,completed,3
C0671-W01,C0671,1,completed,4
C0671-W02,C0671,2,skipped,0
C0671-W03,C0671,3,completed,2
C0671-W04,C0671,4,completed,3
C0671-W05,C0671,5,completed,3
C0671-W06,C0671,6,completed,2
C0671-W07,C0671,7,late,3
C0671-W08,C0671,8,skipped,0
C0671-W09,C0671,9,completed,4
C0671-W10,C0671,10,completed,2
C0671-W11,C0671,11,completed,4
C0671-W12,C0671,12,completed,2
C0672-W01,C0672,1,completed,4
C0672-W02,C0672,2,completed,3
C0672-W03,C0672,3,late,3
C0672-W04,C0672,4,late,3
C0672-W05,C0672,5,skipped,0
C0672-W06,C0672,6,completed,2
C0672-W07,C0672,7,completed,4
C0672-W08,C0672,8,skipped,0
C0672-W09,C0672,9,late,3
C0672-W10,C0672,10,completed,2
C0672-W11,C0672,11,completed,4
C0672-W12,C0672,12,completed,3
C0673-W01,C0673,1,completed,3
C0673-W02,C0673,2,completed,4
C0673-W03,C0673,3,completed,4
C0673-W04,C0673,4,completed,2
C0673-W05,C0673,5,completed,2
C0673-W06,C0673,6,completed,4
C0673-W07,C0673,7,completed,2
C0673-W08,C0673,8,completed,4
C0673-W09,C0673,9,completed,4
C0673-W10,C0673,10,completed,2
C0673-W11,C0673,11,completed,2
C0673-W12,C0673,12,completed,3
C0674-W01,C0674,1,completed,3
C0674-W02,C0674,2,completed,4
C0674-W03,C0674,3,completed,4
C0674-W04,C0674,4,completed,2
C0674-W05,C0674,5,skipped,0
C0674-W06,C0674,6,completed,3
C0674-W07,C0674,7,completed,4
C0674-W08,C0674,8,skipped,0
C0674-W09,C0674,9,completed,4
C0674-W10,C0674,10,skipped,0
C0674-W11,C0674,11,completed,4
C0674-W12,C0674,12,late,3
C0675-W01,C0675,1,completed,3
C0675-W02,C0675,2,completed,3
C0675-W03,C0675,3,skipped,0
C0675-W04,C0675,4,completed,3
C0675-W05,C0675,5,completed,4
C0675-W06,C0675,6,completed,3
C0675-W07,C0675,7,completed,3
C0675-W08,C0675,8,completed,4
C0675-W09,C0675,9,completed,3
C0675-W10,C0675,10,skipped,0
C0675-W11,C0675,11,completed,4
C0675-W12,C0675,12,completed,2
C0676-W01,C0676,1,completed,3
C0676-W02,C0676,2,completed,3
C0676-W03,C0676,3,skipped,0
C0676-W04,C0676,4,completed,2
C0676-W05,C0676,5,completed,3
C0676-W06,C0676,6,completed,4
C0676-W07,C0676,7,completed,2
C0676-W08,C0676,8,completed,4
C0676-W09,C0676,9,completed,4
C0676-W10,C0676,10,completed,4
C0676-W11,C0676,11,completed,4
C0676-W12,C0676,12,completed,4
C0677-W01,C0677,1,completed,4
C0677-W02,C0677,2,completed,2
C0677-W03,C0677,3,late,2
C0677-W04,C0677,4,completed,4
C0677-W05,C0677,5,completed,4
C0677-W06,C0677,6,completed,2
C0677-W07,C0677,7,completed,3
C0677-W08,C0677,8,skipped,0
C0677-W09,C0677,9,completed,2
C0677-W10,C0677,10,completed,2
C0677-W11,C0677,11,completed,2
C0677-W12,C0677,12,completed,4
C0678-W01,C0678,1,completed,3
C0678-W02,C0678,2,completed,2
C0678-W03,C0678,3,completed,3
C0678-W04,C0678,4,completed,4
C0678-W05,C0678,5,completed,3
C0678-W06,C0678,6,completed,4
C0678-W07,C0678,7,completed,4
C0678-W08,C0678,8,skipped,0
C0678-W09,C0678,9,completed,4
C0678-W10,C0678,10,completed,4
C0678-W11,C0678,11,late,2
C0678-W12,C0678,12,completed,4
C0679-W01,C0679,1,completed,2
C0679-W02,C0679,2,completed,4
C0679-W03,C0679,3,completed,4
C0679-W04,C0679,4,completed,2
C0679-W05,C0679,5,completed,4
C0679-W06,C0679,6,completed,4
C0679-W07,C0679,7,completed,3
C0679-W08,C0679,8,completed,2
C0679-W09,C0679,9,late,4
C0679-W10,C0679,10,completed,3
C0679-W11,C0679,11,completed,3
C0679-W12,C0679,12,completed,3
C0680-W01,C0680,1,late,2
C0680-W02,C0680,2,completed,4
C0680-W03,C0680,3,completed,3
C0680-W04,C0680,4,completed,4
C0680-W05,C0680,5,completed,4
C0680-W06,C0680,6,completed,3
C0680-W07,C0680,7,skipped,0
C0680-W08,C0680,8,skipped,0
C0680-W09,C0680,9,completed,3
C0680-W10,C0680,10,completed,3
C0680-W11,C0680,11,completed,4
C0680-W12,C0680,12,completed,3
C0681-W01,C0681,1,completed,4
C0681-W02,C0681,2,completed,3
C0681-W03,C0681,3,completed,3
C0681-W04,C0681,4,completed,2
C0681-W05,C0681,5,completed,3
C0681-W06,C0681,6,completed,4
C0681-W07,C0681,7,late,3
C0681-W08,C0681,8,completed,4
C0681-W09,C0681,9,completed,3
C0681-W10,C0681,10,completed,2
C0681-W11,C0681,11,skipped,0
C0681-W12,C0681,12,late,4
C0682-W01,C0682,1,skipped,0
C0682-W02,C0682,2,completed,2
C0682-W03,C0682,3,completed,3
C0682-W04,C0682,4,skipped,0
C0682-W05,C0682,5,completed,3
C0682-W06,C0682,6,completed,4
C0682-W07,C0682,7,completed,4
C0682-W08,C0682,8,completed,4
C0682-W09,C0682,9,completed,3
C0682-W10,C0682,10,completed,2
C0682-W11,C0682,11,late,4
C0682-W12,C0682,12,completed,4
C0683-W01,C0683,1,completed,2
C0683-W02,C0683,2,completed,2
C0683-W03,C0683,3,completed,2
C0683-W04,C0683,4,skipped,0
C0683-W05,C0683,5,skipped,0
C0683-W06,C0683,6,completed,3
C0683-W07,C0683,7,completed,3
C0683-W08,C0683,8,completed,2
C0683-W09,C0683,9,late,4
C0683-W10,C0683,10,completed,4
C0683-W11,C0683,11,completed,2
C0683-W12,C0683,12,completed,3
C0684-W01,C0684,1,completed,3
C0684-W02,C0684,2,completed,3
C0684-W03,C0684,3,completed,2
C0684-W04,C0684,4,completed,3
C0684-W05,C0684,5,completed,3
C0684-W06,C0684,6,skipped,0
C0684-W07,C0684,7,skipped,0
C0684-W08,C0684,8,completed,3
C0684-W09,C0684,9,completed,4
C0684-W10,C0684,10,completed,3
C0684-W11,C0684,11,skipped,0
C0684-W12,C0684,12,completed,3
C0685-W01,C0685,1,completed,4
C0685-W02,C0685,2,completed,4
C0685-W03,C0685,3,late,3
C0685-W04,C0685,4,completed,2
C0685-W05,C0685,5,completed,4
C0685-W06,C0685,6,skipped,0
C0685-W07,C0685,7,skipped,0
C0685-W08,C0685,8,completed,3
C0685-W09,C0685,9,completed,3
C0685-W10,C0685,10,completed,2
C0685-W11,C0685,11,completed,2
C0685-W12,C0685,12,completed,4
C0686-W01,C0686,1,completed,2
C0686-W02,C0686,2,late,3
C0686-W03,C0686,3,skipped,0
C0686-W04,C0686,4,completed,4
C0686-W05,C0686,5,late,3
C0686-W06,C0686,6,completed,4
C0686-W07,C0686,7,completed,3
C0686-W08,C0686,8,completed,3
C0686-W09,C0686,9,completed,3
C0686-W10,C0686,10,skipped,0
C0686-W11,C0686,11,completed,2
C0686-W12,C0686,12,completed,4
C0687-W01,C0687,1,completed,4
C0687-W02,C0687,2,completed,2
C0687-W03,C0687,3,late,2
C0687-W04,C0687,4,completed,2
C0687-W05,C0687,5,late,4
C0687-W06,C0687,6,completed,4
C0687-W07,C0687,7,completed,4
C0687-W08,C0687,8,late,3
C0687-W09,C0687,9,completed,2
C0687-W10,C0687,10,completed,2
C0687-W11,C0687,11,completed,2
C0687-W12,C0687,12,completed,2
C0688-W01,C0688,1,completed,3
C0688-W02,C0688,2,late,3
C0688-W03,C0688,3,skipped,0
C0688-W04,C0688,4,completed,4
C0688-W05,C0688,5,completed,4
C0688-W06,C0688,6,completed,3
C0688-W07,C0688,7,skipped,0
C0688-W08,C0688,8,completed,4
C0688-W09,C0688,9,late,2
C0688-W10,C0688,10,completed,3
C0688-W11,C0688,11,skipped,0
C0688-W12,C0688,12,completed,2
C0689-W01,C0689,1,completed,2
C0689-W02,C0689,2,completed,2
C0689-W03,C0689,3,skipped,0
C0689-W04,C0689,4,completed,3
C0689-W05,C0689,5,completed,2
C0689-W06,C0689,6,skipped,0
C0689-W07,C0689,7,skipped,0
C0689-W08,C0689,8,completed,2
C0689-W09,C0689,9,completed,3
C0689-W10,C0689,10,completed,3
C0689-W11,C0689,11,late,4
C0689-W12,C0689,12,completed,3
C0690-W01,C0690,1,completed,3
C0690-W02,C0690,2,skipped,0
C0690-W03,C0690,3,skipped,0
C0690-W04,C0690,4,completed,4
C0690-W05,C0690,5,skipped,0
C0690-W06,C0690,6,completed,2
C0690-W07,C0690,7,completed,4
C0690-W08,C0690,8,completed,3
C0690-W09,C0690,9,completed,3
C0690-W10,C0690,10,completed,4
C0690-W11,C0690,11,completed,3
C0690-W12,C0690,12,late,4
C0691-W01,C0691,1,completed,3
C0691-W02,C0691,2,completed,2
C0691-W03,C0691,3,completed,2
C0691-W04,C0691,4,completed,3
C0691-W05,C0691,5,completed,3
C0691-W06,C0691,6,completed,3
C0691-W07,C0691,7,skipped,0
C0691-W08,C0691,8,completed,4
C0691-W09,C0691,9,completed,3
C0691-W10,C0691,10,completed,2
C0691-W11,C0691,11,completed,2
C0691-W12,C0691,12,completed,3
C0692-W01,C0692,1,completed,3
C0692-W02,C0692,2,late,2
C0692-W03,C0692,3,completed,2
C0692-W04,C0692,4,skipped,0
C0692-W05,C0692,5,completed,4
C0692-W06,C0692,6,completed,4
C0692-W07,C0692,7,completed,2
C0692-W08,C0692,8,completed,3
C0692-W09,C0692,9,completed,2
C0692-W10,C0692,10,completed,2
C0692-W11,C0692,11,completed,2
C0692-W12,C0692,12,completed,3
C0693-W01,C0693,1,completed,3
C0693-W02,C0693,2,late,2
C0693-W03,C0693,3,completed,4
C0693-W04,C0693,4,completed,3
C0693-W05,C0693,5,completed,3
C0693-W06,C0693,6,completed,4
C0693-W07,C0693,7,completed,4
C0693-W08,C0693,8,late,4
C0693-W09,C0693,9,completed,2
C0693-W10,C0693,10,completed,4
C0693-W11,C0693,11,completed,3
C0693-W12,C0693,12,skipped,0
C0694-W01,C0694,1,completed,4
C0694-W02,C0694,2,completed,2
C0694-W03,C0694,3,completed,3
C0694-W04,C0694,4,completed,2
C0694-W05,C0694,5,completed,3
C0694-W06,C0694,6,completed,4
C0694-W07,C0694,7,completed,4
C0694-W08,C0694,8,late,4
C0694-W09,C0694,9,completed,2
C0694-W10,C0694,10,completed,3
C0694-W11,C0694,11,completed,4
C0694-W12,C0694,12,completed,4
C0695-W01,C0695,1,completed,2
C0695-W02,C0695,2,completed,4
C0695-W03,C0695,3,completed,3
C0695-W04,C0695,4,late,2
C0695-W05,C0695,5,late,2
C0695-W06,C0695,6,skipped,0
C0695-W07,C0695,7,completed,4
C0695-W08,C0695,8,completed,2
C0695-W09,C0695,9,skipped,0
C0695-W10,C0695,10,completed,3
C0695-W11,C0695,11,completed,2
C0695-W12,C0695,12,completed,2
C0696-W01,C0696,1,completed,2
C0696-W02,C0696,2,completed,3
C0696-W03,C0696,3,completed,2
C0696-W04,C0696,4,completed,4
C0696-W05,C0696,5,late,3
C0696-W06,C0696,6,completed,2
C0696-W07,C0696,7,completed,3
C0696-W08,C0696,8,completed,4
C0696-W09,C0696,9,completed,4
C0696-W10,C0696,10,completed,4
C0696-W11,C0696,11,completed,2
C0696-W12,C0696,12,completed,2
C0697-W01,C0697,1,completed,3
C0697-W02,C0697,2,skipped,0
C0697-W03,C0697,3,completed,4
C0697-W04,C0697,4,completed,4
C0697-W05,C0697,5,skipped,0
C0697-W06,C0697,6,completed,4
C0697-W07,C0697,7,completed,4
C0697-W08,C0697,8,completed,4
C0697-W09,C0697,9,completed,4
C0697-W10,C0697,10,completed,2
C0697-W11,C0697,11,completed,2
C0697-W12,C0697,12,completed,4
C0698-W01,C0698,1,completed,4
C0698-W02,C0698,2,completed,4
C0698-W03,C0698,3,completed,2
C0698-W04,C0698,4,completed,4
C0698-W05,C0698,5,late,3
C0698-W06,C0698,6,completed,3
C0698-W07,C0698,7,late,4
C0698-W08,C0698,8,completed,2
C0698-W09,C0698,9,completed,4
C0698-W10,C0698,10,skipped,0
C0698-W11,C0698,11,completed,2
C0698-W12,C0698,12,completed,3
C0699-W01,C0699,1,completed,4
C0699-W02,C0699,2,completed,3
C0699-W03,C0699,3,completed,2
C0699-W04,C0699,4,completed,2
C0699-W05,C0699,5,completed,3
C0699-W06,C0699,6,completed,2
C0699-W07,C0699,7,completed,2
C0699-W08,C0699,8,completed,4
C0699-W09,C0699,9,completed,2
C0699-W10,C0699,10,completed,2
C0699-W11,C0699,11,completed,2
C0699-W12,C0699,12,skipped,0
C0700-W01,C0700,1,completed,4
C0700-W02,C0700,2,completed,3
C0700-W03,C0700,3,completed,4
C0700-W04,C0700,4,completed,2
C0700-W05,C0700,5,completed,4
C0700-W06,C0700,6,completed,2
C0700-W07,C0700,7,completed,2
C0700-W08,C0700,8,completed,4
C0700-W09,C0700,9,skipped,0
C0700-W10,C0700,10,completed,4
C0700-W11,C0700,11,skipped,0
C0700-W12,C0700,12,completed,3
C0701-W01,C0701,1,completed,2
C0701-W02,C0701,2,skipped,0
C0701-W03,C0701,3,skipped,0
C0701-W04,C0701,4,completed,4
C0701-W05,C0701,5,completed,2
C0701-W06,C0701,6,completed,3
C0701-W07,C0701,7,completed,3
C0701-W08,C0701,8,completed,4
C0701-W09,C0701,9,late,2
C0701-W10,C0701,10,completed,3
C0701-W11,C0701,11,late,3
C0701-W12,C0701,12,completed,3
C0702-W01,C0702,1,completed,3
C0702-W02,C0702,2,completed,3
C0702-W03,C0702,3,skipped,0
C0702-W04,C0702,4,completed,2
C0702-W05,C0702,5,late,2
C0702-W06,C0702,6,completed,3
C0702-W07,C0702,7,completed,4
C0702-W08,C0702,8,completed,3
C0702-W09,C0702,9,completed,2
C0702-W10,C0702,10,completed,3
C0702-W11,C0702,11,completed,3
C0702-W12,C0702,12,completed,3
C0703-W01,C0703,1,completed,2
C0703-W02,C0703,2,completed,3
C0703-W03,C0703,3,completed,2
C0703-W04,C0703,4,completed,3
C0703-W05,C0703,5,completed,4
C0703-W06,C0703,6,completed,2
C0703-W07,C0703,7,completed,2
C0703-W08,C0703,8,completed,2
C0703-W09,C0703,9,completed,3
C0703-W10,C0703,10,completed,4
C0703-W11,C0703,11,completed,2
C0703-W12,C0703,12,completed,4
C0704-W01,C0704,1,completed,2
C0704-W02,C0704,2,completed,4
C0704-W03,C0704,3,completed,3
C0704-W04,C0704,4,late,4
C0704-W05,C0704,5,completed,3
C0704-W06,C0704,6,completed,4
C0704-W07,C0704,7,completed,4
C0704-W08,C0704,8,skipped,0
C0704-W09,C0704,9,completed,4
C0704-W10,C0704,10,completed,3
C0704-W11,C0704,11,completed,2
C0704-W12,C0704,12,completed,3
C0705-W01,C0705,1,late,4
C0705-W02,C0705,2,completed,2
C0705-W03,C0705,3,completed,3
C0705-W04,C0705,4,completed,2
C0705-W05,C0705,5,completed,2
C0705-W06,C0705,6,completed,2
C0705-W07,C0705,7,skipped,0
C0705-W08,C0705,8,completed,3
C0705-W09,C0705,9,completed,3
C0705-W10,C0705,10,completed,2
C0705-W11,C0705,11,completed,2
C0705-W12,C0705,12,completed,2
C0706-W01,C0706,1,completed,4
C0706-W02,C0706,2,completed,4
C0706-W03,C0706,3,completed,3
C0706-W04,C0706,4,completed,4
C0706-W05,C0706,5,completed,4
C0706-W06,C0706,6,skipped,0
C0706-W07,C0706,7,completed,4
C0706-W08,C0706,8,completed,4
C0706-W09,C0706,9,completed,4
C0706-W10,C0706,10,completed,3
C0706-W11,C0706,11,completed,2
C0706-W12,C0706,12,completed,4
C0707-W01,C0707,1,completed,2
C0707-W02,C0707,2,completed,4
C0707-W03,C0707,3,completed,4
C0707-W04,C0707,4,skipped,0
C0707-W05,C0707,5,completed,3
C0707-W06,C0707,6,completed,2
C0707-W07,C0707,7,completed,4
C0707-W08,C0707,8,completed,2
C0707-W09,C0707,9,completed,3
C0707-W10,C0707,10,completed,2
C0707-W11,C0707,11,completed,3
C0707-W12,C0707,12,skipped,0
C0708-W01,C0708,1,completed,2
C0708-W02,C0708,2,completed,2
C0708-W03,C0708,3,skipped,0
C0708-W04,C0708,4,completed,2
C0708-W05,C0708,5,completed,2
C0708-W06,C0708,6,completed,2
C0708-W07,C0708,7,completed,3
C0708-W08,C0708,8,completed,3
C0708-W09,C0708,9,completed,4
C0708-W10,C0708,10,late,4
C0708-W11,C0708,11,completed,2
C0708-W12,C0708,12,completed,3
C0709-W01,C0709,1,completed,2
C0709-W02,C0709,2,completed,3
C0709-W03,C0709,3,completed,2
C0709-W04,C0709,4,completed,4
C0709-W05,C0709,5,completed,2
C0709-W06,C0709,6,skipped,0
C0709-W07,C0709,7,completed,2
C0709-W08,C0709,8,completed,3
C0709-W09,C0709,9,completed,2
C0709-W10,C0709,10,completed,3
C0709-W11,C0709,11,completed,2
C0709-W12,C0709,12,completed,2
C0710-W01,C0710,1,completed,4
C0710-W02,C0710,2,completed,3
C0710-W03,C0710,3,completed,4
C0710-W04,C0710,4,completed,4
C0710-W05,C0710,5,completed,2
C0710-W06,C0710,6,completed,3
C0710-W07,C0710,7,completed,4
C0710-W08,C0710,8,skipped,0
C0710-W09,C0710,9,skipped,0
C0710-W10,C0710,10,completed,4
C0710-W11,C0710,11,completed,2
C0710-W12,C0710,12,completed,4
C0711-W01,C0711,1,completed,2
C0711-W02,C0711,2,completed,4
C0711-W03,C0711,3,completed,2
C0711-W04,C0711,4,completed,3
C0711-W05,C0711,5,completed,3
C0711-W06,C0711,6,completed,4
C0711-W07,C0711,7,completed,3
C0711-W08,C0711,8,completed,4
C0711-W09,C0711,9,completed,4
C0711-W10,C0711,10,completed,4
C0711-W11,C0711,11,completed,4
C0711-W12,C0711,12,completed,3
C0712-W01,C0712,1,completed,2
C0712-W02,C0712,2,completed,3
C0712-W03,C0712,3,completed,3
C0712-W04,C0712,4,completed,4
C0712-W05,C0712,5,completed,4
C0712-W06,C0712,6,completed,4
C0712-W07,C0712,7,completed,3
C0712-W08,C0712,8,completed,2
C0712-W09,C0712,9,completed,2
C0712-W10,C0712,10,completed,3
C0712-W11,C0712,11,completed,3
C0712-W12,C0712,12,completed,3
C0713-W01,C0713,1,completed,3
C0713-W02,C0713,2,skipped,0
C0713-W03,C0713,3,completed,2
C0713-W04,C0713,4,completed,2
C0713-W05,C0713,5,completed,4
C0713-W06,C0713,6,completed,2
C0713-W07,C0713,7,completed,2
C0713-W08,C0713,8,skipped,0
C0713-W09,C0713,9,completed,2
C0713-W10,C0713,10,completed,4
C0713-W11,C0713,11,completed,3
C0713-W12,C0713,12,completed,4
C0714-W01,C0714,1,completed,4
C0714-W02,C0714,2,completed,3
C0714-W03,C0714,3,completed,2
C0714-W04,C0714,4,completed,3
C0714-W05,C0714,5,completed,2
C0714-W06,C0714,6,completed,4
C0714-W07,C0714,7,completed,2
C0714-W08,C0714,8,skipped,0
C0714-W09,C0714,9,skipped,0
C0714-W10,C0714,10,completed,2
C0714-W11,C0714,11,late,3
C0714-W12,C0714,12,late,2
C0715-W01,C0715,1,completed,3
C0715-W02,C0715,2,completed,3
C0715-W03,C0715,3,completed,4
C0715-W04,C0715,4,completed,2
C0715-W05,C0715,5,completed,2
C0715-W06,C0715,6,skipped,0
C0715-W07,C0715,7,completed,4
C0715-W08,C0715,8,completed,3
C0715-W09,C0715,9,completed,3
C0715-W10,C0715,10,completed,4
C0715-W11,C0715,11,completed,4
C0715-W12,C0715,12,late,2
C0716-W01,C0716,1,completed,3
C0716-W02,C0716,2,completed,2
C0716-W03,C0716,3,completed,4
C0716-W04,C0716,4,completed,4
C0716-W05,C0716,5,completed,2
C0716-W06,C0716,6,completed,3
C0716-W07,C0716,7,completed,4
C0716-W08,C0716,8,completed,2
C0716-W09,C0716,9,completed,3
C0716-W10,C0716,10,skipped,0
C0716-W11,C0716,11,late,3
C0716-W12,C0716,12,completed,2
C0717-W01,C0717,1,completed,4
C0717-W02,C0717,2,skipped,0
C0717-W03,C0717,3,completed,2
C0717-W04,C0717,4,completed,2
C0717-W05,C0717,5,completed,4
C0717-W06,C0717,6,completed,4
C0717-W07,C0717,7,completed,2
C0717-W08,C0717,8,completed,3
C0717-W09,C0717,9,late,2
C0717-W10,C0717,10,completed,4
C0717-W11,C0717,11,completed,4
C0717-W12,C0717,12,completed,3
C0718-W01,C0718,1,completed,2
C0718-W02,C0718,2,completed,4
C0718-W03,C0718,3,skipped,0
C0718-W04,C0718,4,completed,4
C0718-W05,C0718,5,completed,4
C0718-W06,C0718,6,completed,2
C0718-W07,C0718,7,completed,2
C0718-W08,C0718,8,completed,2
C0718-W09,C0718,9,completed,4
C0718-W10,C0718,10,completed,4
C0718-W11,C0718,11,completed,2
C0718-W12,C0718,12,skipped,0
C0719-W01,C0719,1,completed,3
C0719-W02,C0719,2,completed,3
C0719-W03,C0719,3,completed,4
C0719-W04,C0719,4,completed,4
C0719-W05,C0719,5,completed,4
C0719-W06,C0719,6,completed,4
C0719-W07,C0719,7,skipped,0
C0719-W08,C0719,8,completed,4
C0719-W09,C0719,9,completed,2
C0719-W10,C0719,10,completed,2
C0719-W11,C0719,11,completed,3
C0719-W12,C0719,12,completed,3
C0720-W01,C0720,1,completed,3
C0720-W02,C0720,2,skipped,0
C0720-W03,C0720,3,completed,2
C0720-W04,C0720,4,completed,4
C0720-W05,C0720,5,completed,4
C0720-W06,C0720,6,completed,2
C0720-W07,C0720,7,completed,2
C0720-W08,C0720,8,skipped,0
C0720-W09,C0720,9,completed,3
C0720-W10,C0720,10,completed,3
C0720-W11,C0720,11,completed,3
C0720-W12,C0720,12,completed,3
C0721-W01,C0721,1,completed,4
C0721-W02,C0721,2,late,4
C0721-W03,C0721,3,completed,2
C0721-W04,C0721,4,completed,2
C0721-W05,C0721,5,completed,3
C0721-W06,C0721,6,completed,4
C0721-W07,C0721,7,completed,3
C0721-W08,C0721,8,completed,2
C0721-W09,C0721,9,completed,4
C0721-W10,C0721,10,completed,4
C0721-W11,C0721,11,completed,4
C0721-W12,C0721,12,completed,2
C0722-W01,C0722,1,completed,2
C0722-W02,C0722,2,completed,4
C0722-W03,C0722,3,completed,4
C0722-W04,C0722,4,completed,3
C0722-W05,C0722,5,completed,3
C0722-W06,C0722,6,late,2
C0722-W07,C0722,7,completed,4
C0722-W08,C0722,8,skipped,0
C0722-W09,C0722,9,completed,3
C0722-W10,C0722,10,completed,2
C0722-W11,C0722,11,completed,4
C0722-W12,C0722,12,completed,4
C0723-W01,C0723,1,completed,3
C0723-W02,C0723,2,completed,4
C0723-W03,C0723,3,late,3
C0723-W04,C0723,4,completed,4
C0723-W05,C0723,5,completed,2
C0723-W06,C0723,6,completed,2
C0723-W07,C0723,7,completed,2
C0723-W08,C0723,8,skipped,0
C0723-W09,C0723,9,completed,2
C0723-W10,C0723,10,completed,3
C0723-W11,C0723,11,completed,3
C0723-W12,C0723,12,completed,2
C0724-W01,C0724,1,completed,2
C0724-W02,C0724,2,completed,4
C0724-W03,C0724,3,completed,4
C0724-W04,C0724,4,completed,4
C0724-W05,C0724,5,completed,3
C0724-W06,C0724,6,completed,3
C0724-W07,C0724,7,completed,2
C0724-W08,C0724,8,completed,4
C0724-W09,C0724,9,completed,3
C0724-W10,C0724,10,completed,4
C0724-W11,C0724,11,completed,3
C0724-W12,C0724,12,completed,3
C0725-W01,C0725,1,completed,4
C0725-W02,C0725,2,completed,3
C0725-W03,C0725,3,completed,4
C0725-W04,C0725,4,skipped,0
C0725-W05,C0725,5,completed,3
C0725-W06,C0725,6,completed,3
C0725-W07,C0725,7,completed,3
C0725-W08,C0725,8,completed,4
C0725-W09,C0725,9,completed,3
C0725-W10,C0725,10,completed,2
C0725-W11,C0725,11,completed,3
C0725-W12,C0725,12,completed,2
C0726-W01,C0726,1,completed,3
C0726-W02,C0726,2,completed,3
C0726-W03,C0726,3,completed,3
C0726-W04,C0726,4,completed,3
C0726-W05,C0726,5,completed,2
C0726-W06,C0726,6,completed,2
C0726-W07,C0726,7,completed,2
C0726-W08,C0726,8,completed,3
C0726-W09,C0726,9,late,2
C0726-W10,C0726,10,completed,3
C0726-W11,C0726,11,completed,3
C0726-W12,C0726,12,completed,4
C0727-W01,C0727,1,completed,2
C0727-W02,C0727,2,completed,2
C0727-W03,C0727,3,completed,3
C0727-W04,C0727,4,completed,2
C0727-W05,C0727,5,completed,2
C0727-W06,C0727,6,completed,2
C0727-W07,C0727,7,completed,2
C0727-W08,C0727,8,completed,3
C0727-W09,C0727,9,completed,3
C0727-W10,C0727,10,completed,2
C0727-W11,C0727,11,completed,3
C0727-W12,C0727,12,completed,3
C0728-W01,C0728,1,completed,4
C0728-W02,C0728,2,completed,4
C0728-W03,C0728,3,completed,3
C0728-W04,C0728,4,skipped,0
C0728-W05,C0728,5,completed,2
C0728-W06,C0728,6,skipped,0
C0728-W07,C0728,7,completed,4
C0728-W08,C0728,8,completed,2
C0728-W09,C0728,9,completed,2
C0728-W10,C0728,10,completed,3
C0728-W11,C0728,11,completed,4
C0728-W12,C0728,12,completed,4
C0729-W01,C0729,1,completed,2
C0729-W02,C0729,2,completed,4
C0729-W03,C0729,3,completed,3
C0729-W04,C0729,4,completed,2
C0729-W05,C0729,5,completed,3
C0729-W06,C0729,6,completed,4
C0729-W07,C0729,7,completed,3
C0729-W08,C0729,8,skipped,0
C0729-W09,C0729,9,skipped,0
C0729-W10,C0729,10,late,4
C0729-W11,C0729,11,completed,2
C0729-W12,C0729,12,completed,4
C0730-W01,C0730,1,skipped,0
C0730-W02,C0730,2,completed,3
C0730-W03,C0730,3,completed,3
C0730-W04,C0730,4,completed,2
C0730-W05,C0730,5,completed,4
C0730-W06,C0730,6,late,2
C0730-W07,C0730,7,late,2
C0730-W08,C0730,8,completed,4
C0730-W09,C0730,9,completed,3
C0730-W10,C0730,10,completed,2
C0730-W11,C0730,11,completed,4
C0730-W12,C0730,12,completed,4
C0731-W01,C0731,1,completed,2
C0731-W02,C0731,2,late,3
C0731-W03,C0731,3,completed,3
C0731-W04,C0731,4,completed,2
C0731-W05,C0731,5,completed,2
C0731-W06,C0731,6,completed,4
C0731-W07,C0731,7,completed,4
C0731-W08,C0731,8,completed,2
C0731-W09,C0731,9,completed,4
C0731-W10,C0731,10,completed,4
C0731-W11,C0731,11,skipped,0
C0731-W12,C0731,12,completed,2
C0732-W01,C0732,1,skipped,0
C0732-W02,C0732,2,completed,4
C0732-W03,C0732,3,completed,4
C0732-W04,C0732,4,completed,4
C0732-W05,C0732,5,completed,2
C0732-W06,C0732,6,completed,2
C0732-W07,C0732,7,completed,3
C0732-W08,C0732,8,completed,4
C0732-W09,C0732,9,completed,4
C0732-W10,C0732,10,completed,4
C0732-W11,C0732,11,skipped,0
C0732-W12,C0732,12,completed,3
C0733-W01,C0733,1,skipped,0
C0733-W02,C0733,2,completed,3
C0733-W03,C0733,3,skipped,0
C0733-W04,C0733,4,completed,2
C0733-W05,C0733,5,completed,3
C0733-W06,C0733,6,completed,3
C0733-W07,C0733,7,skipped,0
C0733-W08,C0733,8,completed,3
C0733-W09,C0733,9,completed,4
C0733-W10,C0733,10,completed,4
C0733-W11,C0733,11,completed,3
C0733-W12,C0733,12,completed,4
C0734-W01,C0734,1,completed,4
C0734-W02,C0734,2,completed,2
C0734-W03,C0734,3,completed,4
C0734-W04,C0734,4,completed,4
C0734-W05,C0734,5,completed,2
C0734-W06,C0734,6,completed,4
C0734-W07,C0734,7,completed,2
C0734-W08,C0734,8,completed,3
C0734-W09,C0734,9,skipped,0
C0734-W10,C0734,10,completed,4
C0734-W11,C0734,11,skipped,0
C0734-W12,C0734,12,completed,2
C0735-W01,C0735,1,late,4
C0735-W02,C0735,2,completed,4
C0735-W03,C0735,3,completed,3
C0735-W04,C0735,4,completed,4
C0735-W05,C0735,5,completed,3
C0735-W06,C0735,6,completed,3
C0735-W07,C0735,7,late,4
C0735-W08,C0735,8,completed,4
C0735-W09,C0735,9,skipped,0
C0735-W10,C0735,10,completed,2
C0735-W11,C0735,11,completed,4
C0735-W12,C0735,12,completed,4
C0736-W01,C0736,1,completed,3
C0736-W02,C0736,2,completed,2
C0736-W03,C0736,3,completed,3
C0736-W04,C0736,4,completed,3
C0736-W05,C0736,5,completed,4
C0736-W06,C0736,6,completed,2
C0736-W07,C0736,7,completed,4
C0736-W08,C0736,8,completed,4
C0736-W09,C0736,9,completed,3
C0736-W10,C0736,10,skipped,0
C0736-W11,C0736,11,completed,4
C0736-W12,C0736,12,late,2
C0737-W01,C0737,1,completed,4
C0737-W02,C0737,2,completed,3
C0737-W03,C0737,3,late,2
C0737-W04,C0737,4,completed,4
C0737-W05,C0737,5,completed,2
C0737-W06,C0737,6,late,2
C0737-W07,C0737,7,completed,4
C0737-W08,C0737,8,skipped,0
C0737-W09,C0737,9,completed,3
C0737-W10,C0737,10,completed,3
C0737-W11,C0737,11,completed,4
C0737-W12,C0737,12,completed,3
C0738-W01,C0738,1,completed,2
C0738-W02,C0738,2,completed,2
C0738-W03,C0738,3,completed,3
C0738-W04,C0738,4,completed,2
C0738-W05,C0738,5,completed,4
C0738-W06,C0738,6,completed,2
C0738-W07,C0738,7,completed,3
C0738-W08,C0738,8,completed,4
C0738-W09,C0738,9,completed,4
C0738-W10,C0738,10,completed,2
C0738-W11,C0738,11,completed,3
C0738-W12,C0738,12,completed,2
C0739-W01,C0739,1,completed,4
C0739-W02,C0739,2,skipped,0
C0739-W03,C0739,3,completed,2
C0739-W04,C0739,4,completed,3
C0739-W05,C0739,5,completed,3
C0739-W06,C0739,6,late,2
C0739-W07,C0739,7,skipped,0
C0739-W08,C0739,8,completed,2
C0739-W09,C0739,9,skipped,0
C0739-W10,C0739,10,completed,2
C0739-W11,C0739,11,completed,2
C0739-W12,C0739,12,completed,4
C0740-W01,C0740,1,completed,4
C0740-W02,C0740,2,completed,4
C0740-W03,C0740,3,completed,2
C0740-W04,C0740,4,late,3
C0740-W05,C0740,5,late,4
C0740-W06,C0740,6,completed,4
C0740-W07,C0740,7,completed,3
C0740-W08,C0740,8,completed,2
C0740-W09,C0740,9,completed,4
C0740-W10,C0740,10,skipped,0
C0740-W11,C0740,11,completed,2
C0740-W12,C0740,12,completed,3
C0741-W01,C0741,1,completed,2
C0741-W02,C0741,2,completed,4
C0741-W03,C0741,3,completed,3
C0741-W04,C0741,4,skipped,0
C0741-W05,C0741,5,completed,3
C0741-W06,C0741,6,late,2
C0741-W07,C0741,7,completed,3
C0741-W08,C0741,8,completed,4
C0741-W09,C0741,9,skipped,0
C0741-W10,C0741,10,completed,2
C0741-W11,C0741,11,completed,3
C0741-W12,C0741,12,completed,3
C0742-W01,C0742,1,completed,4
C0742-W02,C0742,2,completed,2
C0742-W03,C0742,3,late,3
C0742-W04,C0742,4,completed,4
C0742-W05,C0742,5,completed,3
C0742-W06,C0742,6,completed,4
C0742-W07,C0742,7,completed,2
C0742-W08,C0742,8,completed,2
C0742-W09,C0742,9,completed,2
C0742-W10,C0742,10,completed,2
C0742-W11,C0742,11,skipped,0
C0742-W12,C0742,12,completed,4
C0743-W01,C0743,1,completed,4
C0743-W02,C0743,2,completed,3
C0743-W03,C0743,3,completed,2
C0743-W04,C0743,4,completed,3
C0743-W05,C0743,5,completed,2
C0743-W06,C0743,6,completed,2
C0743-W07,C0743,7,completed,2
C0743-W08,C0743,8,completed,3
C0743-W09,C0743,9,completed,4
C0743-W10,C0743,10,completed,3
C0743-W11,C0743,11,completed,4
C0743-W12,C0743,12,skipped,0
C0744-W01,C0744,1,completed,3
C0744-W02,C0744,2,completed,2
C0744-W03,C0744,3,skipped,0
C0744-W04,C0744,4,completed,2
C0744-W05,C0744,5,completed,2
C0744-W06,C0744,6,completed,2
C0744-W07,C0744,7,completed,2
C0744-W08,C0744,8,late,2
C0744-W09,C0744,9,late,3
C0744-W10,C0744,10,completed,3
C0744-W11,C0744,11,late,4
C0744-W12,C0744,12,completed,4
C0745-W01,C0745,1,completed,2
C0745-W02,C0745,2,completed,3
C0745-W03,C0745,3,skipped,0
C0745-W04,C0745,4,skipped,0
C0745-W05,C0745,5,completed,4
C0745-W06,C0745,6,late,2
C0745-W07,C0745,7,completed,3
C0745-W08,C0745,8,skipped,0
C0745-W09,C0745,9,skipped,0
C0745-W10,C0745,10,late,2
C0745-W11,C0745,11,skipped,0
C0745-W12,C0745,12,completed,4
C0746-W01,C0746,1,completed,2
C0746-W02,C0746,2,completed,3
C0746-W03,C0746,3,skipped,0
C0746-W04,C0746,4,completed,3
C0746-W05,C0746,5,completed,2
C0746-W06,C0746,6,completed,3
C0746-W07,C0746,7,completed,3
C0746-W08,C0746,8,skipped,0
C0746-W09,C0746,9,completed,3
C0746-W10,C0746,10,completed,4
C0746-W11,C0746,11,completed,4
C0746-W12,C0746,12,completed,3
C0747-W01,C0747,1,completed,4
C0747-W02,C0747,2,completed,3
C0747-W03,C0747,3,completed,3
C0747-W04,C0747,4,completed,2
C0747-W05,C0747,5,completed,3
C0747-W06,C0747,6,completed,3
C0747-W07,C0747,7,completed,4
C0747-W08,C0747,8,completed,3
C0747-W09,C0747,9,completed,3
C0747-W10,C0747,10,completed,4
C0747-W11,C0747,11,completed,3
C0747-W12,C0747,12,completed,4
C0748-W01,C0748,1,completed,3
C0748-W02,C0748,2,completed,4
C0748-W03,C0748,3,completed,2
C0748-W04,C0748,4,completed,3
C0748-W05,C0748,5,completed,4
C0748-W06,C0748,6,completed,3
C0748-W07,C0748,7,completed,2
C0748-W08,C0748,8,completed,2
C0748-W09,C0748,9,completed,4
C0748-W10,C0748,10,completed,2
C0748-W11,C0748,11,completed,4
C0748-W12,C0748,12,completed,2
C0749-W01,C0749,1,completed,2
C0749-W02,C0749,2,completed,2
C0749-W03,C0749,3,completed,4
C0749-W04,C0749,4,late,2
C0749-W05,C0749,5,completed,4
C0749-W06,C0749,6,completed,3
C0749-W07,C0749,7,completed,3
C0749-W08,C0749,8,completed,4
C0749-W09,C0749,9,late,2
C0749-W10,C0749,10,completed,3
C0749-W11,C0749,11,skipped,0
C0749-W12,C0749,12,completed,3
C0750-W01,C0750,1,completed,3
C0750-W02,C0750,2,completed,3
C0750-W03,C0750,3,completed,4
C0750-W04,C0750,4,completed,3
C0750-W05,C0750,5,completed,3
C0750-W06,C0750,6,late,3
C0750-W07,C0750,7,completed,3
C0750-W08,C0750,8,completed,4
C0750-W09,C0750,9,completed,2
C0750-W10,C0750,10,skipped,0
C0750-W11,C0750,11,completed,2
C0750-W12,C0750,12,completed,2
C0751-W01,C0751,1,completed,2
C0751-W02,C0751,2,completed,4
C0751-W03,C0751,3,completed,4
C0751-W04,C0751,4,completed,3
C0751-W05,C0751,5,completed,4
C0751-W06,C0751,6,late,4
C0751-W07,C0751,7,completed,4
C0751-W08,C0751,8,completed,3
C0751-W09,C0751,9,completed,2
C0751-W10,C0751,10,completed,2
C0751-W11,C0751,11,late,2
C0751-W12,C0751,12,completed,2
C0752-W01,C0752,1,completed,3
C0752-W02,C0752,2,late,2
C0752-W03,C0752,3,completed,3
C0752-W04,C0752,4,completed,4
C0752-W05,C0752,5,completed,3
C0752-W06,C0752,6,completed,3
C0752-W07,C0752,7,completed,2
C0752-W08,C0752,8,late,3
C0752-W09,C0752,9,late,2
C0752-W10,C0752,10,completed,3
C0752-W11,C0752,11,skipped,0
C0752-W12,C0752,12,completed,3
C0753-W01,C0753,1,completed,2
C0753-W02,C0753,2,completed,4
C0753-W03,C0753,3,completed,2
C0753-W04,C0753,4,completed,2
C0753-W05,C0753,5,completed,3
C0753-W06,C0753,6,completed,3
C0753-W07,C0753,7,skipped,0
C0753-W08,C0753,8,completed,2
C0753-W09,C0753,9,completed,3
C0753-W10,C0753,10,completed,3
C0753-W11,C0753,11,completed,3
C0753-W12,C0753,12,completed,2
C0754-W01,C0754,1,completed,3
C0754-W02,C0754,2,completed,2
C0754-W03,C0754,3,completed,4
C0754-W04,C0754,4,completed,2
C0754-W05,C0754,5,completed,4
C0754-W06,C0754,6,skipped,0
C0754-W07,C0754,7,skipped,0
C0754-W08,C0754,8,completed,2
C0754-W09,C0754,9,completed,4
C0754-W10,C0754,10,completed,4
C0754-W11,C0754,11,completed,2
C0754-W12,C0754,12,completed,2
C0755-W01,C0755,1,completed,3
C0755-W02,C0755,2,completed,4
C0755-W03,C0755,3,completed,3
C0755-W04,C0755,4,completed,4
C0755-W05,C0755,5,completed,3
C0755-W06,C0755,6,late,2
C0755-W07,C0755,7,completed,4
C0755-W08,C0755,8,completed,2
C0755-W09,C0755,9,completed,3
C0755-W10,C0755,10,skipped,0
C0755-W11,C0755,11,completed,3
C0755-W12,C0755,12,completed,2
C0756-W01,C0756,1,completed,3
C0756-W02,C0756,2,completed,3
C0756-W03,C0756,3,completed,2
C0756-W04,C0756,4,late,3
C0756-W05,C0756,5,completed,3
C0756-W06,C0756,6,skipped,0
C0756-W07,C0756,7,late,2
C0756-W08,C0756,8,completed,3
C0756-W09,C0756,9,skipped,0
C0756-W10,C0756,10,completed,2
C0756-W11,C0756,11,skipped,0
C0756-W12,C0756,12,completed,2
C0757-W01,C0757,1,completed,3
C0757-W02,C0757,2,completed,4
C0757-W03,C0757,3,completed,4
C0757-W04,C0757,4,completed,3
C0757-W05,C0757,5,completed,2
C0757-W06,C0757,6,completed,4
C0757-W07,C0757,7,completed,4
C0757-W08,C0757,8,skipped,0
C0757-W09,C0757,9,completed,2
C0757-W10,C0757,10,completed,3
C0757-W11,C0757,11,skipped,0
C0757-W12,C0757,12,late,2
C0758-W01,C0758,1,completed,4
C0758-W02,C0758,2,completed,2
C0758-W03,C0758,3,completed,3
C0758-W04,C0758,4,skipped,0
C0758-W05,C0758,5,completed,4
C0758-W06,C0758,6,completed,4
C0758-W07,C0758,7,completed,3
C0758-W08,C0758,8,late,2
C0758-W09,C0758,9,late,4
C0758-W10,C0758,10,completed,3
C0758-W11,C0758,11,completed,3
C0758-W12,C0758,12,skipped,0
C0759-W01,C0759,1,skipped,0
C0759-W02,C0759,2,completed,2
C0759-W03,C0759,3,completed,3
C0759-W04,C0759,4,completed,3
C0759-W05,C0759,5,completed,3
C0759-W06,C0759,6,completed,3
C0759-W07,C0759,7,completed,4
C0759-W08,C0759,8,skipped,0
C0759-W09,C0759,9,completed,4
C0759-W10,C0759,10,completed,3
C0759-W11,C0759,11,completed,3
C0759-W12,C0759,12,completed,4
C0760-W01,C0760,1,completed,3
C0760-W02,C0760,2,completed,3
C0760-W03,C0760,3,completed,3
C0760-W04,C0760,4,completed,3
C0760-W05,C0760,5,completed,2
C0760-W06,C0760,6,completed,4
C0760-W07,C0760,7,completed,4
C0760-W08,C0760,8,completed,2
C0760-W09,C0760,9,completed,2
C0760-W10,C0760,10,completed,2
C0760-W11,C0760,11,skipped,0
C0760-W12,C0760,12,completed,4
C0761-W01,C0761,1,completed,4
C0761-W02,C0761,2,completed,3
C0761-W03,C0761,3,completed,4
C0761-W04,C0761,4,completed,2
C0761-W05,C0761,5,completed,2
C0761-W06,C0761,6,completed,4
C0761-W07,C0761,7,completed,4
C0761-W08,C0761,8,completed,2
C0761-W09,C0761,9,skipped,0
C0761-W10,C0761,10,completed,3
C0761-W11,C0761,11,completed,3
C0761-W12,C0761,12,completed,2
C0762-W01,C0762,1,completed,3
C0762-W02,C0762,2,completed,2
C0762-W03,C0762,3,completed,2
C0762-W04,C0762,4,completed,4
C0762-W05,C0762,5,completed,4
C0762-W06,C0762,6,late,2
C0762-W07,C0762,7,completed,3
C0762-W08,C0762,8,completed,2
C0762-W09,C0762,9,completed,3
C0762-W10,C0762,10,completed,4
C0762-W11,C0762,11,completed,2
C0762-W12,C0762,12,completed,3
C0763-W01,C0763,1,completed,4
C0763-W02,C0763,2,skipped,0
C0763-W03,C0763,3,completed,3
C0763-W04,C0763,4,late,3
C0763-W05,C0763,5,completed,3
C0763-W06,C0763,6,late,3
C0763-W07,C0763,7,skipped,0
C0763-W08,C0763,8,completed,2
C0763-W09,C0763,9,completed,4
C0763-W10,C0763,10,completed,3
C0763-W11,C0763,11,completed,4
C0763-W12,C0763,12,completed,3
C0764-W01,C0764,1,skipped,0
C0764-W02,C0764,2,completed,3
C0764-W03,C0764,3,completed,3
C0764-W04,C0764,4,completed,4
C0764-W05,C0764,5,completed,4
C0764-W06,C0764,6,completed,3
C0764-W07,C0764,7,completed,2
C0764-W08,C0764,8,completed,4
C0764-W09,C0764,9,completed,3
C0764-W10,C0764,10,completed,3
C0764-W11,C0764,11,completed,4
C0764-W12,C0764,12,completed,3
C0765-W01,C0765,1,completed,2
C0765-W02,C0765,2,late,4
C0765-W03,C0765,3,completed,4
C0765-W04,C0765,4,completed,2
C0765-W05,C0765,5,completed,3
C0765-W06,C0765,6,completed,3
C0765-W07,C0765,7,completed,2
C0765-W08,C0765,8,completed,3
C0765-W09,C0765,9,completed,4
C0765-W10,C0765,10,completed,2
C0765-W11,C0765,11,completed,2
C0765-W12,C0765,12,completed,3
C0766-W01,C0766,1,skipped,0
C0766-W02,C0766,2,completed,3
C0766-W03,C0766,3,completed,2
C0766-W04,C0766,4,skipped,0
C0766-W05,C0766,5,completed,4
C0766-W06,C0766,6,completed,4
C0766-W07,C0766,7,completed,4
C0766-W08,C0766,8,completed,4
C0766-W09,C0766,9,completed,2
C0766-W10,C0766,10,completed,2
C0766-W11,C0766,11,completed,3
C0766-W12,C0766,12,completed,3
C0767-W01,C0767,1,completed,3
C0767-W02,C0767,2,skipped,0
C0767-W03,C0767,3,completed,2
C0767-W04,C0767,4,late,2
C0767-W05,C0767,5,completed,3
C0767-W06,C0767,6,late,2
C0767-W07,C0767,7,completed,4
C0767-W08,C0767,8,late,3
C0767-W09,C0767,9,completed,3
C0767-W10,C0767,10,completed,3
C0767-W11,C0767,11,completed,3
C0767-W12,C0767,12,skipped,0
C0768-W01,C0768,1,completed,4
C0768-W02,C0768,2,completed,2
C0768-W03,C0768,3,late,3
C0768-W04,C0768,4,completed,2
C0768-W05,C0768,5,late,2
C0768-W06,C0768,6,completed,2
C0768-W07,C0768,7,completed,2
C0768-W08,C0768,8,completed,4
C0768-W09,C0768,9,completed,3
C0768-W10,C0768,10,completed,4
C0768-W11,C0768,11,completed,3
C0768-W12,C0768,12,completed,3
C0769-W01,C0769,1,completed,3
C0769-W02,C0769,2,completed,4
C0769-W03,C0769,3,completed,3
C0769-W04,C0769,4,completed,3
C0769-W05,C0769,5,completed,4
C0769-W06,C0769,6,completed,4
C0769-W07,C0769,7,completed,4
C0769-W08,C0769,8,completed,2
C0769-W09,C0769,9,completed,3
C0769-W10,C0769,10,completed,3
C0769-W11,C0769,11,completed,2
C0769-W12,C0769,12,completed,4
C0770-W01,C0770,1,late,3
C0770-W02,C0770,2,completed,3
C0770-W03,C0770,3,completed,3
C0770-W04,C0770,4,skipped,0
C0770-W05,C0770,5,completed,4
C0770-W06,C0770,6,completed,3
C0770-W07,C0770,7,skipped,0
C0770-W08,C0770,8,completed,2
C0770-W09,C0770,9,completed,4
C0770-W10,C0770,10,completed,2
C0770-W11,C0770,11,completed,3
C0770-W12,C0770,12,completed,3
C0771-W01,C0771,1,completed,4
C0771-W02,C0771,2,skipped,0
C0771-W03,C0771,3,completed,2
C0771-W04,C0771,4,completed,2
C0771-W05,C0771,5,completed,2
C0771-W06,C0771,6,completed,2
C0771-W07,C0771,7,completed,2
C0771-W08,C0771,8,completed,2
C0771-W09,C0771,9,completed,2
C0771-W10,C0771,10,completed,4
C0771-W11,C0771,11,completed,2
C0771-W12,C0771,12,completed,4
C0772-W01,C0772,1,completed,2
C0772-W02,C0772,2,completed,2
C0772-W03,C0772,3,completed,4
C0772-W04,C0772,4,completed,2
C0772-W05,C0772,5,skipped,0
C0772-W06,C0772,6,skipped,0
C0772-W07,C0772,7,completed,3
C0772-W08,C0772,8,completed,3
C0772-W09,C0772,9,completed,2
C0772-W10,C0772,10,completed,3
C0772-W11,C0772,11,completed,2
C0772-W12,C0772,12,completed,4
C0773-W01,C0773,1,completed,3
C0773-W02,C0773,2,completed,2
C0773-W03,C0773,3,completed,3
C0773-W04,C0773,4,completed,2
C0773-W05,C0773,5,completed,4
C0773-W06,C0773,6,skipped,0
C0773-W07,C0773,7,completed,3
C0773-W08,C0773,8,completed,4
C0773-W09,C0773,9,completed,2
C0773-W10,C0773,10,completed,3
C0773-W11,C0773,11,late,2
C0773-W12,C0773,12,skipped,0
C0774-W01,C0774,1,completed,3
C0774-W02,C0774,2,completed,3
C0774-W03,C0774,3,completed,2
C0774-W04,C0774,4,completed,2
C0774-W05,C0774,5,late,3
C0774-W06,C0774,6,completed,3
C0774-W07,C0774,7,completed,2
C0774-W08,C0774,8,completed,4
C0774-W09,C0774,9,completed,3
C0774-W10,C0774,10,completed,2
C0774-W11,C0774,11,completed,2
C0774-W12,C0774,12,skipped,0
C0775-W01,C0775,1,completed,4
C0775-W02,C0775,2,skipped,0
C0775-W03,C0775,3,skipped,0
C0775-W04,C0775,4,late,2
C0775-W05,C0775,5,completed,4
C0775-W06,C0775,6,completed,2
C0775-W07,C0775,7,completed,2
C0775-W08,C0775,8,skipped,0
C0775-W09,C0775,9,completed,4
C0775-W10,C0775,10,completed,2
C0775-W11,C0775,11,completed,4
C0775-W12,C0775,12,completed,4
C0776-W01,C0776,1,completed,3
C0776-W02,C0776,2,completed,4
C0776-W03,C0776,3,completed,4
C0776-W04,C0776,4,completed,2
C0776-W05,C0776,5,completed,2
C0776-W06,C0776,6,skipped,0
C0776-W07,C0776,7,completed,2
C0776-W08,C0776,8,skipped,0
C0776-W09,C0776,9,completed,3
C0776-W10,C0776,10,completed,2
C0776-W11,C0776,11,completed,4
C0776-W12,C0776,12,completed,3
C0777-W01,C0777,1,completed,4
C0777-W02,C0777,2,completed,3
C0777-W03,C0777,3,completed,2
C0777-W04,C0777,4,completed,3
C0777-W05,C0777,5,completed,3
C0777-W06,C0777,6,completed,2
C0777-W07,C0777,7,skipped,0
C0777-W08,C0777,8,completed,2
C0777-W09,C0777,9,completed,4
C0777-W10,C0777,10,late,4
C0777-W11,C0777,11,skipped,0
C0777-W12,C0777,12,completed,4
C0778-W01,C0778,1,completed,2
C0778-W02,C0778,2,completed,4
C0778-W03,C0778,3,completed,2
C0778-W04,C0778,4,completed,2
C0778-W05,C0778,5,completed,3
C0778-W06,C0778,6,late,3
C0778-W07,C0778,7,skipped,0
C0778-W08,C0778,8,completed,3
C0778-W09,C0778,9,completed,3
C0778-W10,C0778,10,skipped,0
C0778-W11,C0778,11,completed,2
C0778-W12,C0778,12,completed,4
C0779-W01,C0779,1,skipped,0
C0779-W02,C0779,2,completed,2
C0779-W03,C0779,3,completed,3
C0779-W04,C0779,4,skipped,0
C0779-W05,C0779,5,completed,3
C0779-W06,C0779,6,completed,2
C0779-W07,C0779,7,completed,4
C0779-W08,C0779,8,completed,3
C0779-W09,C0779,9,completed,3
C0779-W10,C0779,10,completed,2
C0779-W11,C0779,11,late,4
C0779-W12,C0779,12,late,3
C0780-W01,C0780,1,late,3
C0780-W02,C0780,2,skipped,0
C0780-W03,C0780,3,completed,4
C0780-W04,C0780,4,completed,4
C0780-W05,C0780,5,late,4
C0780-W06,C0780,6,completed,3
C0780-W07,C0780,7,completed,4
C0780-W08,C0780,8,completed,4
C0780-W09,C0780,9,completed,3
C0780-W10,C0780,10,completed,3
C0780-W11,C0780,11,completed,3
C0780-W12,C0780,12,completed,4
C0781-W01,C0781,1,completed,2
C0781-W02,C0781,2,completed,2
C0781-W03,C0781,3,completed,2
C0781-W04,C0781,4,skipped,0
C0781-W05,C0781,5,completed,4
C0781-W06,C0781,6,completed,3
C0781-W07,C0781,7,completed,3
C0781-W08,C0781,8,completed,2
C0781-W09,C0781,9,completed,2
C0781-W10,C0781,10,skipped,0
C0781-W11,C0781,11,completed,2
C0781-W12,C0781,12,completed,3
C0782-W01,C0782,1,completed,3
C0782-W02,C0782,2,completed,4
C0782-W03,C0782,3,completed,4
C0782-W04,C0782,4,completed,4
C0782-W05,C0782,5,completed,3
C0782-W06,C0782,6,completed,4
C0782-W07,C0782,7,completed,4
C0782-W08,C0782,8,completed,4
C0782-W09,C0782,9,late,4
C0782-W10,C0782,10,completed,3
C0782-W11,C0782,11,completed,2
C0782-W12,C0782,12,completed,3
C0783-W01,C0783,1,completed,2
C0783-W02,C0783,2,skipped,0
C0783-W03,C0783,3,completed,3
C0783-W04,C0783,4,completed,4
C0783-W05,C0783,5,completed,2
C0783-W06,C0783,6,completed,4
C0783-W07,C0783,7,completed,3
C0783-W08,C0783,8,skipped,0
C0783-W09,C0783,9,completed,2
C0783-W10,C0783,10,completed,2
C0783-W11,C0783,11,late,4
C0783-W12,C0783,12,completed,2
C0784-W01,C0784,1,completed,4
C0784-W02,C0784,2,completed,2
C0784-W03,C0784,3,completed,4
C0784-W04,C0784,4,skipped,0
C0784-W05,C0784,5,completed,3
C0784-W06,C0784,6,completed,2
C0784-W07,C0784,7,late,2
C0784-W08,C0784,8,completed,3
C0784-W09,C0784,9,completed,4
C0784-W10,C0784,10,skipped,0
C0784-W11,C0784,11,completed,2
C0784-W12,C0784,12,completed,3
C0785-W01,C0785,1,completed,3
C0785-W02,C0785,2,skipped,0
C0785-W03,C0785,3,completed,3
C0785-W04,C0785,4,completed,4
C0785-W05,C0785,5,completed,3
C0785-W06,C0785,6,completed,4
C0785-W07,C0785,7,completed,3
C0785-W08,C0785,8,completed,4
C0785-W09,C0785,9,completed,2
C0785-W10,C0785,10,completed,2
C0785-W11,C0785,11,completed,4
C0785-W12,C0785,12,completed,4
C0786-W01,C0786,1,completed,3
C0786-W02,C0786,2,completed,4
C0786-W03,C0786,3,completed,3
C0786-W04,C0786,4,completed,4
C0786-W05,C0786,5,completed,2
C0786-W06,C0786,6,completed,4
C0786-W07,C0786,7,completed,4
C0786-W08,C0786,8,completed,2
C0786-W09,C0786,9,late,3
C0786-W10,C0786,10,completed,4
C0786-W11,C0786,11,completed,4
C0786-W12,C0786,12,completed,3
C0787-W01,C0787,1,completed,2
C0787-W02,C0787,2,completed,3
C0787-W03,C0787,3,completed,3
C0787-W04,C0787,4,completed,4
C0787-W05,C0787,5,completed,4
C0787-W06,C0787,6,completed,2
C0787-W07,C0787,7,completed,2
C0787-W08,C0787,8,completed,2
C0787-W09,C0787,9,completed,3
C0787-W10,C0787,10,completed,4
C0787-W11,C0787,11,late,2
C0787-W12,C0787,12,completed,2
C0788-W01,C0788,1,completed,2
C0788-W02,C0788,2,completed,4
C0788-W03,C0788,3,completed,4
C0788-W04,C0788,4,completed,2
C0788-W05,C0788,5,completed,2
C0788-W06,C0788,6,skipped,0
C0788-W07,C0788,7,late,2
C0788-W08,C0788,8,skipped,0
C0788-W09,C0788,9,completed,3
C0788-W10,C0788,10,late,3
C0788-W11,C0788,11,skipped,0
C0788-W12,C0788,12,completed,2
C0789-W01,C0789,1,completed,4
C0789-W02,C0789,2,completed,4
C0789-W03,C0789,3,skipped,0
C0789-W04,C0789,4,completed,4
C0789-W05,C0789,5,completed,2
C0789-W06,C0789,6,late,4
C0789-W07,C0789,7,completed,3
C0789-W08,C0789,8,completed,2
C0789-W09,C0789,9,completed,2
C0789-W10,C0789,10,skipped,0
C0789-W11,C0789,11,completed,4
C0789-W12,C0789,12,skipped,0
C0790-W01,C0790,1,completed,4
C0790-W02,C0790,2,completed,4
C0790-W03,C0790,3,completed,4
C0790-W04,C0790,4,completed,3
C0790-W05,C0790,5,completed,2
C0790-W06,C0790,6,late,3
C0790-W07,C0790,7,skipped,0
C0790-W08,C0790,8,completed,3
C0790-W09,C0790,9,completed,2
C0790-W10,C0790,10,completed,3
C0790-W11,C0790,11,late,3
C0790-W12,C0790,12,skipped,0
C0791-W01,C0791,1,completed,3
C0791-W02,C0791,2,skipped,0
C0791-W03,C0791,3,completed,4
C0791-W04,C0791,4,completed,2
C0791-W05,C0791,5,late,4
C0791-W06,C0791,6,completed,3
C0791-W07,C0791,7,completed,2
C0791-W08,C0791,8,skipped,0
C0791-W09,C0791,9,completed,3
C0791-W10,C0791,10,completed,2
C0791-W11,C0791,11,completed,3
C0791-W12,C0791,12,completed,2
C0792-W01,C0792,1,completed,2
C0792-W02,C0792,2,completed,4
C0792-W03,C0792,3,skipped,0
C0792-W04,C0792,4,completed,3
C0792-W05,C0792,5,completed,2
C0792-W06,C0792,6,completed,4
C0792-W07,C0792,7,completed,2
C0792-W08,C0792,8,completed,4
C0792-W09,C0792,9,completed,2
C0792-W10,C0792,10,completed,4
C0792-W11,C0792,11,completed,3
C0792-W12,C0792,12,completed,2
C0793-W01,C0793,1,completed,3
C0793-W02,C0793,2,completed,4
C0793-W03,C0793,3,completed,2
C0793-W04,C0793,4,completed,3
C0793-W05,C0793,5,completed,2
C0793-W06,C0793,6,completed,2
C0793-W07,C0793,7,completed,4
C0793-W08,C0793,8,completed,3
C0793-W09,C0793,9,completed,3
C0793-W10,C0793,10,completed,3
C0793-W11,C0793,11,completed,4
C0793-W12,C0793,12,skipped,0
C0794-W01,C0794,1,completed,3
C0794-W02,C0794,2,late,4
C0794-W03,C0794,3,completed,4
C0794-W04,C0794,4,completed,4
C0794-W05,C0794,5,completed,4
C0794-W06,C0794,6,completed,3
C0794-W07,C0794,7,completed,4
C0794-W08,C0794,8,completed,3
C0794-W09,C0794,9,completed,3
C0794-W10,C0794,10,skipped,0
C0794-W11,C0794,11,completed,4
C0794-W12,C0794,12,completed,2
C0795-W01,C0795,1,completed,3
C0795-W02,C0795,2,completed,4
C0795-W03,C0795,3,completed,3
C0795-W04,C0795,4,skipped,0
C0795-W05,C0795,5,skipped,0
C0795-W06,C0795,6,skipped,0
C0795-W07,C0795,7,completed,4
C0795-W08,C0795,8,completed,4
C0795-W09,C0795,9,completed,2
C0795-W10,C0795,10,completed,2
C0795-W11,C0795,11,completed,4
C0795-W12,C0795,12,completed,4
C0796-W01,C0796,1,completed,3
C0796-W02,C0796,2,completed,3
C0796-W03,C0796,3,completed,4
C0796-W04,C0796,4,completed,2
C0796-W05,C0796,5,completed,2
C0796-W06,C0796,6,completed,3
C0796-W07,C0796,7,completed,3
C0796-W08,C0796,8,completed,3
C0796-W09,C0796,9,skipped,0
C0796-W10,C0796,10,completed,4
C0796-W11,C0796,11,completed,4
C0796-W12,C0796,12,skipped,0
C0797-W01,C0797,1,completed,4
C0797-W02,C0797,2,completed,3
C0797-W03,C0797,3,skipped,0
C0797-W04,C0797,4,completed,2
C0797-W05,C0797,5,completed,4
C0797-W06,C0797,6,completed,3
C0797-W07,C0797,7,completed,3
C0797-W08,C0797,8,completed,3
C0797-W09,C0797,9,completed,3
C0797-W10,C0797,10,completed,2
C0797-W11,C0797,11,skipped,0
C0797-W12,C0797,12,skipped,0
C0798-W01,C0798,1,skipped,0
C0798-W02,C0798,2,late,2
C0798-W03,C0798,3,completed,3
C0798-W04,C0798,4,completed,2
C0798-W05,C0798,5,skipped,0
C0798-W06,C0798,6,completed,2
C0798-W07,C0798,7,completed,4
C0798-W08,C0798,8,completed,2
C0798-W09,C0798,9,completed,3
C0798-W10,C0798,10,completed,3
C0798-W11,C0798,11,completed,3
C0798-W12,C0798,12,late,3
C0799-W01,C0799,1,completed,3
C0799-W02,C0799,2,completed,3
C0799-W03,C0799,3,completed,3
C0799-W04,C0799,4,completed,4
C0799-W05,C0799,5,completed,4
C0799-W06,C0799,6,completed,3
C0799-W07,C0799,7,completed,3
C0799-W08,C0799,8,completed,4
C0799-W09,C0799,9,completed,2
C0799-W10,C0799,10,completed,2
C0799-W11,C0799,11,completed,4
C0799-W12,C0799,12,completed,4
C0800-W01,C0800,1,skipped,0
C0800-W02,C0800,2,completed,2
C0800-W03,C0800,3,completed,2
C0800-W04,C0800,4,completed,3
C0800-W05,C0800,5,completed,4
C0800-W06,C0800,6,skipped,0
C0800-W07,C0800,7,completed,2
C0800-W08,C0800,8,late,4
C0800-W09,C0800,9,completed,2
C0800-W10,C0800,10,skipped,0
C0800-W11,C0800,11,skipped,0
C0800-W12,C0800,12,completed,4
C0801-W01,C0801,1,completed,4
C0801-W02,C0801,2,completed,3
C0801-W03,C0801,3,completed,4
C0801-W04,C0801,4,completed,2
C0801-W05,C0801,5,completed,3
C0801-W06,C0801,6,completed,3
C0801-W07,C0801,7,completed,3
C0801-W08,C0801,8,completed,2
C0801-W09,C0801,9,completed,4
C0801-W10,C0801,10,skipped,0
C0801-W11,C0801,11,skipped,0
C0801-W12,C0801,12,completed,3
C0802-W01,C0802,1,completed,4
C0802-W02,C0802,2,completed,3
C0802-W03,C0802,3,completed,2
C0802-W04,C0802,4,completed,2
C0802-W05,C0802,5,completed,2
C0802-W06,C0802,6,completed,4
C0802-W07,C0802,7,late,2
C0802-W08,C0802,8,completed,3
C0802-W09,C0802,9,completed,4
C0802-W10,C0802,10,completed,3
C0802-W11,C0802,11,completed,4
C0802-W12,C0802,12,completed,3
C0803-W01,C0803,1,completed,3
C0803-W02,C0803,2,completed,3
C0803-W03,C0803,3,skipped,0
C0803-W04,C0803,4,skipped,0
C0803-W05,C0803,5,completed,4
C0803-W06,C0803,6,completed,2
C0803-W07,C0803,7,completed,3
C0803-W08,C0803,8,completed,4
C0803-W09,C0803,9,completed,4
C0803-W10,C0803,10,late,2
C0803-W11,C0803,11,skipped,0
C0803-W12,C0803,12,completed,4
C0804-W01,C0804,1,completed,4
C0804-W02,C0804,2,completed,2
C0804-W03,C0804,3,completed,2
C0804-W04,C0804,4,completed,3
C0804-W05,C0804,5,completed,3
C0804-W06,C0804,6,skipped,0
C0804-W07,C0804,7,completed,4
C0804-W08,C0804,8,completed,2
C0804-W09,C0804,9,skipped,0
C0804-W10,C0804,10,skipped,0
C0804-W11,C0804,11,late,3
C0804-W12,C0804,12,skipped,0
C0805-W01,C0805,1,completed,3
C0805-W02,C0805,2,completed,3
C0805-W03,C0805,3,completed,4
C0805-W04,C0805,4,completed,2
C0805-W05,C0805,5,skipped,0
C0805-W06,C0805,6,completed,2
C0805-W07,C0805,7,completed,3
C0805-W08,C0805,8,completed,4
C0805-W09,C0805,9,completed,4
C0805-W10,C0805,10,completed,2
C0805-W11,C0805,11,completed,4
C0805-W12,C0805,12,skipped,0
C0806-W01,C0806,1,completed,4
C0806-W02,C0806,2,completed,2
C0806-W03,C0806,3,completed,2
C0806-W04,C0806,4,completed,2
C0806-W05,C0806,5,completed,4
C0806-W06,C0806,6,completed,4
C0806-W07,C0806,7,completed,3
C0806-W08,C0806,8,completed,3
C0806-W09,C0806,9,skipped,0
C0806-W10,C0806,10,completed,2
C0806-W11,C0806,11,skipped,0
C0806-W12,C0806,12,completed,3
C0807-W01,C0807,1,completed,2
C0807-W02,C0807,2,completed,3
C0807-W03,C0807,3,completed,3
C0807-W04,C0807,4,skipped,0
C0807-W05,C0807,5,completed,2
C0807-W06,C0807,6,completed,3
C0807-W07,C0807,7,completed,4
C0807-W08,C0807,8,completed,4
C0807-W09,C0807,9,completed,4
C0807-W10,C0807,10,completed,2
C0807-W11,C0807,11,completed,3
C0807-W12,C0807,12,completed,3
C0808-W01,C0808,1,completed,3
C0808-W02,C0808,2,skipped,0
C0808-W03,C0808,3,completed,3
C0808-W04,C0808,4,completed,4
C0808-W05,C0808,5,skipped,0
C0808-W06,C0808,6,completed,3
C0808-W07,C0808,7,completed,2
C0808-W08,C0808,8,completed,3
C0808-W09,C0808,9,completed,4
C0808-W10,C0808,10,completed,4
C0808-W11,C0808,11,completed,2
C0808-W12,C0808,12,completed,2
C0809-W01,C0809,1,completed,4
C0809-W02,C0809,2,completed,3
C0809-W03,C0809,3,completed,4
C0809-W04,C0809,4,completed,3
C0809-W05,C0809,5,completed,3
C0809-W06,C0809,6,completed,3
C0809-W07,C0809,7,late,3
C0809-W08,C0809,8,completed,3
C0809-W09,C0809,9,completed,3
C0809-W10,C0809,10,late,4
C0809-W11,C0809,11,completed,3
C0809-W12,C0809,12,completed,4
C0810-W01,C0810,1,completed,3
C0810-W02,C0810,2,completed,3
C0810-W03,C0810,3,completed,4
C0810-W04,C0810,4,skipped,0
C0810-W05,C0810,5,completed,2
C0810-W06,C0810,6,completed,2
C0810-W07,C0810,7,skipped,0
C0810-W08,C0810,8,completed,4
C0810-W09,C0810,9,completed,3
C0810-W10,C0810,10,skipped,0
C0810-W11,C0810,11,late,4
C0810-W12,C0810,12,skipped,0
C0811-W01,C0811,1,late,2
C0811-W02,C0811,2,completed,4
C0811-W03,C0811,3,late,4
C0811-W04,C0811,4,skipped,0
C0811-W05,C0811,5,late,4
C0811-W06,C0811,6,completed,4
C0811-W07,C0811,7,completed,2
C0811-W08,C0811,8,completed,4
C0811-W09,C0811,9,completed,2
C0811-W10,C0811,10,completed,4
C0811-W11,C0811,11,completed,3
C0811-W12,C0811,12,completed,4
C0812-W01,C0812,1,completed,2
C0812-W02,C0812,2,skipped,0
C0812-W03,C0812,3,completed,4
C0812-W04,C0812,4,completed,4
C0812-W05,C0812,5,completed,3
C0812-W06,C0812,6,skipped,0
C0812-W07,C0812,7,late,4
C0812-W08,C0812,8,late,3
C0812-W09,C0812,9,completed,4
C0812-W10,C0812,10,completed,3
C0812-W11,C0812,11,late,3
C0812-W12,C0812,12,completed,3
C0813-W01,C0813,1,completed,3
C0813-W02,C0813,2,completed,2
C0813-W03,C0813,3,completed,4
C0813-W04,C0813,4,completed,2
C0813-W05,C0813,5,completed,2
C0813-W06,C0813,6,completed,3
C0813-W07,C0813,7,skipped,0
C0813-W08,C0813,8,completed,3
C0813-W09,C0813,9,completed,4
C0813-W10,C0813,10,completed,3
C0813-W11,C0813,11,completed,4
C0813-W12,C0813,12,completed,2
C0814-W01,C0814,1,completed,2
C0814-W02,C0814,2,completed,4
C0814-W03,C0814,3,completed,3
C0814-W04,C0814,4,late,2
C0814-W05,C0814,5,completed,2
C0814-W06,C0814,6,completed,3
C0814-W07,C0814,7,completed,3
C0814-W08,C0814,8,completed,2
C0814-W09,C0814,9,completed,2
C0814-W10,C0814,10,completed,3
C0814-W11,C0814,11,completed,3
C0814-W12,C0814,12,completed,2
C0815-W01,C0815,1,late,2
C0815-W02,C0815,2,completed,2
C0815-W03,C0815,3,completed,2
C0815-W04,C0815,4,completed,2
C0815-W05,C0815,5,completed,2
C0815-W06,C0815,6,completed,3
C0815-W07,C0815,7,completed,4
C0815-W08,C0815,8,completed,3
C0815-W09,C0815,9,completed,2
C0815-W10,C0815,10,skipped,0
C0815-W11,C0815,11,completed,3
C0815-W12,C0815,12,completed,2
C0816-W01,C0816,1,completed,4
C0816-W02,C0816,2,skipped,0
C0816-W03,C0816,3,completed,2
C0816-W04,C0816,4,completed,3
C0816-W05,C0816,5,completed,3
C0816-W06,C0816,6,completed,2
C0816-W07,C0816,7,completed,4
C0816-W08,C0816,8,completed,4
C0816-W09,C0816,9,completed,2
C0816-W10,C0816,10,completed,4
C0816-W11,C0816,11,completed,4
C0816-W12,C0816,12,completed,4
C0817-W01,C0817,1,completed,4
C0817-W02,C0817,2,completed,3
C0817-W03,C0817,3,completed,4
C0817-W04,C0817,4,completed,3
C0817-W05,C0817,5,completed,3
C0817-W06,C0817,6,skipped,0
C0817-W07,C0817,7,completed,4
C0817-W08,C0817,8,skipped,0
C0817-W09,C0817,9,completed,2
C0817-W10,C0817,10,completed,2
C0817-W11,C0817,11,completed,2
C0817-W12,C0817,12,completed,3
C0818-W01,C0818,1,completed,2
C0818-W02,C0818,2,completed,4
C0818-W03,C0818,3,skipped,0
C0818-W04,C0818,4,late,4
C0818-W05,C0818,5,completed,3
C0818-W06,C0818,6,completed,2
C0818-W07,C0818,7,completed,3
C0818-W08,C0818,8,completed,2
C0818-W09,C0818,9,late,4
C0818-W10,C0818,10,completed,4
C0818-W11,C0818,11,completed,3
C0818-W12,C0818,12,completed,3
C0819-W01,C0819,1,late,2
C0819-W02,C0819,2,completed,3
C0819-W03,C0819,3,completed,3
C0819-W04,C0819,4,skipped,0
C0819-W05,C0819,5,completed,3
C0819-W06,C0819,6,completed,2
C0819-W07,C0819,7,late,4
C0819-W08,C0819,8,completed,3
C0819-W09,C0819,9,late,2
C0819-W10,C0819,10,completed,2
C0819-W11,C0819,11,skipped,0
C0819-W12,C0819,12,completed,2
C0820-W01,C0820,1,completed,2
C0820-W02,C0820,2,completed,3
C0820-W03,C0820,3,completed,2
C0820-W04,C0820,4,completed,3
C0820-W05,C0820,5,completed,3
C0820-W06,C0820,6,completed,3
C0820-W07,C0820,7,completed,2
C0820-W08,C0820,8,completed,3
C0820-W09,C0820,9,late,4
C0820-W10,C0820,10,completed,4
C0820-W11,C0820,11,completed,2
C0820-W12,C0820,12,completed,2
C0821-W01,C0821,1,completed,2
C0821-W02,C0821,2,completed,3
C0821-W03,C0821,3,skipped,0
C0821-W04,C0821,4,completed,2
C0821-W05,C0821,5,completed,4
C0821-W06,C0821,6,skipped,0
C0821-W07,C0821,7,late,3
C0821-W08,C0821,8,completed,2
C0821-W09,C0821,9,completed,2
C0821-W10,C0821,10,completed,2
C0821-W11,C0821,11,completed,2
C0821-W12,C0821,12,completed,4
C0822-W01,C0822,1,completed,2
C0822-W02,C0822,2,completed,3
C0822-W03,C0822,3,skipped,0
C0822-W04,C0822,4,skipped,0
C0822-W05,C0822,5,completed,3
C0822-W06,C0822,6,completed,2
C0822-W07,C0822,7,completed,3
C0822-W08,C0822,8,completed,3
C0822-W09,C0822,9,completed,2
C0822-W10,C0822,10,completed,4
C0822-W11,C0822,11,completed,3
C0822-W12,C0822,12,completed,4
C0823-W01,C0823,1,completed,4
C0823-W02,C0823,2,skipped,0
C0823-W03,C0823,3,completed,3
C0823-W04,C0823,4,completed,3
C0823-W05,C0823,5,skipped,0
C0823-W06,C0823,6,completed,3
C0823-W07,C0823,7,skipped,0
C0823-W08,C0823,8,completed,3
C0823-W09,C0823,9,completed,4
C0823-W10,C0823,10,skipped,0
C0823-W11,C0823,11,completed,3
C0823-W12,C0823,12,late,3
C0824-W01,C0824,1,completed,4
C0824-W02,C0824,2,completed,3
C0824-W03,C0824,3,completed,2
C0824-W04,C0824,4,completed,3
C0824-W05,C0824,5,completed,3
C0824-W06,C0824,6,completed,3
C0824-W07,C0824,7,completed,2
C0824-W08,C0824,8,late,2
C0824-W09,C0824,9,completed,2
C0824-W10,C0824,10,completed,2
C0824-W11,C0824,11,completed,3
C0824-W12,C0824,12,skipped,0
C0825-W01,C0825,1,completed,3
C0825-W02,C0825,2,completed,4
C0825-W03,C0825,3,late,4
C0825-W04,C0825,4,completed,3
C0825-W05,C0825,5,completed,3
C0825-W06,C0825,6,completed,4
C0825-W07,C0825,7,completed,4
C0825-W08,C0825,8,completed,3
C0825-W09,C0825,9,skipped,0
C0825-W10,C0825,10,skipped,0
C0825-W11,C0825,11,completed,3
C0825-W12,C0825,12,completed,2
C0826-W01,C0826,1,completed,3
C0826-W02,C0826,2,completed,4
C0826-W03,C0826,3,skipped,0
C0826-W04,C0826,4,completed,2
C0826-W05,C0826,5,completed,2
C0826-W06,C0826,6,skipped,0
C0826-W07,C0826,7,completed,4
C0826-W08,C0826,8,completed,2
C0826-W09,C0826,9,completed,4
C0826-W10,C0826,10,completed,2
C0826-W11,C0826,11,completed,3
C0826-W12,C0826,12,completed,4
C0827-W01,C0827,1,late,4
C0827-W02,C0827,2,completed,4
C0827-W03,C0827,3,completed,2
C0827-W04,C0827,4,completed,3
C0827-W05,C0827,5,completed,4
C0827-W06,C0827,6,completed,3
C0827-W07,C0827,7,late,4
C0827-W08,C0827,8,skipped,0
C0827-W09,C0827,9,completed,4
C0827-W10,C0827,10,late,4
C0827-W11,C0827,11,skipped,0
C0827-W12,C0827,12,completed,3
C0828-W01,C0828,1,completed,3
C0828-W02,C0828,2,completed,3
C0828-W03,C0828,3,completed,4
C0828-W04,C0828,4,completed,3
C0828-W05,C0828,5,skipped,0
C0828-W06,C0828,6,skipped,0
C0828-W07,C0828,7,completed,3
C0828-W08,C0828,8,completed,4
C0828-W09,C0828,9,completed,4
C0828-W10,C0828,10,completed,2
C0828-W11,C0828,11,completed,4
C0828-W12,C0828,12,late,4
C0829-W01,C0829,1,completed,4
C0829-W02,C0829,2,completed,3
C0829-W03,C0829,3,skipped,0
C0829-W04,C0829,4,skipped,0
C0829-W05,C0829,5,skipped,0
C0829-W06,C0829,6,completed,2
C0829-W07,C0829,7,completed,2
C0829-W08,C0829,8,skipped,0
C0829-W09,C0829,9,completed,2
C0829-W10,C0829,10,completed,4
C0829-W11,C0829,11,completed,4
C0829-W12,C0829,12,completed,3
C0830-W01,C0830,1,completed,3
C0830-W02,C0830,2,completed,2
C0830-W03,C0830,3,completed,3
C0830-W04,C0830,4,completed,2
C0830-W05,C0830,5,completed,3
C0830-W06,C0830,6,completed,4
C0830-W07,C0830,7,completed,3
C0830-W08,C0830,8,completed,4
C0830-W09,C0830,9,completed,4
C0830-W10,C0830,10,completed,3
C0830-W11,C0830,11,completed,3
C0830-W12,C0830,12,completed,4
C0831-W01,C0831,1,completed,3
C0831-W02,C0831,2,completed,4
C0831-W03,C0831,3,completed,3
C0831-W04,C0831,4,skipped,0
C0831-W05,C0831,5,skipped,0
C0831-W06,C0831,6,skipped,0
C0831-W07,C0831,7,skipped,0
C0831-W08,C0831,8,completed,3
C0831-W09,C0831,9,completed,4
C0831-W10,C0831,10,late,4
C0831-W11,C0831,11,skipped,0
C0831-W12,C0831,12,completed,4
C0832-W01,C0832,1,completed,3
C0832-W02,C0832,2,completed,4
C0832-W03,C0832,3,completed,4
C0832-W04,C0832,4,completed,2
C0832-W05,C0832,5,late,4
C0832-W06,C0832,6,completed,3
C0832-W07,C0832,7,completed,4
C0832-W08,C0832,8,completed,3
C0832-W09,C0832,9,completed,2
C0832-W10,C0832,10,completed,2
C0832-W11,C0832,11,completed,4
C0832-W12,C0832,12,completed,2
C0833-W01,C0833,1,completed,3
C0833-W02,C0833,2,completed,2
C0833-W03,C0833,3,skipped,0
C0833-W04,C0833,4,completed,3
C0833-W05,C0833,5,completed,3
C0833-W06,C0833,6,skipped,0
C0833-W07,C0833,7,completed,4
C0833-W08,C0833,8,skipped,0
C0833-W09,C0833,9,late,4
C0833-W10,C0833,10,completed,2
C0833-W11,C0833,11,completed,4
C0833-W12,C0833,12,completed,3
C0834-W01,C0834,1,completed,3
C0834-W02,C0834,2,completed,3
C0834-W03,C0834,3,completed,2
C0834-W04,C0834,4,completed,3
C0834-W05,C0834,5,completed,3
C0834-W06,C0834,6,completed,4
C0834-W07,C0834,7,completed,2
C0834-W08,C0834,8,completed,3
C0834-W09,C0834,9,completed,4
C0834-W10,C0834,10,completed,2
C0834-W11,C0834,11,late,3
C0834-W12,C0834,12,completed,4
C0835-W01,C0835,1,completed,2
C0835-W02,C0835,2,skipped,0
C0835-W03,C0835,3,completed,4
C0835-W04,C0835,4,completed,4
C0835-W05,C0835,5,skipped,0
C0835-W06,C0835,6,completed,4
C0835-W07,C0835,7,completed,4
C0835-W08,C0835,8,completed,4
C0835-W09,C0835,9,completed,4
C0835-W10,C0835,10,completed,3
C0835-W11,C0835,11,completed,3
C0835-W12,C0835,12,completed,2
C0836-W01,C0836,1,completed,3
C0836-W02,C0836,2,completed,3
C0836-W03,C0836,3,completed,3
C0836-W04,C0836,4,completed,3
C0836-W05,C0836,5,completed,4
C0836-W06,C0836,6,completed,3
C0836-W07,C0836,7,completed,4
C0836-W08,C0836,8,completed,2
C0836-W09,C0836,9,completed,4
C0836-W10,C0836,10,completed,4
C0836-W11,C0836,11,completed,2
C0836-W12,C0836,12,completed,4
C0837-W01,C0837,1,completed,2
C0837-W02,C0837,2,completed,2
C0837-W03,C0837,3,completed,4
C0837-W04,C0837,4,completed,4
C0837-W05,C0837,5,completed,3
C0837-W06,C0837,6,completed,3
C0837-W07,C0837,7,skipped,0
C0837-W08,C0837,8,completed,4
C0837-W09,C0837,9,completed,3
C0837-W10,C0837,10,late,4
C0837-W11,C0837,11,late,3
C0837-W12,C0837,12,completed,3
C0838-W01,C0838,1,completed,4
C0838-W02,C0838,2,late,2
C0838-W03,C0838,3,completed,4
C0838-W04,C0838,4,completed,2
C0838-W05,C0838,5,completed,4
C0838-W06,C0838,6,completed,2
C0838-W07,C0838,7,completed,4
C0838-W08,C0838,8,completed,3
C0838-W09,C0838,9,late,2
C0838-W10,C0838,10,completed,3
C0838-W11,C0838,11,completed,3
C0838-W12,C0838,12,completed,2
C0839-W01,C0839,1,completed,3
C0839-W02,C0839,2,late,2
C0839-W03,C0839,3,skipped,0
C0839-W04,C0839,4,completed,4
C0839-W05,C0839,5,completed,4
C0839-W06,C0839,6,completed,4
C0839-W07,C0839,7,completed,2
C0839-W08,C0839,8,completed,2
C0839-W09,C0839,9,completed,4
C0839-W10,C0839,10,completed,4
C0839-W11,C0839,11,completed,3
C0839-W12,C0839,12,completed,3
C0840-W01,C0840,1,completed,3
C0840-W02,C0840,2,completed,4
C0840-W03,C0840,3,completed,3
C0840-W04,C0840,4,completed,4
C0840-W05,C0840,5,skipped,0
C0840-W06,C0840,6,late,2
C0840-W07,C0840,7,completed,3
C0840-W08,C0840,8,skipped,0
C0840-W09,C0840,9,completed,3
C0840-W10,C0840,10,completed,3
C0840-W11,C0840,11,completed,2
C0840-W12,C0840,12,completed,2
C0841-W01,C0841,1,completed,4
C0841-W02,C0841,2,completed,2
C0841-W03,C0841,3,skipped,0
C0841-W04,C0841,4,completed,4
C0841-W05,C0841,5,completed,2
C0841-W06,C0841,6,completed,3
C0841-W07,C0841,7,completed,3
C0841-W08,C0841,8,late,2
C0841-W09,C0841,9,completed,2
C0841-W10,C0841,10,completed,2
C0841-W11,C0841,11,completed,2
C0841-W12,C0841,12,completed,4
C0842-W01,C0842,1,completed,4
C0842-W02,C0842,2,completed,3
C0842-W03,C0842,3,completed,2
C0842-W04,C0842,4,completed,2
C0842-W05,C0842,5,skipped,0
C0842-W06,C0842,6,skipped,0
C0842-W07,C0842,7,completed,3
C0842-W08,C0842,8,completed,3
C0842-W09,C0842,9,completed,2
C0842-W10,C0842,10,completed,3
C0842-W11,C0842,11,completed,4
C0842-W12,C0842,12,completed,3
C0843-W01,C0843,1,completed,3
C0843-W02,C0843,2,skipped,0
C0843-W03,C0843,3,completed,2
C0843-W04,C0843,4,completed,2
C0843-W05,C0843,5,completed,4
C0843-W06,C0843,6,completed,3
C0843-W07,C0843,7,completed,3
C0843-W08,C0843,8,completed,4
C0843-W09,C0843,9,completed,3
C0843-W10,C0843,10,completed,3
C0843-W11,C0843,11,completed,2
C0843-W12,C0843,12,completed,4
C0844-W01,C0844,1,completed,3
C0844-W02,C0844,2,skipped,0
C0844-W03,C0844,3,late,2
C0844-W04,C0844,4,completed,3
C0844-W05,C0844,5,completed,2
C0844-W06,C0844,6,completed,3
C0844-W07,C0844,7,completed,3
C0844-W08,C0844,8,late,3
C0844-W09,C0844,9,completed,4
C0844-W10,C0844,10,completed,4
C0844-W11,C0844,11,skipped,0
C0844-W12,C0844,12,completed,3
C0845-W01,C0845,1,completed,3
C0845-W02,C0845,2,completed,2
C0845-W03,C0845,3,late,4
C0845-W04,C0845,4,completed,4
C0845-W05,C0845,5,completed,3
C0845-W06,C0845,6,completed,3
C0845-W07,C0845,7,completed,2
C0845-W08,C0845,8,completed,2
C0845-W09,C0845,9,completed,2
C0845-W10,C0845,10,skipped,0
C0845-W11,C0845,11,completed,2
C0845-W12,C0845,12,skipped,0
C0846-W01,C0846,1,completed,4
C0846-W02,C0846,2,late,2
C0846-W03,C0846,3,completed,3
C0846-W04,C0846,4,skipped,0
C0846-W05,C0846,5,completed,3
C0846-W06,C0846,6,completed,2
C0846-W07,C0846,7,skipped,0
C0846-W08,C0846,8,completed,3
C0846-W09,C0846,9,completed,4
C0846-W10,C0846,10,completed,3
C0846-W11,C0846,11,skipped,0
C0846-W12,C0846,12,completed,2
C0847-W01,C0847,1,completed,3
C0847-W02,C0847,2,completed,2
C0847-W03,C0847,3,skipped,0
C0847-W04,C0847,4,completed,3
C0847-W05,C0847,5,completed,3
C0847-W06,C0847,6,completed,2
C0847-W07,C0847,7,completed,3
C0847-W08,C0847,8,completed,3
C0847-W09,C0847,9,completed,2
C0847-W10,C0847,10,completed,3
C0847-W11,C0847,11,completed,4
C0847-W12,C0847,12,skipped,0
C0848-W01,C0848,1,completed,3
C0848-W02,C0848,2,completed,4
C0848-W03,C0848,3,completed,3
C0848-W04,C0848,4,completed,4
C0848-W05,C0848,5,completed,2
C0848-W06,C0848,6,completed,4
C0848-W07,C0848,7,completed,4
C0848-W08,C0848,8,skipped,0
C0848-W09,C0848,9,completed,4
C0848-W10,C0848,10,skipped,0
C0848-W11,C0848,11,completed,4
C0848-W12,C0848,12,completed,3
C0849-W01,C0849,1,completed,4
C0849-W02,C0849,2,completed,4
C0849-W03,C0849,3,completed,2
C0849-W04,C0849,4,completed,2
C0849-W05,C0849,5,skipped,0
C0849-W06,C0849,6,completed,4
C0849-W07,C0849,7,completed,4
C0849-W08,C0849,8,completed,4
C0849-W09,C0849,9,skipped,0
C0849-W10,C0849,10,skipped,0
C0849-W11,C0849,11,completed,2
C0849-W12,C0849,12,completed,2
C0850-W01,C0850,1,completed,2
C0850-W02,C0850,2,completed,2
C0850-W03,C0850,3,completed,3
C0850-W04,C0850,4,completed,3
C0850-W05,C0850,5,completed,4
C0850-W06,C0850,6,late,4
C0850-W07,C0850,7,completed,2
C0850-W08,C0850,8,completed,3
C0850-W09,C0850,9,completed,3
C0850-W10,C0850,10,completed,4
C0850-W11,C0850,11,completed,4
C0850-W12,C0850,12,completed,2
C0851-W01,C0851,1,late,3
C0851-W02,C0851,2,late,4
C0851-W03,C0851,3,completed,3
C0851-W04,C0851,4,completed,2
C0851-W05,C0851,5,completed,3
C0851-W06,C0851,6,completed,4
C0851-W07,C0851,7,completed,3
C0851-W08,C0851,8,completed,2
C0851-W09,C0851,9,completed,4
C0851-W10,C0851,10,completed,3
C0851-W11,C0851,11,completed,4
C0851-W12,C0851,12,completed,3
C0852-W01,C0852,1,completed,3
C0852-W02,C0852,2,completed,2
C0852-W03,C0852,3,completed,4
C0852-W04,C0852,4,completed,2
C0852-W05,C0852,5,completed,4
C0852-W06,C0852,6,completed,3
C0852-W07,C0852,7,completed,3
C0852-W08,C0852,8,completed,4
C0852-W09,C0852,9,completed,3
C0852-W10,C0852,10,completed,4
C0852-W11,C0852,11,completed,2
C0852-W12,C0852,12,late,2
C0853-W01,C0853,1,completed,4
C0853-W02,C0853,2,completed,3
C0853-W03,C0853,3,completed,4
C0853-W04,C0853,4,late,3
C0853-W05,C0853,5,skipped,0
C0853-W06,C0853,6,completed,4
C0853-W07,C0853,7,completed,4
C0853-W08,C0853,8,completed,2
C0853-W09,C0853,9,completed,4
C0853-W10,C0853,10,completed,2
C0853-W11,C0853,11,completed,3
C0853-W12,C0853,12,completed,2
C0854-W01,C0854,1,completed,2
C0854-W02,C0854,2,completed,3
C0854-W03,C0854,3,skipped,0
C0854-W04,C0854,4,completed,4
C0854-W05,C0854,5,completed,4
C0854-W06,C0854,6,completed,2
C0854-W07,C0854,7,completed,2
C0854-W08,C0854,8,completed,2
C0854-W09,C0854,9,skipped,0
C0854-W10,C0854,10,completed,3
C0854-W11,C0854,11,completed,4
C0854-W12,C0854,12,completed,2
C0855-W01,C0855,1,completed,2
C0855-W02,C0855,2,completed,2
C0855-W03,C0855,3,completed,4
C0855-W04,C0855,4,late,4
C0855-W05,C0855,5,completed,2
C0855-W06,C0855,6,completed,2
C0855-W07,C0855,7,late,3
C0855-W08,C0855,8,completed,3
C0855-W09,C0855,9,completed,3
C0855-W10,C0855,10,completed,4
C0855-W11,C0855,11,late,2
C0855-W12,C0855,12,skipped,0
C0856-W01,C0856,1,completed,4
C0856-W02,C0856,2,completed,4
C0856-W03,C0856,3,completed,4
C0856-W04,C0856,4,late,4
C0856-W05,C0856,5,completed,3
C0856-W06,C0856,6,completed,2
C0856-W07,C0856,7,skipped,0
C0856-W08,C0856,8,completed,2
C0856-W09,C0856,9,completed,4
C0856-W10,C0856,10,completed,4
C0856-W11,C0856,11,completed,2
C0856-W12,C0856,12,completed,2
C0857-W01,C0857,1,completed,2
C0857-W02,C0857,2,completed,3
C0857-W03,C0857,3,completed,4
C0857-W04,C0857,4,late,4
C0857-W05,C0857,5,completed,3
C0857-W06,C0857,6,completed,2
C0857-W07,C0857,7,completed,4
C0857-W08,C0857,8,completed,2
C0857-W09,C0857,9,completed,4
C0857-W10,C0857,10,skipped,0
C0857-W11,C0857,11,completed,4
C0857-W12,C0857,12,completed,3
C0858-W01,C0858,1,completed,2
C0858-W02,C0858,2,completed,2
C0858-W03,C0858,3,completed,2
C0858-W04,C0858,4,completed,4
C0858-W05,C0858,5,skipped,0
C0858-W06,C0858,6,skipped,0
C0858-W07,C0858,7,completed,3
C0858-W08,C0858,8,completed,3
C0858-W09,C0858,9,completed,4
C0858-W10,C0858,10,completed,3
C0858-W11,C0858,11,skipped,0
C0858-W12,C0858,12,completed,3
C0859-W01,C0859,1,completed,2
C0859-W02,C0859,2,completed,4
C0859-W03,C0859,3,completed,4
C0859-W04,C0859,4,completed,3
C0859-W05,C0859,5,completed,2
C0859-W06,C0859,6,completed,2
C0859-W07,C0859,7,completed,4
C0859-W08,C0859,8,completed,3
C0859-W09,C0859,9,completed,2
C0859-W10,C0859,10,completed,3
C0859-W11,C0859,11,skipped,0
C0859-W12,C0859,12,completed,3
C0860-W01,C0860,1,completed,2
C0860-W02,C0860,2,completed,3
C0860-W03,C0860,3,completed,3
C0860-W04,C0860,4,completed,3
C0860-W05,C0860,5,completed,2
C0860-W06,C0860,6,completed,2
C0860-W07,C0860,7,skipped,0
C0860-W08,C0860,8,completed,2
C0860-W09,C0860,9,skipped,0
C0860-W10,C0860,10,skipped,0
C0860-W11,C0860,11,skipped,0
C0860-W12,C0860,12,completed,3
C0861-W01,C0861,1,completed,3
C0861-W02,C0861,2,completed,2
C0861-W03,C0861,3,completed,3
C0861-W04,C0861,4,completed,3
C0861-W05,C0861,5,late,2
C0861-W06,C0861,6,completed,3
C0861-W07,C0861,7,late,3
C0861-W08,C0861,8,completed,4
C0861-W09,C0861,9,skipped,0
C0861-W10,C0861,10,completed,4
C0861-W11,C0861,11,skipped,0
C0861-W12,C0861,12,completed,3
C0862-W01,C0862,1,completed,3
C0862-W02,C0862,2,completed,2
C0862-W03,C0862,3,completed,3
C0862-W04,C0862,4,completed,2
C0862-W05,C0862,5,completed,3
C0862-W06,C0862,6,completed,3
C0862-W07,C0862,7,completed,4
C0862-W08,C0862,8,completed,2
C0862-W09,C0862,9,skipped,0
C0862-W10,C0862,10,completed,2
C0862-W11,C0862,11,completed,3
C0862-W12,C0862,12,completed,4
C0863-W01,C0863,1,skipped,0
C0863-W02,C0863,2,skipped,0
C0863-W03,C0863,3,completed,4
C0863-W04,C0863,4,late,4
C0863-W05,C0863,5,completed,3
C0863-W06,C0863,6,completed,4
C0863-W07,C0863,7,completed,2
C0863-W08,C0863,8,late,3
C0863-W09,C0863,9,completed,4
C0863-W10,C0863,10,completed,3
C0863-W11,C0863,11,skipped,0
C0863-W12,C0863,12,completed,2
C0864-W01,C0864,1,completed,3
C0864-W02,C0864,2,completed,3
C0864-W03,C0864,3,completed,2
C0864-W04,C0864,4,completed,2
C0864-W05,C0864,5,completed,2
C0864-W06,C0864,6,completed,2
C0864-W07,C0864,7,completed,3
C0864-W08,C0864,8,completed,2
C0864-W09,C0864,9,completed,2
C0864-W10,C0864,10,completed,2
C0864-W11,C0864,11,skipped,0
C0864-W12,C0864,12,skipped,0
C0865-W01,C0865,1,completed,3
C0865-W02,C0865,2,completed,2
C0865-W03,C0865,3,completed,4
C0865-W04,C0865,4,completed,2
C0865-W05,C0865,5,completed,4
C0865-W06,C0865,6,completed,4
C0865-W07,C0865,7,late,4
C0865-W08,C0865,8,completed,4
C0865-W09,C0865,9,late,2
C0865-W10,C0865,10,completed,3
C0865-W11,C0865,11,completed,3
C0865-W12,C0865,12,completed,4
C0866-W01,C0866,1,completed,2
C0866-W02,C0866,2,skipped,0
C0866-W03,C0866,3,completed,3
C0866-W04,C0866,4,completed,4
C0866-W05,C0866,5,skipped,0
C0866-W06,C0866,6,late,3
C0866-W07,C0866,7,completed,3
C0866-W08,C0866,8,completed,2
C0866-W09,C0866,9,late,3
C0866-W10,C0866,10,completed,2
C0866-W11,C0866,11,completed,4
C0866-W12,C0866,12,completed,3
C0867-W01,C0867,1,completed,4
C0867-W02,C0867,2,completed,2
C0867-W03,C0867,3,completed,2
C0867-W04,C0867,4,late,4
C0867-W05,C0867,5,completed,2
C0867-W06,C0867,6,completed,3
C0867-W07,C0867,7,completed,4
C0867-W08,C0867,8,completed,4
C0867-W09,C0867,9,completed,2
C0867-W10,C0867,10,completed,2
C0867-W11,C0867,11,completed,2
C0867-W12,C0867,12,completed,2
C0868-W01,C0868,1,completed,2
C0868-W02,C0868,2,completed,4
C0868-W03,C0868,3,completed,3
C0868-W04,C0868,4,completed,2
C0868-W05,C0868,5,completed,2
C0868-W06,C0868,6,completed,2
C0868-W07,C0868,7,completed,4
C0868-W08,C0868,8,completed,3
C0868-W09,C0868,9,skipped,0
C0868-W10,C0868,10,completed,4
C0868-W11,C0868,11,completed,2
C0868-W12,C0868,12,skipped,0
C0869-W01,C0869,1,completed,2
C0869-W02,C0869,2,skipped,0
C0869-W03,C0869,3,completed,4
C0869-W04,C0869,4,skipped,0
C0869-W05,C0869,5,completed,2
C0869-W06,C0869,6,completed,3
C0869-W07,C0869,7,completed,4
C0869-W08,C0869,8,late,4
C0869-W09,C0869,9,skipped,0
C0869-W10,C0869,10,late,2
C0869-W11,C0869,11,completed,4
C0869-W12,C0869,12,completed,2
C0870-W01,C0870,1,completed,2
C0870-W02,C0870,2,completed,2
C0870-W03,C0870,3,completed,3
C0870-W04,C0870,4,completed,2
C0870-W05,C0870,5,skipped,0
C0870-W06,C0870,6,completed,3
C0870-W07,C0870,7,completed,4
C0870-W08,C0870,8,completed,3
C0870-W09,C0870,9,completed,4
C0870-W10,C0870,10,skipped,0
C0870-W11,C0870,11,skipped,0
C0870-W12,C0870,12,completed,4
C0871-W01,C0871,1,completed,3
C0871-W02,C0871,2,completed,4
C0871-W03,C0871,3,completed,3
C0871-W04,C0871,4,completed,4
C0871-W05,C0871,5,late,2
C0871-W06,C0871,6,completed,2
C0871-W07,C0871,7,skipped,0
C0871-W08,C0871,8,completed,4
C0871-W09,C0871,9,completed,3
C0871-W10,C0871,10,completed,4
C0871-W11,C0871,11,completed,4
C0871-W12,C0871,12,completed,4
C0872-W01,C0872,1,completed,3
C0872-W02,C0872,2,completed,2
C0872-W03,C0872,3,completed,2
C0872-W04,C0872,4,completed,2
C0872-W05,C0872,5,late,2
C0872-W06,C0872,6,completed,2
C0872-W07,C0872,7,completed,3
C0872-W08,C0872,8,completed,2
C0872-W09,C0872,9,completed,3
C0872-W10,C0872,10,completed,3
C0872-W11,C0872,11,skipped,0
C0872-W12,C0872,12,late,4
C0873-W01,C0873,1,completed,3
C0873-W02,C0873,2,completed,2
C0873-W03,C0873,3,completed,4
C0873-W04,C0873,4,completed,4
C0873-W05,C0873,5,completed,2
C0873-W06,C0873,6,completed,4
C0873-W07,C0873,7,completed,4
C0873-W08,C0873,8,completed,2
C0873-W09,C0873,9,completed,4
C0873-W10,C0873,10,completed,2
C0873-W11,C0873,11,completed,3
C0873-W12,C0873,12,completed,3
C0874-W01,C0874,1,completed,2
C0874-W02,C0874,2,late,4
C0874-W03,C0874,3,completed,2
C0874-W04,C0874,4,completed,4
C0874-W05,C0874,5,completed,3
C0874-W06,C0874,6,completed,3
C0874-W07,C0874,7,completed,4
C0874-W08,C0874,8,late,3
C0874-W09,C0874,9,skipped,0
C0874-W10,C0874,10,completed,2
C0874-W11,C0874,11,completed,4
C0874-W12,C0874,12,skipped,0
C0875-W01,C0875,1,completed,4
C0875-W02,C0875,2,completed,2
C0875-W03,C0875,3,completed,4
C0875-W04,C0875,4,completed,2
C0875-W05,C0875,5,completed,2
C0875-W06,C0875,6,completed,3
C0875-W07,C0875,7,completed,4
C0875-W08,C0875,8,completed,2
C0875-W09,C0875,9,completed,3
C0875-W10,C0875,10,late,3
C0875-W11,C0875,11,late,2
C0875-W12,C0875,12,completed,2
C0876-W01,C0876,1,completed,2
C0876-W02,C0876,2,skipped,0
C0876-W03,C0876,3,completed,3
C0876-W04,C0876,4,completed,4
C0876-W05,C0876,5,completed,4
C0876-W06,C0876,6,completed,4
C0876-W07,C0876,7,completed,3
C0876-W08,C0876,8,completed,4
C0876-W09,C0876,9,completed,3
C0876-W10,C0876,10,completed,2
C0876-W11,C0876,11,completed,3
C0876-W12,C0876,12,completed,3
C0877-W01,C0877,1,completed,2
C0877-W02,C0877,2,completed,4
C0877-W03,C0877,3,completed,2
C0877-W04,C0877,4,skipped,0
C0877-W05,C0877,5,skipped,0
C0877-W06,C0877,6,completed,4
C0877-W07,C0877,7,completed,3
C0877-W08,C0877,8,completed,2
C0877-W09,C0877,9,completed,4
C0877-W10,C0877,10,completed,2
C0877-W11,C0877,11,completed,2
C0877-W12,C0877,12,completed,3
C0878-W01,C0878,1,completed,4
C0878-W02,C0878,2,completed,2
C0878-W03,C0878,3,skipped,0
C0878-W04,C0878,4,completed,3
C0878-W05,C0878,5,late,4
C0878-W06,C0878,6,completed,4
C0878-W07,C0878,7,completed,3
C0878-W08,C0878,8,skipped,0
C0878-W09,C0878,9,completed,4
C0878-W10,C0878,10,completed,2
C0878-W11,C0878,11,completed,3
C0878-W12,C0878,12,completed,3
C0879-W01,C0879,1,completed,3
C0879-W02,C0879,2,skipped,0
C0879-W03,C0879,3,completed,2
C0879-W04,C0879,4,completed,2
C0879-W05,C0879,5,completed,3
C0879-W06,C0879,6,skipped,0
C0879-W07,C0879,7,completed,3
C0879-W08,C0879,8,completed,2
C0879-W09,C0879,9,completed,3
C0879-W10,C0879,10,completed,4
C0879-W11,C0879,11,late,4
C0879-W12,C0879,12,completed,2
C0880-W01,C0880,1,completed,4
C0880-W02,C0880,2,skipped,0
C0880-W03,C0880,3,skipped,0
C0880-W04,C0880,4,skipped,0
C0880-W05,C0880,5,skipped,0
C0880-W06,C0880,6,completed,4
C0880-W07,C0880,7,completed,3
C0880-W08,C0880,8,completed,2
C0880-W09,C0880,9,completed,4
C0880-W10,C0880,10,completed,2
C0880-W11,C0880,11,completed,3
C0880-W12,C0880,12,skipped,0
C0881-W01,C0881,1,completed,4
C0881-W02,C0881,2,completed,4
C0881-W03,C0881,3,skipped,0
C0881-W04,C0881,4,completed,3
C0881-W05,C0881,5,late,4
C0881-W06,C0881,6,completed,4
C0881-W07,C0881,7,completed,2
C0881-W08,C0881,8,skipped,0
C0881-W09,C0881,9,skipped,0
C0881-W10,C0881,10,late,3
C0881-W11,C0881,11,completed,4
C0881-W12,C0881,12,completed,3
C0882-W01,C0882,1,completed,4
C0882-W02,C0882,2,completed,3
C0882-W03,C0882,3,completed,4
C0882-W04,C0882,4,completed,3
C0882-W05,C0882,5,late,3
C0882-W06,C0882,6,completed,3
C0882-W07,C0882,7,completed,4
C0882-W08,C0882,8,completed,4
C0882-W09,C0882,9,late,4
C0882-W10,C0882,10,completed,2
C0882-W11,C0882,11,completed,4
C0882-W12,C0882,12,completed,4
C0883-W01,C0883,1,completed,4
C0883-W02,C0883,2,completed,2
C0883-W03,C0883,3,skipped,0
C0883-W04,C0883,4,skipped,0
C0883-W05,C0883,5,completed,2
C0883-W06,C0883,6,skipped,0
C0883-W07,C0883,7,completed,2
C0883-W08,C0883,8,skipped,0
C0883-W09,C0883,9,completed,2
C0883-W10,C0883,10,completed,3
C0883-W11,C0883,11,completed,3
C0883-W12,C0883,12,completed,3
C0884-W01,C0884,1,completed,2
C0884-W02,C0884,2,completed,2
C0884-W03,C0884,3,skipped,0
C0884-W04,C0884,4,completed,2
C0884-W05,C0884,5,completed,4
C0884-W06,C0884,6,completed,2
C0884-W07,C0884,7,skipped,0
C0884-W08,C0884,8,completed,3
C0884-W09,C0884,9,completed,3
C0884-W10,C0884,10,completed,4
C0884-W11,C0884,11,completed,4
C0884-W12,C0884,12,late,2
C0885-W01,C0885,1,completed,2
C0885-W02,C0885,2,completed,4
C0885-W03,C0885,3,completed,3
C0885-W04,C0885,4,completed,4
C0885-W05,C0885,5,completed,3
C0885-W06,C0885,6,completed,4
C0885-W07,C0885,7,completed,3
C0885-W08,C0885,8,skipped,0
C0885-W09,C0885,9,completed,4
C0885-W10,C0885,10,completed,2
C0885-W11,C0885,11,completed,3
C0885-W12,C0885,12,late,3
C0886-W01,C0886,1,completed,2
C0886-W02,C0886,2,skipped,0
C0886-W03,C0886,3,completed,2
C0886-W04,C0886,4,late,4
C0886-W05,C0886,5,skipped,0
C0886-W06,C0886,6,completed,2
C0886-W07,C0886,7,completed,3
C0886-W08,C0886,8,skipped,0
C0886-W09,C0886,9,completed,4
C0886-W10,C0886,10,completed,3
C0886-W11,C0886,11,completed,3
C0886-W12,C0886,12,completed,3
C0887-W01,C0887,1,completed,2
C0887-W02,C0887,2,completed,3
C0887-W03,C0887,3,completed,2
C0887-W04,C0887,4,completed,4
C0887-W05,C0887,5,completed,2
C0887-W06,C0887,6,completed,2
C0887-W07,C0887,7,late,3
C0887-W08,C0887,8,completed,2
C0887-W09,C0887,9,completed,3
C0887-W10,C0887,10,skipped,0
C0887-W11,C0887,11,completed,2
C0887-W12,C0887,12,late,4
C0888-W01,C0888,1,completed,4
C0888-W02,C0888,2,completed,3
C0888-W03,C0888,3,completed,2
C0888-W04,C0888,4,completed,3
C0888-W05,C0888,5,completed,3
C0888-W06,C0888,6,skipped,0
C0888-W07,C0888,7,completed,3
C0888-W08,C0888,8,skipped,0
C0888-W09,C0888,9,completed,4
C0888-W10,C0888,10,completed,4
C0888-W11,C0888,11,completed,3
C0888-W12,C0888,12,completed,4
C0889-W01,C0889,1,completed,4
C0889-W02,C0889,2,completed,4
C0889-W03,C0889,3,late,3
C0889-W04,C0889,4,skipped,0
C0889-W05,C0889,5,completed,2
C0889-W06,C0889,6,completed,4
C0889-W07,C0889,7,completed,2
C0889-W08,C0889,8,completed,4
C0889-W09,C0889,9,completed,4
C0889-W10,C0889,10,completed,2
C0889-W11,C0889,11,completed,3
C0889-W12,C0889,12,completed,2
C0890-W01,C0890,1,completed,3
C0890-W02,C0890,2,completed,4
C0890-W03,C0890,3,completed,2
C0890-W04,C0890,4,completed,3
C0890-W05,C0890,5,skipped,0
C0890-W06,C0890,6,completed,2
C0890-W07,C0890,7,completed,4
C0890-W08,C0890,8,completed,4
C0890-W09,C0890,9,completed,4
C0890-W10,C0890,10,late,3
C0890-W11,C0890,11,completed,3
C0890-W12,C0890,12,completed,3
C0891-W01,C0891,1,completed,4
C0891-W02,C0891,2,skipped,0
C0891-W03,C0891,3,completed,2
C0891-W04,C0891,4,late,2
C0891-W05,C0891,5,late,4
C0891-W06,C0891,6,completed,3
C0891-W07,C0891,7,completed,4
C0891-W08,C0891,8,completed,2
C0891-W09,C0891,9,completed,2
C0891-W10,C0891,10,skipped,0
C0891-W11,C0891,11,completed,2
C0891-W12,C0891,12,completed,4
C0892-W01,C0892,1,completed,2
C0892-W02,C0892,2,late,3
C0892-W03,C0892,3,completed,4
C0892-W04,C0892,4,late,3
C0892-W05,C0892,5,completed,2
C0892-W06,C0892,6,completed,3
C0892-W07,C0892,7,skipped,0
C0892-W08,C0892,8,completed,3
C0892-W09,C0892,9,completed,2
C0892-W10,C0892,10,completed,2
C0892-W11,C0892,11,completed,3
C0892-W12,C0892,12,completed,2
C0893-W01,C0893,1,completed,2
C0893-W02,C0893,2,late,3
C0893-W03,C0893,3,completed,4
C0893-W04,C0893,4,completed,3
C0893-W05,C0893,5,skipped,0
C0893-W06,C0893,6,completed,4
C0893-W07,C0893,7,completed,2
C0893-W08,C0893,8,completed,4
C0893-W09,C0893,9,late,4
C0893-W10,C0893,10,completed,2
C0893-W11,C0893,11,skipped,0
C0893-W12,C0893,12,completed,3
C0894-W01,C0894,1,completed,3
C0894-W02,C0894,2,completed,3
C0894-W03,C0894,3,completed,4
C0894-W04,C0894,4,completed,2
C0894-W05,C0894,5,completed,3
C0894-W06,C0894,6,completed,3
C0894-W07,C0894,7,completed,4
C0894-W08,C0894,8,late,2
C0894-W09,C0894,9,completed,3
C0894-W10,C0894,10,skipped,0
C0894-W11,C0894,11,late,2
C0894-W12,C0894,12,completed,2
C0895-W01,C0895,1,skipped,0
C0895-W02,C0895,2,skipped,0
C0895-W03,C0895,3,completed,2
C0895-W04,C0895,4,completed,4
C0895-W05,C0895,5,completed,2
C0895-W06,C0895,6,completed,4
C0895-W07,C0895,7,completed,4
C0895-W08,C0895,8,completed,2
C0895-W09,C0895,9,completed,3
C0895-W10,C0895,10,completed,3
C0895-W11,C0895,11,completed,2
C0895-W12,C0895,12,completed,3
C0896-W01,C0896,1,late,4
C0896-W02,C0896,2,skipped,0
C0896-W03,C0896,3,completed,2
C0896-W04,C0896,4,completed,3
C0896-W05,C0896,5,completed,2
C0896-W06,C0896,6,completed,4
C0896-W07,C0896,7,completed,4
C0896-W08,C0896,8,completed,4
C0896-W09,C0896,9,completed,3
C0896-W10,C0896,10,completed,4
C0896-W11,C0896,11,completed,2
C0896-W12,C0896,12,completed,3
C0897-W01,C0897,1,completed,4
C0897-W02,C0897,2,completed,3
C0897-W03,C0897,3,completed,3
C0897-W04,C0897,4,completed,2
C0897-W05,C0897,5,late,3
C0897-W06,C0897,6,skipped,0
C0897-W07,C0897,7,completed,4
C0897-W08,C0897,8,completed,4
C0897-W09,C0897,9,completed,3
C0897-W10,C0897,10,completed,2
C0897-W11,C0897,11,skipped,0
C0897-W12,C0897,12,completed,3
C0898-W01,C0898,1,skipped,0
C0898-W02,C0898,2,completed,3
C0898-W03,C0898,3,completed,4
C0898-W04,C0898,4,completed,4
C0898-W05,C0898,5,completed,2
C0898-W06,C0898,6,completed,4
C0898-W07,C0898,7,completed,3
C0898-W08,C0898,8,skipped,0
C0898-W09,C0898,9,completed,2
C0898-W10,C0898,10,completed,4
C0898-W11,C0898,11,completed,4
C0898-W12,C0898,12,completed,3
C0899-W01,C0899,1,completed,4
C0899-W02,C0899,2,completed,4
C0899-W03,C0899,3,completed,2
C0899-W04,C0899,4,completed,4
C0899-W05,C0899,5,completed,3
C0899-W06,C0899,6,completed,4
C0899-W07,C0899,7,completed,3
C0899-W08,C0899,8,completed,2
C0899-W09,C0899,9,completed,2
C0899-W10,C0899,10,skipped,0
C0899-W11,C0899,11,completed,3
C0899-W12,C0899,12,completed,4
C0900-W01,C0900,1,completed,3
C0900-W02,C0900,2,completed,3
C0900-W03,C0900,3,completed,2
C0900-W04,C0900,4,completed,3
C0900-W05,C0900,5,skipped,0
C0900-W06,C0900,6,completed,4
C0900-W07,C0900,7,skipped,0
C0900-W08,C0900,8,skipped,0
C0900-W09,C0900,9,completed,3
C0900-W10,C0900,10,completed,4
C0900-W11,C0900,11,completed,2
C0900-W12,C0900,12,completed,2
C0901-W01,C0901,1,completed,2
C0901-W02,C0901,2,skipped,0
C0901-W03,C0901,3,completed,3
C0901-W04,C0901,4,skipped,0
C0901-W05,C0901,5,completed,3
C0901-W06,C0901,6,completed,3
C0901-W07,C0901,7,completed,4
C0901-W08,C0901,8,completed,2
C0901-W09,C0901,9,late,3
C0901-W10,C0901,10,completed,4
C0901-W11,C0901,11,completed,3
C0901-W12,C0901,12,late,2
C0902-W01,C0902,1,completed,3
C0902-W02,C0902,2,late,4
C0902-W03,C0902,3,completed,2
C0902-W04,C0902,4,completed,4
C0902-W05,C0902,5,completed,4
C0902-W06,C0902,6,completed,4
C0902-W07,C0902,7,late,4
C0902-W08,C0902,8,completed,4
C0902-W09,C0902,9,completed,2
C0902-W10,C0902,10,late,4
C0902-W11,C0902,11,completed,2
C0902-W12,C0902,12,completed,2
C0903-W01,C0903,1,late,4
C0903-W02,C0903,2,skipped,0
C0903-W03,C0903,3,completed,4
C0903-W04,C0903,4,completed,3
C0903-W05,C0903,5,skipped,0
C0903-W06,C0903,6,completed,3
C0903-W07,C0903,7,completed,3
C0903-W08,C0903,8,completed,3
C0903-W09,C0903,9,completed,2
C0903-W10,C0903,10,completed,4
C0903-W11,C0903,11,completed,3
C0903-W12,C0903,12,completed,2
C0904-W01,C0904,1,completed,2
C0904-W02,C0904,2,completed,4
C0904-W03,C0904,3,completed,3
C0904-W04,C0904,4,completed,4
C0904-W05,C0904,5,skipped,0
C0904-W06,C0904,6,completed,2
C0904-W07,C0904,7,completed,2
C0904-W08,C0904,8,completed,2
C0904-W09,C0904,9,skipped,0
C0904-W10,C0904,10,completed,3
C0904-W11,C0904,11,completed,4
C0904-W12,C0904,12,completed,4
C0905-W01,C0905,1,completed,2
C0905-W02,C0905,2,completed,2
C0905-W03,C0905,3,skipped,0
C0905-W04,C0905,4,completed,4
C0905-W05,C0905,5,completed,2
C0905-W06,C0905,6,completed,4
C0905-W07,C0905,7,completed,3
C0905-W08,C0905,8,completed,3
C0905-W09,C0905,9,completed,3
C0905-W10,C0905,10,completed,4
C0905-W11,C0905,11,completed,3
C0905-W12,C0905,12,completed,4
C0906-W01,C0906,1,late,2
C0906-W02,C0906,2,completed,2
C0906-W03,C0906,3,completed,4
C0906-W04,C0906,4,skipped,0
C0906-W05,C0906,5,completed,3
C0906-W06,C0906,6,completed,4
C0906-W07,C0906,7,completed,2
C0906-W08,C0906,8,completed,3
C0906-W09,C0906,9,completed,3
C0906-W10,C0906,10,completed,3
C0906-W11,C0906,11,completed,4
C0906-W12,C0906,12,completed,3
C0907-W01,C0907,1,late,2
C0907-W02,C0907,2,late,3
C0907-W03,C0907,3,completed,4
C0907-W04,C0907,4,late,3
C0907-W05,C0907,5,completed,4
C0907-W06,C0907,6,completed,4
C0907-W07,C0907,7,completed,2
C0907-W08,C0907,8,completed,4
C0907-W09,C0907,9,late,4
C0907-W10,C0907,10,completed,3
C0907-W11,C0907,11,skipped,0
C0907-W12,C0907,12,skipped,0
C0908-W01,C0908,1,completed,2
C0908-W02,C0908,2,completed,2
C0908-W03,C0908,3,completed,4
C0908-W04,C0908,4,completed,4
C0908-W05,C0908,5,completed,2
C0908-W06,C0908,6,completed,4
C0908-W07,C0908,7,completed,4
C0908-W08,C0908,8,completed,3
C0908-W09,C0908,9,completed,4
C0908-W10,C0908,10,late,2
C0908-W11,C0908,11,completed,4
C0908-W12,C0908,12,completed,2
C0909-W01,C0909,1,completed,2
C0909-W02,C0909,2,completed,4
C0909-W03,C0909,3,completed,4
C0909-W04,C0909,4,completed,4
C0909-W05,C0909,5,completed,3
C0909-W06,C0909,6,completed,3
C0909-W07,C0909,7,late,2
C0909-W08,C0909,8,completed,3
C0909-W09,C0909,9,completed,3
C0909-W10,C0909,10,late,2
C0909-W11,C0909,11,completed,3
C0909-W12,C0909,12,completed,4
C0910-W01,C0910,1,completed,2
C0910-W02,C0910,2,completed,3
C0910-W03,C0910,3,skipped,0
C0910-W04,C0910,4,completed,3
C0910-W05,C0910,5,completed,3
C0910-W06,C0910,6,completed,2
C0910-W07,C0910,7,completed,2
C0910-W08,C0910,8,completed,2
C0910-W09,C0910,9,completed,2
C0910-W10,C0910,10,completed,3
C0910-W11,C0910,11,completed,2
C0910-W12,C0910,12,completed,2
C0911-W01,C0911,1,skipped,0
C0911-W02,C0911,2,completed,3
C0911-W03,C0911,3,completed,2
C0911-W04,C0911,4,completed,3
C0911-W05,C0911,5,completed,2
C0911-W06,C0911,6,completed,3
C0911-W07,C0911,7,completed,3
C0911-W08,C0911,8,completed,2
C0911-W09,C0911,9,completed,3
C0911-W10,C0911,10,completed,2
C0911-W11,C0911,11,completed,3
C0911-W12,C0911,12,completed,2
C0912-W01,C0912,1,completed,4
C0912-W02,C0912,2,skipped,0
C0912-W03,C0912,3,completed,2
C0912-W04,C0912,4,completed,2
C0912-W05,C0912,5,completed,2
C0912-W06,C0912,6,completed,2
C0912-W07,C0912,7,skipped,0
C0912-W08,C0912,8,completed,2
C0912-W09,C0912,9,completed,3
C0912-W10,C0912,10,completed,4
C0912-W11,C0912,11,skipped,0
C0912-W12,C0912,12,completed,2
C0913-W01,C0913,1,completed,2
C0913-W02,C0913,2,completed,2
C0913-W03,C0913,3,completed,3
C0913-W04,C0913,4,skipped,0
C0913-W05,C0913,5,completed,3
C0913-W06,C0913,6,late,2
C0913-W07,C0913,7,completed,2
C0913-W08,C0913,8,late,2
C0913-W09,C0913,9,completed,4
C0913-W10,C0913,10,completed,4
C0913-W11,C0913,11,completed,2
C0913-W12,C0913,12,completed,4
C0914-W01,C0914,1,completed,4
C0914-W02,C0914,2,completed,3
C0914-W03,C0914,3,skipped,0
C0914-W04,C0914,4,completed,2
C0914-W05,C0914,5,completed,4
C0914-W06,C0914,6,skipped,0
C0914-W07,C0914,7,completed,3
C0914-W08,C0914,8,completed,3
C0914-W09,C0914,9,completed,2
C0914-W10,C0914,10,completed,4
C0914-W11,C0914,11,completed,3
C0914-W12,C0914,12,completed,3
C0915-W01,C0915,1,completed,2
C0915-W02,C0915,2,completed,4
C0915-W03,C0915,3,completed,2
C0915-W04,C0915,4,skipped,0
C0915-W05,C0915,5,completed,3
C0915-W06,C0915,6,skipped,0
C0915-W07,C0915,7,skipped,0
C0915-W08,C0915,8,completed,2
C0915-W09,C0915,9,late,2
C0915-W10,C0915,10,completed,2
C0915-W11,C0915,11,skipped,0
C0915-W12,C0915,12,completed,2
C0916-W01,C0916,1,late,3
C0916-W02,C0916,2,completed,3
C0916-W03,C0916,3,completed,2
C0916-W04,C0916,4,completed,2
C0916-W05,C0916,5,completed,2
C0916-W06,C0916,6,completed,3
C0916-W07,C0916,7,completed,4
C0916-W08,C0916,8,completed,2
C0916-W09,C0916,9,completed,3
C0916-W10,C0916,10,completed,4
C0916-W11,C0916,11,completed,3
C0916-W12,C0916,12,completed,4
C0917-W01,C0917,1,completed,2
C0917-W02,C0917,2,completed,2
C0917-W03,C0917,3,skipped,0
C0917-W04,C0917,4,skipped,0
C0917-W05,C0917,5,skipped,0
C0917-W06,C0917,6,late,4
C0917-W07,C0917,7,completed,2
C0917-W08,C0917,8,skipped,0
C0917-W09,C0917,9,completed,3
C0917-W10,C0917,10,completed,4
C0917-W11,C0917,11,skipped,0
C0917-W12,C0917,12,completed,4
C0918-W01,C0918,1,completed,3
C0918-W02,C0918,2,completed,2
C0918-W03,C0918,3,completed,2
C0918-W04,C0918,4,completed,4
C0918-W05,C0918,5,skipped,0
C0918-W06,C0918,6,completed,3
C0918-W07,C0918,7,completed,4
C0918-W08,C0918,8,completed,4
C0918-W09,C0918,9,skipped,0
C0918-W10,C0918,10,completed,3
C0918-W11,C0918,11,skipped,0
C0918-W12,C0918,12,completed,2
C0919-W01,C0919,1,completed,3
C0919-W02,C0919,2,completed,3
C0919-W03,C0919,3,skipped,0
C0919-W04,C0919,4,late,2
C0919-W05,C0919,5,completed,3
C0919-W06,C0919,6,completed,4
C0919-W07,C0919,7,completed,4
C0919-W08,C0919,8,completed,4
C0919-W09,C0919,9,completed,4
C0919-W10,C0919,10,completed,2
C0919-W11,C0919,11,skipped,0
C0919-W12,C0919,12,completed,3
C0920-W01,C0920,1,completed,2
C0920-W02,C0920,2,completed,4
C0920-W03,C0920,3,completed,4
C0920-W04,C0920,4,completed,4
C0920-W05,C0920,5,skipped,0
C0920-W06,C0920,6,late,4
C0920-W07,C0920,7,completed,3
C0920-W08,C0920,8,completed,3
C0920-W09,C0920,9,completed,4
C0920-W10,C0920,10,completed,3
C0920-W11,C0920,11,completed,2
C0920-W12,C0920,12,completed,3
C0921-W01,C0921,1,completed,3
C0921-W02,C0921,2,completed,2
C0921-W03,C0921,3,completed,3
C0921-W04,C0921,4,completed,3
C0921-W05,C0921,5,completed,3
C0921-W06,C0921,6,completed,3
C0921-W07,C0921,7,completed,2
C0921-W08,C0921,8,completed,2
C0921-W09,C0921,9,skipped,0
C0921-W10,C0921,10,completed,2
C0921-W11,C0921,11,late,3
C0921-W12,C0921,12,completed,3
C0922-W01,C0922,1,completed,3
C0922-W02,C0922,2,completed,2
C0922-W03,C0922,3,skipped,0
C0922-W04,C0922,4,completed,4
C0922-W05,C0922,5,completed,4
C0922-W06,C0922,6,completed,3
C0922-W07,C0922,7,completed,2
C0922-W08,C0922,8,completed,2
C0922-W09,C0922,9,completed,3
C0922-W10,C0922,10,completed,3
C0922-W11,C0922,11,completed,2
C0922-W12,C0922,12,completed,2
C0923-W01,C0923,1,late,2
C0923-W02,C0923,2,completed,2
C0923-W03,C0923,3,completed,4
C0923-W04,C0923,4,completed,3
C0923-W05,C0923,5,completed,2
C0923-W06,C0923,6,skipped,0
C0923-W07,C0923,7,completed,4
C0923-W08,C0923,8,completed,4
C0923-W09,C0923,9,completed,3
C0923-W10,C0923,10,completed,4
C0923-W11,C0923,11,completed,3
C0923-W12,C0923,12,completed,2
C0924-W01,C0924,1,completed,3
C0924-W02,C0924,2,completed,2
C0924-W03,C0924,3,skipped,0
C0924-W04,C0924,4,completed,4
C0924-W05,C0924,5,completed,4
C0924-W06,C0924,6,skipped,0
C0924-W07,C0924,7,completed,3
C0924-W08,C0924,8,late,4
C0924-W09,C0924,9,skipped,0
C0924-W10,C0924,10,skipped,0
C0924-W11,C0924,11,completed,3
C0924-W12,C0924,12,completed,4
C0925-W01,C0925,1,completed,4
C0925-W02,C0925,2,completed,3
C0925-W03,C0925,3,completed,4
C0925-W04,C0925,4,completed,2
C0925-W05,C0925,5,completed,3
C0925-W06,C0925,6,completed,4
C0925-W07,C0925,7,completed,3
C0925-W08,C0925,8,completed,2
C0925-W09,C0925,9,completed,3
C0925-W10,C0925,10,completed,2
C0925-W11,C0925,11,completed,2
C0925-W12,C0925,12,completed,2
C0926-W01,C0926,1,completed,4
C0926-W02,C0926,2,completed,4
C0926-W03,C0926,3,completed,3
C0926-W04,C0926,4,skipped,0
C0926-W05,C0926,5,completed,3
C0926-W06,C0926,6,skipped,0
C0926-W07,C0926,7,skipped,0
C0926-W08,C0926,8,completed,4
C0926-W09,C0926,9,completed,3
C0926-W10,C0926,10,late,3
C0926-W11,C0926,11,completed,3
C0926-W12,C0926,12,completed,3
C0927-W01,C0927,1,completed,4
C0927-W02,C0927,2,completed,3
C0927-W03,C0927,3,completed,4
C0927-W04,C0927,4,completed,3
C0927-W05,C0927,5,late,2
C0927-W06,C0927,6,completed,4
C0927-W07,C0927,7,skipped,0
C0927-W08,C0927,8,completed,3
C0927-W09,C0927,9,completed,2
C0927-W10,C0927,10,completed,2
C0927-W11,C0927,11,completed,2
C0927-W12,C0927,12,skipped,0
C0928-W01,C0928,1,completed,4
C0928-W02,C0928,2,completed,4
C0928-W03,C0928,3,skipped,0
C0928-W04,C0928,4,completed,4
C0928-W05,C0928,5,completed,4
C0928-W06,C0928,6,completed,2
C0928-W07,C0928,7,completed,3
C0928-W08,C0928,8,completed,4
C0928-W09,C0928,9,completed,3
C0928-W10,C0928,10,completed,2
C0928-W11,C0928,11,completed,2
C0928-W12,C0928,12,completed,2
C0929-W01,C0929,1,completed,2
C0929-W02,C0929,2,completed,2
C0929-W03,C0929,3,skipped,0
C0929-W04,C0929,4,completed,4
C0929-W05,C0929,5,completed,3
C0929-W06,C0929,6,completed,3
C0929-W07,C0929,7,completed,3
C0929-W08,C0929,8,completed,3
C0929-W09,C0929,9,completed,4
C0929-W10,C0929,10,skipped,0
C0929-W11,C0929,11,completed,3
C0929-W12,C0929,12,completed,2
C0930-W01,C0930,1,completed,4
C0930-W02,C0930,2,completed,3
C0930-W03,C0930,3,completed,2
C0930-W04,C0930,4,skipped,0
C0930-W05,C0930,5,completed,2
C0930-W06,C0930,6,completed,4
C0930-W07,C0930,7,skipped,0
C0930-W08,C0930,8,late,4
C0930-W09,C0930,9,completed,4
C0930-W10,C0930,10,completed,3
C0930-W11,C0930,11,completed,4
C0930-W12,C0930,12,completed,4
C0931-W01,C0931,1,completed,2
C0931-W02,C0931,2,completed,3
C0931-W03,C0931,3,skipped,0
C0931-W04,C0931,4,late,2
C0931-W05,C0931,5,completed,3
C0931-W06,C0931,6,completed,4
C0931-W07,C0931,7,completed,4
C0931-W08,C0931,8,completed,3
C0931-W09,C0931,9,completed,4
C0931-W10,C0931,10,completed,3
C0931-W11,C0931,11,completed,2
C0931-W12,C0931,12,completed,3
C0932-W01,C0932,1,completed,2
C0932-W02,C0932,2,completed,4
C0932-W03,C0932,3,completed,2
C0932-W04,C0932,4,completed,2
C0932-W05,C0932,5,skipped,0
C0932-W06,C0932,6,completed,3
C0932-W07,C0932,7,completed,4
C0932-W08,C0932,8,completed,4
C0932-W09,C0932,9,late,3
C0932-W10,C0932,10,late,3
C0932-W11,C0932,11,completed,3
C0932-W12,C0932,12,skipped,0
C0933-W01,C0933,1,completed,2
C0933-W02,C0933,2,completed,4
C0933-W03,C0933,3,completed,2
C0933-W04,C0933,4,completed,3
C0933-W05,C0933,5,completed,2
C0933-W06,C0933,6,completed,4
C0933-W07,C0933,7,completed,4
C0933-W08,C0933,8,skipped,0
C0933-W09,C0933,9,completed,4
C0933-W10,C0933,10,completed,3
C0933-W11,C0933,11,completed,3
C0933-W12,C0933,12,completed,4
C0934-W01,C0934,1,completed,4
C0934-W02,C0934,2,completed,2
C0934-W03,C0934,3,completed,2
C0934-W04,C0934,4,completed,2
C0934-W05,C0934,5,completed,2
C0934-W06,C0934,6,completed,2
C0934-W07,C0934,7,completed,4
C0934-W08,C0934,8,completed,3
C0934-W09,C0934,9,skipped,0
C0934-W10,C0934,10,skipped,0
C0934-W11,C0934,11,completed,4
C0934-W12,C0934,12,completed,3
C0935-W01,C0935,1,completed,3
C0935-W02,C0935,2,completed,3
C0935-W03,C0935,3,skipped,0
C0935-W04,C0935,4,completed,3
C0935-W05,C0935,5,completed,3
C0935-W06,C0935,6,completed,3
C0935-W07,C0935,7,completed,4
C0935-W08,C0935,8,late,2
C0935-W09,C0935,9,completed,4
C0935-W10,C0935,10,completed,4
C0935-W11,C0935,11,completed,3
C0935-W12,C0935,12,completed,3
C0936-W01,C0936,1,completed,2
C0936-W02,C0936,2,completed,3
C0936-W03,C0936,3,completed,2
C0936-W04,C0936,4,completed,3
C0936-W05,C0936,5,completed,3
C0936-W06,C0936,6,completed,3
C0936-W07,C0936,7,skipped,0
C0936-W08,C0936,8,completed,2
C0936-W09,C0936,9,skipped,0
C0936-W10,C0936,10,completed,2
C0936-W11,C0936,11,completed,4
C0936-W12,C0936,12,completed,2
C0937-W01,C0937,1,completed,2
C0937-W02,C0937,2,completed,4
C0937-W03,C0937,3,skipped,0
C0937-W04,C0937,4,completed,3
C0937-W05,C0937,5,completed,2
C0937-W06,C0937,6,completed,3
C0937-W07,C0937,7,completed,3
C0937-W08,C0937,8,completed,4
C0937-W09,C0937,9,completed,3
C0937-W10,C0937,10,completed,2
C0937-W11,C0937,11,skipped,0
C0937-W12,C0937,12,completed,3
C0938-W01,C0938,1,late,2
C0938-W02,C0938,2,skipped,0
C0938-W03,C0938,3,completed,4
C0938-W04,C0938,4,late,3
C0938-W05,C0938,5,completed,4
C0938-W06,C0938,6,completed,2
C0938-W07,C0938,7,completed,2
C0938-W08,C0938,8,completed,3
C0938-W09,C0938,9,completed,3
C0938-W10,C0938,10,completed,4
C0938-W11,C0938,11,completed,3
C0938-W12,C0938,12,completed,3
C0939-W01,C0939,1,skipped,0
C0939-W02,C0939,2,completed,2
C0939-W03,C0939,3,completed,3
C0939-W04,C0939,4,late,2
C0939-W05,C0939,5,late,4
C0939-W06,C0939,6,completed,3
C0939-W07,C0939,7,completed,2
C0939-W08,C0939,8,completed,3
C0939-W09,C0939,9,completed,3
C0939-W10,C0939,10,late,4
C0939-W11,C0939,11,completed,3
C0939-W12,C0939,12,completed,3
C0940-W01,C0940,1,completed,2
C0940-W02,C0940,2,completed,4
C0940-W03,C0940,3,completed,4
C0940-W04,C0940,4,completed,4
C0940-W05,C0940,5,completed,2
C0940-W06,C0940,6,completed,2
C0940-W07,C0940,7,completed,4
C0940-W08,C0940,8,completed,2
C0940-W09,C0940,9,completed,2
C0940-W10,C0940,10,completed,3
C0940-W11,C0940,11,completed,4
C0940-W12,C0940,12,completed,2
C0941-W01,C0941,1,completed,3
C0941-W02,C0941,2,skipped,0
C0941-W03,C0941,3,completed,4
C0941-W04,C0941,4,completed,3
C0941-W05,C0941,5,skipped,0
C0941-W06,C0941,6,completed,4
C0941-W07,C0941,7,completed,2
C0941-W08,C0941,8,completed,3
C0941-W09,C0941,9,late,4
C0941-W10,C0941,10,completed,3
C0941-W11,C0941,11,completed,3
C0941-W12,C0941,12,completed,4
C0942-W01,C0942,1,completed,2
C0942-W02,C0942,2,late,4
C0942-W03,C0942,3,completed,2
C0942-W04,C0942,4,completed,3
C0942-W05,C0942,5,completed,2
C0942-W06,C0942,6,completed,4
C0942-W07,C0942,7,completed,2
C0942-W08,C0942,8,completed,4
C0942-W09,C0942,9,completed,3
C0942-W10,C0942,10,completed,4
C0942-W11,C0942,11,late,4
C0942-W12,C0942,12,completed,2
C0943-W01,C0943,1,skipped,0
C0943-W02,C0943,2,late,4
C0943-W03,C0943,3,late,4
C0943-W04,C0943,4,completed,2
C0943-W05,C0943,5,late,2
C0943-W06,C0943,6,skipped,0
C0943-W07,C0943,7,completed,2
C0943-W08,C0943,8,completed,3
C0943-W09,C0943,9,skipped,0
C0943-W10,C0943,10,completed,3
C0943-W11,C0943,11,skipped,0
C0943-W12,C0943,12,skipped,0
C0944-W01,C0944,1,completed,3
C0944-W02,C0944,2,completed,2
C0944-W03,C0944,3,skipped,0
C0944-W04,C0944,4,late,3
C0944-W05,C0944,5,skipped,0
C0944-W06,C0944,6,completed,4
C0944-W07,C0944,7,skipped,0
C0944-W08,C0944,8,completed,4
C0944-W09,C0944,9,completed,4
C0944-W10,C0944,10,completed,2
C0944-W11,C0944,11,late,3
C0944-W12,C0944,12,skipped,0
C0945-W01,C0945,1,skipped,0
C0945-W02,C0945,2,completed,2
C0945-W03,C0945,3,completed,2
C0945-W04,C0945,4,skipped,0
C0945-W05,C0945,5,completed,3
C0945-W06,C0945,6,completed,4
C0945-W07,C0945,7,completed,3
C0945-W08,C0945,8,completed,2
C0945-W09,C0945,9,completed,2
C0945-W10,C0945,10,completed,2
C0945-W11,C0945,11,completed,2
C0945-W12,C0945,12,completed,2
C0946-W01,C0946,1,completed,2
C0946-W02,C0946,2,completed,4
C0946-W03,C0946,3,completed,4
C0946-W04,C0946,4,skipped,0
C0946-W05,C0946,5,completed,4
C0946-W06,C0946,6,completed,3
C0946-W07,C0946,7,completed,4
C0946-W08,C0946,8,completed,2
C0946-W09,C0946,9,skipped,0
C0946-W10,C0946,10,completed,3
C0946-W11,C0946,11,completed,3
C0946-W12,C0946,12,completed,3
C0947-W01,C0947,1,completed,4
C0947-W02,C0947,2,completed,4
C0947-W03,C0947,3,completed,3
C0947-W04,C0947,4,completed,2
C0947-W05,C0947,5,completed,3
C0947-W06,C0947,6,completed,2
C0947-W07,C0947,7,completed,4
C0947-W08,C0947,8,completed,4
C0947-W09,C0947,9,completed,3
C0947-W10,C0947,10,completed,2
C0947-W11,C0947,11,completed,4
C0947-W12,C0947,12,skipped,0
C0948-W01,C0948,1,completed,4
C0948-W02,C0948,2,completed,2
C0948-W03,C0948,3,completed,3
C0948-W04,C0948,4,completed,2
C0948-W05,C0948,5,completed,2
C0948-W06,C0948,6,completed,3
C0948-W07,C0948,7,completed,3
C0948-W08,C0948,8,skipped,0
C0948-W09,C0948,9,completed,4
C0948-W10,C0948,10,completed,2
C0948-W11,C0948,11,completed,4
C0948-W12,C0948,12,completed,4
C0949-W01,C0949,1,completed,3
C0949-W02,C0949,2,skipped,0
C0949-W03,C0949,3,completed,4
C0949-W04,C0949,4,completed,4
C0949-W05,C0949,5,completed,4
C0949-W06,C0949,6,completed,3
C0949-W07,C0949,7,late,3
C0949-W08,C0949,8,completed,4
C0949-W09,C0949,9,completed,4
C0949-W10,C0949,10,completed,4
C0949-W11,C0949,11,completed,2
C0949-W12,C0949,12,skipped,0
C0950-W01,C0950,1,completed,3
C0950-W02,C0950,2,completed,3
C0950-W03,C0950,3,completed,4
C0950-W04,C0950,4,completed,2
C0950-W05,C0950,5,completed,3
C0950-W06,C0950,6,completed,2
C0950-W07,C0950,7,completed,3
C0950-W08,C0950,8,completed,3
C0950-W09,C0950,9,completed,2
C0950-W10,C0950,10,late,4
C0950-W11,C0950,11,late,4
C0950-W12,C0950,12,completed,2
C0951-W01,C0951,1,skipped,0
C0951-W02,C0951,2,completed,2
C0951-W03,C0951,3,completed,4
C0951-W04,C0951,4,completed,2
C0951-W05,C0951,5,completed,3
C0951-W06,C0951,6,completed,3
C0951-W07,C0951,7,skipped,0
C0951-W08,C0951,8,completed,4
C0951-W09,C0951,9,completed,3
C0951-W10,C0951,10,completed,2
C0951-W11,C0951,11,completed,4
C0951-W12,C0951,12,completed,3
C0952-W01,C0952,1,completed,2
C0952-W02,C0952,2,completed,3
C0952-W03,C0952,3,completed,2
C0952-W04,C0952,4,completed,3
C0952-W05,C0952,5,completed,2
C0952-W06,C0952,6,completed,2
C0952-W07,C0952,7,skipped,0
C0952-W08,C0952,8,completed,2
C0952-W09,C0952,9,completed,3
C0952-W10,C0952,10,completed,4
C0952-W11,C0952,11,completed,4
C0952-W12,C0952,12,completed,3
C0953-W01,C0953,1,completed,3
C0953-W02,C0953,2,completed,2
C0953-W03,C0953,3,skipped,0
C0953-W04,C0953,4,completed,2
C0953-W05,C0953,5,completed,3
C0953-W06,C0953,6,completed,3
C0953-W07,C0953,7,completed,4
C0953-W08,C0953,8,completed,2
C0953-W09,C0953,9,completed,2
C0953-W10,C0953,10,completed,2
C0953-W11,C0953,11,skipped,0
C0953-W12,C0953,12,completed,3
C0954-W01,C0954,1,completed,4
C0954-W02,C0954,2,completed,4
C0954-W03,C0954,3,skipped,0
C0954-W04,C0954,4,completed,4
C0954-W05,C0954,5,completed,3
C0954-W06,C0954,6,completed,2
C0954-W07,C0954,7,completed,3
C0954-W08,C0954,8,late,2
C0954-W09,C0954,9,completed,4
C0954-W10,C0954,10,skipped,0
C0954-W11,C0954,11,completed,2
C0954-W12,C0954,12,completed,2
C0955-W01,C0955,1,completed,4
C0955-W02,C0955,2,completed,3
C0955-W03,C0955,3,completed,3
C0955-W04,C0955,4,late,3
C0955-W05,C0955,5,completed,3
C0955-W06,C0955,6,completed,2
C0955-W07,C0955,7,completed,4
C0955-W08,C0955,8,completed,2
C0955-W09,C0955,9,skipped,0
C0955-W10,C0955,10,completed,3
C0955-W11,C0955,11,completed,2
C0955-W12,C0955,12,completed,3
C0956-W01,C0956,1,skipped,0
C0956-W02,C0956,2,completed,4
C0956-W03,C0956,3,skipped,0
C0956-W04,C0956,4,completed,3
C0956-W05,C0956,5,completed,4
C0956-W06,C0956,6,completed,3
C0956-W07,C0956,7,completed,3
C0956-W08,C0956,8,completed,3
C0956-W09,C0956,9,completed,3
C0956-W10,C0956,10,completed,4
C0956-W11,C0956,11,skipped,0
C0956-W12,C0956,12,completed,2
C0957-W01,C0957,1,skipped,0
C0957-W02,C0957,2,completed,2
C0957-W03,C0957,3,skipped,0
C0957-W04,C0957,4,completed,2
C0957-W05,C0957,5,completed,2
C0957-W06,C0957,6,completed,4
C0957-W07,C0957,7,completed,4
C0957-W08,C0957,8,completed,4
C0957-W09,C0957,9,completed,3
C0957-W10,C0957,10,completed,4
C0957-W11,C0957,11,completed,2
C0957-W12,C0957,12,completed,4
C0958-W01,C0958,1,completed,2
C0958-W02,C0958,2,skipped,0
C0958-W03,C0958,3,completed,2
C0958-W04,C0958,4,completed,2
C0958-W05,C0958,5,completed,4
C0958-W06,C0958,6,completed,3
C0958-W07,C0958,7,completed,4
C0958-W08,C0958,8,completed,3
C0958-W09,C0958,9,completed,4
C0958-W10,C0958,10,completed,3
C0958-W11,C0958,11,completed,4
C0958-W12,C0958,12,completed,2
C0959-W01,C0959,1,skipped,0
C0959-W02,C0959,2,completed,2
C0959-W03,C0959,3,completed,3
C0959-W04,C0959,4,completed,4
C0959-W05,C0959,5,late,3
C0959-W06,C0959,6,completed,4
C0959-W07,C0959,7,completed,4
C0959-W08,C0959,8,completed,3
C0959-W09,C0959,9,completed,3
C0959-W10,C0959,10,completed,2
C0959-W11,C0959,11,completed,2
C0959-W12,C0959,12,completed,2
C0960-W01,C0960,1,completed,2
C0960-W02,C0960,2,skipped,0
C0960-W03,C0960,3,completed,3
C0960-W04,C0960,4,late,4
C0960-W05,C0960,5,completed,2
C0960-W06,C0960,6,completed,2
C0960-W07,C0960,7,completed,2
C0960-W08,C0960,8,completed,2
C0960-W09,C0960,9,completed,4
C0960-W10,C0960,10,completed,3
C0960-W11,C0960,11,late,4
C0960-W12,C0960,12,completed,2
C0961-W01,C0961,1,completed,3
C0961-W02,C0961,2,completed,3
C0961-W03,C0961,3,completed,2
C0961-W04,C0961,4,completed,3
C0961-W05,C0961,5,completed,4
C0961-W06,C0961,6,skipped,0
C0961-W07,C0961,7,completed,3
C0961-W08,C0961,8,late,3
C0961-W09,C0961,9,completed,4
C0961-W10,C0961,10,completed,2
C0961-W11,C0961,11,completed,2
C0961-W12,C0961,12,completed,3
C0962-W01,C0962,1,completed,4
C0962-W02,C0962,2,completed,3
C0962-W03,C0962,3,completed,2
C0962-W04,C0962,4,completed,3
C0962-W05,C0962,5,completed,4
C0962-W06,C0962,6,completed,4
C0962-W07,C0962,7,skipped,0
C0962-W08,C0962,8,completed,4
C0962-W09,C0962,9,completed,2
C0962-W10,C0962,10,skipped,0
C0962-W11,C0962,11,completed,2
C0962-W12,C0962,12,completed,2
C0963-W01,C0963,1,late,4
C0963-W02,C0963,2,completed,3
C0963-W03,C0963,3,completed,4
C0963-W04,C0963,4,skipped,0
C0963-W05,C0963,5,completed,2
C0963-W06,C0963,6,completed,2
C0963-W07,C0963,7,late,2
C0963-W08,C0963,8,completed,3
C0963-W09,C0963,9,completed,2
C0963-W10,C0963,10,completed,3
C0963-W11,C0963,11,completed,3
C0963-W12,C0963,12,completed,4
C0964-W01,C0964,1,completed,4
C0964-W02,C0964,2,completed,2
C0964-W03,C0964,3,skipped,0
C0964-W04,C0964,4,completed,3
C0964-W05,C0964,5,completed,2
C0964-W06,C0964,6,completed,3
C0964-W07,C0964,7,completed,2
C0964-W08,C0964,8,completed,2
C0964-W09,C0964,9,completed,2
C0964-W10,C0964,10,completed,3
C0964-W11,C0964,11,skipped,0
C0964-W12,C0964,12,completed,4
C0965-W01,C0965,1,completed,3
C0965-W02,C0965,2,completed,2
C0965-W03,C0965,3,skipped,0
C0965-W04,C0965,4,completed,2
C0965-W05,C0965,5,completed,3
C0965-W06,C0965,6,skipped,0
C0965-W07,C0965,7,completed,4
C0965-W08,C0965,8,completed,2
C0965-W09,C0965,9,skipped,0
C0965-W10,C0965,10,skipped,0
C0965-W11,C0965,11,late,4
C0965-W12,C0965,12,completed,3
C0966-W01,C0966,1,completed,3
C0966-W02,C0966,2,completed,3
C0966-W03,C0966,3,completed,4
C0966-W04,C0966,4,completed,3
C0966-W05,C0966,5,completed,3
C0966-W06,C0966,6,skipped,0
C0966-W07,C0966,7,completed,3
C0966-W08,C0966,8,skipped,0
C0966-W09,C0966,9,completed,4
C0966-W10,C0966,10,late,2
C0966-W11,C0966,11,skipped,0
C0966-W12,C0966,12,late,3
C0967-W01,C0967,1,late,3
C0967-W02,C0967,2,completed,4
C0967-W03,C0967,3,completed,3
C0967-W04,C0967,4,completed,2
C0967-W05,C0967,5,completed,4
C0967-W06,C0967,6,completed,2
C0967-W07,C0967,7,completed,4
C0967-W08,C0967,8,completed,4
C0967-W09,C0967,9,skipped,0
C0967-W10,C0967,10,skipped,0
C0967-W11,C0967,11,completed,2
C0967-W12,C0967,12,completed,3
C0968-W01,C0968,1,completed,4
C0968-W02,C0968,2,completed,3
C0968-W03,C0968,3,completed,2
C0968-W04,C0968,4,skipped,0
C0968-W05,C0968,5,completed,3
C0968-W06,C0968,6,completed,3
C0968-W07,C0968,7,completed,3
C0968-W08,C0968,8,late,3
C0968-W09,C0968,9,completed,4
C0968-W10,C0968,10,late,2
C0968-W11,C0968,11,completed,2
C0968-W12,C0968,12,completed,3
C0969-W01,C0969,1,late,2
C0969-W02,C0969,2,completed,2
C0969-W03,C0969,3,completed,2
C0969-W04,C0969,4,completed,2
C0969-W05,C0969,5,late,2
C0969-W06,C0969,6,completed,2
C0969-W07,C0969,7,completed,4
C0969-W08,C0969,8,skipped,0
C0969-W09,C0969,9,completed,2
C0969-W10,C0969,10,completed,4
C0969-W11,C0969,11,completed,4
C0969-W12,C0969,12,completed,3
C0970-W01,C0970,1,completed,3
C0970-W02,C0970,2,completed,2
C0970-W03,C0970,3,completed,3
C0970-W04,C0970,4,completed,4
C0970-W05,C0970,5,completed,3
C0970-W06,C0970,6,completed,2
C0970-W07,C0970,7,completed,3
C0970-W08,C0970,8,late,4
C0970-W09,C0970,9,late,4
C0970-W10,C0970,10,completed,3
C0970-W11,C0970,11,completed,4
C0970-W12,C0970,12,completed,4
C0971-W01,C0971,1,late,4
C0971-W02,C0971,2,completed,4
C0971-W03,C0971,3,completed,4
C0971-W04,C0971,4,completed,4
C0971-W05,C0971,5,completed,4
C0971-W06,C0971,6,late,4
C0971-W07,C0971,7,completed,2
C0971-W08,C0971,8,completed,4
C0971-W09,C0971,9,completed,2
C0971-W10,C0971,10,completed,3
C0971-W11,C0971,11,completed,4
C0971-W12,C0971,12,completed,2
C0972-W01,C0972,1,skipped,0
C0972-W02,C0972,2,completed,3
C0972-W03,C0972,3,skipped,0
C0972-W04,C0972,4,completed,4
C0972-W05,C0972,5,completed,2
C0972-W06,C0972,6,completed,3
C0972-W07,C0972,7,completed,2
C0972-W08,C0972,8,late,3
C0972-W09,C0972,9,completed,3
C0972-W10,C0972,10,skipped,0
C0972-W11,C0972,11,completed,3
C0972-W12,C0972,12,completed,3
C0973-W01,C0973,1,completed,2
C0973-W02,C0973,2,completed,4
C0973-W03,C0973,3,completed,4
C0973-W04,C0973,4,late,2
C0973-W05,C0973,5,skipped,0
C0973-W06,C0973,6,completed,4
C0973-W07,C0973,7,skipped,0
C0973-W08,C0973,8,skipped,0
C0973-W09,C0973,9,skipped,0
C0973-W10,C0973,10,completed,3
C0973-W11,C0973,11,completed,3
C0973-W12,C0973,12,completed,4
C0974-W01,C0974,1,completed,3
C0974-W02,C0974,2,completed,3
C0974-W03,C0974,3,completed,3
C0974-W04,C0974,4,completed,2
C0974-W05,C0974,5,completed,2
C0974-W06,C0974,6,completed,3
C0974-W07,C0974,7,completed,2
C0974-W08,C0974,8,skipped,0
C0974-W09,C0974,9,skipped,0
C0974-W10,C0974,10,completed,4
C0974-W11,C0974,11,completed,3
C0974-W12,C0974,12,completed,3
C0975-W01,C0975,1,completed,3
C0975-W02,C0975,2,completed,2
C0975-W03,C0975,3,completed,3
C0975-W04,C0975,4,late,3
C0975-W05,C0975,5,skipped,0
C0975-W06,C0975,6,skipped,0
C0975-W07,C0975,7,completed,4
C0975-W08,C0975,8,completed,4
C0975-W09,C0975,9,completed,3
C0975-W10,C0975,10,completed,4
C0975-W11,C0975,11,completed,2
C0975-W12,C0975,12,completed,3
C0976-W01,C0976,1,completed,2
C0976-W02,C0976,2,completed,2
C0976-W03,C0976,3,completed,3
C0976-W04,C0976,4,completed,4
C0976-W05,C0976,5,completed,3
C0976-W06,C0976,6,completed,2
C0976-W07,C0976,7,completed,2
C0976-W08,C0976,8,completed,3
C0976-W09,C0976,9,completed,2
C0976-W10,C0976,10,completed,4
C0976-W11,C0976,11,completed,3
C0976-W12,C0976,12,completed,4
C0977-W01,C0977,1,skipped,0
C0977-W02,C0977,2,completed,3
C0977-W03,C0977,3,skipped,0
C0977-W04,C0977,4,completed,2
C0977-W05,C0977,5,skipped,0
C0977-W06,C0977,6,completed,4
C0977-W07,C0977,7,completed,2
C0977-W08,C0977,8,completed,4
C0977-W09,C0977,9,completed,2
C0977-W10,C0977,10,skipped,0
C0977-W11,C0977,11,skipped,0
C0977-W12,C0977,12,completed,2
C0978-W01,C0978,1,completed,4
C0978-W02,C0978,2,completed,3
C0978-W03,C0978,3,completed,2
C0978-W04,C0978,4,completed,4
C0978-W05,C0978,5,completed,2
C0978-W06,C0978,6,skipped,0
C0978-W07,C0978,7,completed,4
C0978-W08,C0978,8,completed,2
C0978-W09,C0978,9,completed,3
C0978-W10,C0978,10,skipped,0
C0978-W11,C0978,11,completed,2
C0978-W12,C0978,12,skipped,0
C0979-W01,C0979,1,completed,4
C0979-W02,C0979,2,completed,4
C0979-W03,C0979,3,completed,2
C0979-W04,C0979,4,completed,4
C0979-W05,C0979,5,completed,2
C0979-W06,C0979,6,completed,4
C0979-W07,C0979,7,completed,4
C0979-W08,C0979,8,completed,2
C0979-W09,C0979,9,completed,4
C0979-W10,C0979,10,completed,2
C0979-W11,C0979,11,completed,2
C0979-W12,C0979,12,completed,4
C0980-W01,C0980,1,completed,3
C0980-W02,C0980,2,completed,2
C0980-W03,C0980,3,completed,4
C0980-W04,C0980,4,completed,2
C0980-W05,C0980,5,completed,3
C0980-W06,C0980,6,completed,3
C0980-W07,C0980,7,completed,2
C0980-W08,C0980,8,completed,2
C0980-W09,C0980,9,completed,4
C0980-W10,C0980,10,completed,2
C0980-W11,C0980,11,completed,3
C0980-W12,C0980,12,completed,3
C0981-W01,C0981,1,completed,3
C0981-W02,C0981,2,skipped,0
C0981-W03,C0981,3,skipped,0
C0981-W04,C0981,4,completed,2
C0981-W05,C0981,5,completed,2
C0981-W06,C0981,6,skipped,0
C0981-W07,C0981,7,completed,2
C0981-W08,C0981,8,completed,2
C0981-W09,C0981,9,completed,3
C0981-W10,C0981,10,completed,3
C0981-W11,C0981,11,completed,4
C0981-W12,C0981,12,completed,3
C0982-W01,C0982,1,late,2
C0982-W02,C0982,2,completed,2
C0982-W03,C0982,3,completed,3
C0982-W04,C0982,4,completed,2
C0982-W05,C0982,5,completed,2
C0982-W06,C0982,6,completed,2
C0982-W07,C0982,7,completed,2
C0982-W08,C0982,8,completed,4
C0982-W09,C0982,9,completed,4
C0982-W10,C0982,10,late,3
C0982-W11,C0982,11,completed,2
C0982-W12,C0982,12,completed,2
C0983-W01,C0983,1,completed,3
C0983-W02,C0983,2,completed,2
C0983-W03,C0983,3,completed,2
C0983-W04,C0983,4,skipped,0
C0983-W05,C0983,5,completed,4
C0983-W06,C0983,6,completed,3
C0983-W07,C0983,7,completed,4
C0983-W08,C0983,8,late,2
C0983-W09,C0983,9,completed,3
C0983-W10,C0983,10,completed,2
C0983-W11,C0983,11,completed,4
C0983-W12,C0983,12,completed,3
C0984-W01,C0984,1,completed,4
C0984-W02,C0984,2,skipped,0
C0984-W03,C0984,3,completed,3
C0984-W04,C0984,4,completed,2
C0984-W05,C0984,5,completed,3
C0984-W06,C0984,6,completed,3
C0984-W07,C0984,7,completed,4
C0984-W08,C0984,8,completed,2
C0984-W09,C0984,9,completed,4
C0984-W10,C0984,10,completed,4
C0984-W11,C0984,11,completed,3
C0984-W12,C0984,12,completed,4
C0985-W01,C0985,1,completed,3
C0985-W02,C0985,2,completed,4
C0985-W03,C0985,3,completed,2
C0985-W04,C0985,4,completed,2
C0985-W05,C0985,5,completed,3
C0985-W06,C0985,6,completed,3
C0985-W07,C0985,7,completed,3
C0985-W08,C0985,8,skipped,0
C0985-W09,C0985,9,skipped,0
C0985-W10,C0985,10,skipped,0
C0985-W11,C0985,11,completed,2
C0985-W12,C0985,12,late,2
C0986-W01,C0986,1,completed,3
C0986-W02,C0986,2,skipped,0
C0986-W03,C0986,3,late,3
C0986-W04,C0986,4,completed,4
C0986-W05,C0986,5,completed,4
C0986-W06,C0986,6,completed,2
C0986-W07,C0986,7,skipped,0
C0986-W08,C0986,8,completed,3
C0986-W09,C0986,9,completed,3
C0986-W10,C0986,10,late,3
C0986-W11,C0986,11,completed,3
C0986-W12,C0986,12,completed,2
C0987-W01,C0987,1,completed,3
C0987-W02,C0987,2,completed,4
C0987-W03,C0987,3,completed,4
C0987-W04,C0987,4,completed,2
C0987-W05,C0987,5,completed,2
C0987-W06,C0987,6,late,2
C0987-W07,C0987,7,completed,3
C0987-W08,C0987,8,completed,4
C0987-W09,C0987,9,completed,2
C0987-W10,C0987,10,completed,2
C0987-W11,C0987,11,skipped,0
C0987-W12,C0987,12,completed,4
C0988-W01,C0988,1,completed,3
C0988-W02,C0988,2,completed,2
C0988-W03,C0988,3,completed,2
C0988-W04,C0988,4,late,2
C0988-W05,C0988,5,completed,2
C0988-W06,C0988,6,completed,3
C0988-W07,C0988,7,completed,2
C0988-W08,C0988,8,skipped,0
C0988-W09,C0988,9,completed,3
C0988-W10,C0988,10,completed,2
C0988-W11,C0988,11,completed,4
C0988-W12,C0988,12,skipped,0
C0989-W01,C0989,1,late,2
C0989-W02,C0989,2,completed,2
C0989-W03,C0989,3,skipped,0
C0989-W04,C0989,4,completed,4
C0989-W05,C0989,5,completed,3
C0989-W06,C0989,6,skipped,0
C0989-W07,C0989,7,completed,4
C0989-W08,C0989,8,skipped,0
C0989-W09,C0989,9,completed,4
C0989-W10,C0989,10,completed,2
C0989-W11,C0989,11,completed,2
C0989-W12,C0989,12,completed,3
C0990-W01,C0990,1,completed,3
C0990-W02,C0990,2,completed,4
C0990-W03,C0990,3,completed,3
C0990-W04,C0990,4,completed,2
C0990-W05,C0990,5,completed,2
C0990-W06,C0990,6,completed,3
C0990-W07,C0990,7,completed,3
C0990-W08,C0990,8,completed,4
C0990-W09,C0990,9,completed,2
C0990-W10,C0990,10,completed,3
C0990-W11,C0990,11,completed,2
C0990-W12,C0990,12,completed,2
C0991-W01,C0991,1,completed,4
C0991-W02,C0991,2,completed,3
C0991-W03,C0991,3,skipped,0
C0991-W04,C0991,4,completed,4
C0991-W05,C0991,5,completed,3
C0991-W06,C0991,6,skipped,0
C0991-W07,C0991,7,completed,3
C0991-W08,C0991,8,completed,4
C0991-W09,C0991,9,completed,3
C0991-W10,C0991,10,skipped,0
C0991-W11,C0991,11,late,4
C0991-W12,C0991,12,completed,2
C0992-W01,C0992,1,late,4
C0992-W02,C0992,2,completed,3
C0992-W03,C0992,3,completed,3
C0992-W04,C0992,4,completed,2
C0992-W05,C0992,5,completed,3
C0992-W06,C0992,6,completed,4
C0992-W07,C0992,7,completed,4
C0992-W08,C0992,8,completed,4
C0992-W09,C0992,9,completed,3
C0992-W10,C0992,10,completed,3
C0992-W11,C0992,11,completed,4
C0992-W12,C0992,12,completed,4
C0993-W01,C0993,1,completed,4
C0993-W02,C0993,2,completed,3
C0993-W03,C0993,3,completed,2
C0993-W04,C0993,4,completed,2
C0993-W05,C0993,5,completed,2
C0993-W06,C0993,6,completed,3
C0993-W07,C0993,7,completed,4
C0993-W08,C0993,8,completed,3
C0993-W09,C0993,9,completed,2
C0993-W10,C0993,10,completed,2
C0993-W11,C0993,11,completed,2
C0993-W12,C0993,12,completed,3
C0994-W01,C0994,1,completed,3
C0994-W02,C0994,2,completed,2
C0994-W03,C0994,3,skipped,0
C0994-W04,C0994,4,completed,3
C0994-W05,C0994,5,late,2
C0994-W06,C0994,6,completed,2
C0994-W07,C0994,7,completed,2
C0994-W08,C0994,8,completed,3
C0994-W09,C0994,9,completed,3
C0994-W10,C0994,10,completed,3
C0994-W11,C0994,11,completed,3
C0994-W12,C0994,12,completed,2
C0995-W01,C0995,1,skipped,0
C0995-W02,C0995,2,completed,3
C0995-W03,C0995,3,skipped,0
C0995-W04,C0995,4,completed,2
C0995-W05,C0995,5,completed,3
C0995-W06,C0995,6,completed,4
C0995-W07,C0995,7,completed,3
C0995-W08,C0995,8,skipped,0
C0995-W09,C0995,9,completed,3
C0995-W10,C0995,10,completed,2
C0995-W11,C0995,11,completed,2
C0995-W12,C0995,12,late,2
C0996-W01,C0996,1,completed,2
C0996-W02,C0996,2,completed,3
C0996-W03,C0996,3,completed,2
C0996-W04,C0996,4,completed,4
C0996-W05,C0996,5,late,4
C0996-W06,C0996,6,completed,2
C0996-W07,C0996,7,completed,2
C0996-W08,C0996,8,completed,2
C0996-W09,C0996,9,completed,2
C0996-W10,C0996,10,completed,3
C0996-W11,C0996,11,completed,3
C0996-W12,C0996,12,completed,4
C0997-W01,C0997,1,completed,2
C0997-W02,C0997,2,completed,3
C0997-W03,C0997,3,skipped,0
C0997-W04,C0997,4,completed,4
C0997-W05,C0997,5,completed,4
C0997-W06,C0997,6,completed,4
C0997-W07,C0997,7,skipped,0
C0997-W08,C0997,8,completed,4
C0997-W09,C0997,9,completed,3
C0997-W10,C0997,10,completed,2
C0997-W11,C0997,11,completed,2
C0997-W12,C0997,12,completed,3
C0998-W01,C0998,1,skipped,0
C0998-W02,C0998,2,late,2
C0998-W03,C0998,3,completed,3
C0998-W04,C0998,4,completed,3
C0998-W05,C0998,5,late,4
C0998-W06,C0998,6,completed,3
C0998-W07,C0998,7,skipped,0
C0998-W08,C0998,8,completed,4
C0998-W09,C0998,9,late,4
C0998-W10,C0998,10,skipped,0
C0998-W11,C0998,11,completed,4
C0998-W12,C0998,12,late,2
C0999-W01,C0999,1,completed,3
C0999-W02,C0999,2,completed,3
C0999-W03,C0999,3,completed,4
C0999-W04,C0999,4,completed,3
C0999-W05,C0999,5,completed,3
C0999-W06,C0999,6,completed,2
C0999-W07,C0999,7,completed,2
C0999-W08,C0999,8,skipped,0
C0999-W09,C0999,9,skipped,0
C0999-W10,C0999,10,completed,3
C0999-W11,C0999,11,completed,4
C0999-W12,C0999,12,completed,4
C1000-W01,C1000,1,completed,4
C1000-W02,C1000,2,completed,3
C1000-W03,C1000,3,completed,4
C1000-W04,C1000,4,completed,4
C1000-W05,C1000,5,completed,3
C1000-W06,C1000,6,completed,2
C1000-W07,C1000,7,completed,2
C1000-W08,C1000,8,late,4
C1000-W09,C1000,9,completed,4
C1000-W10,C1000,10,completed,3
C1000-W11,C1000,11,skipped,0
C1000-W12,C1000,12,skipped,0
C1001-W01,C1001,1,late,3
C1001-W02,C1001,2,skipped,0
C1001-W03,C1001,3,completed,3
C1001-W04,C1001,4,completed,3
C1001-W05,C1001,5,completed,4
C1001-W06,C1001,6,completed,2
C1001-W07,C1001,7,completed,4
C1001-W08,C1001,8,completed,3
C1001-W09,C1001,9,completed,3
C1001-W10,C1001,10,completed,2
C1001-W11,C1001,11,completed,2
C1001-W12,C1001,12,completed,2
C1002-W01,C1002,1,completed,3
C1002-W02,C1002,2,completed,2
C1002-W03,C1002,3,completed,3
C1002-W04,C1002,4,completed,4
C1002-W05,C1002,5,completed,3
C1002-W06,C1002,6,skipped,0
C1002-W07,C1002,7,completed,4
C1002-W08,C1002,8,completed,3
C1002-W09,C1002,9,completed,2
C1002-W10,C1002,10,completed,4
C1002-W11,C1002,11,completed,4
C1002-W12,C1002,12,completed,2
C1003-W01,C1003,1,completed,2
C1003-W02,C1003,2,skipped,0
C1003-W03,C1003,3,completed,3
C1003-W04,C1003,4,completed,2
C1003-W05,C1003,5,skipped,0
C1003-W06,C1003,6,completed,3
C1003-W07,C1003,7,completed,4
C1003-W08,C1003,8,completed,2
C1003-W09,C1003,9,completed,3
C1003-W10,C1003,10,late,2
C1003-W11,C1003,11,completed,2
C1003-W12,C1003,12,late,4
C1004-W01,C1004,1,completed,2
C1004-W02,C1004,2,completed,3
C1004-W03,C1004,3,completed,4
C1004-W04,C1004,4,late,4
C1004-W05,C1004,5,skipped,0
C1004-W06,C1004,6,completed,3
C1004-W07,C1004,7,completed,2
C1004-W08,C1004,8,completed,4
C1004-W09,C1004,9,completed,4
C1004-W10,C1004,10,completed,3
C1004-W11,C1004,11,completed,3
C1004-W12,C1004,12,completed,2
C1005-W01,C1005,1,completed,3
C1005-W02,C1005,2,completed,4
C1005-W03,C1005,3,skipped,0
C1005-W04,C1005,4,completed,3
C1005-W05,C1005,5,completed,2
C1005-W06,C1005,6,completed,3
C1005-W07,C1005,7,skipped,0
C1005-W08,C1005,8,completed,2
C1005-W09,C1005,9,completed,4
C1005-W10,C1005,10,skipped,0
C1005-W11,C1005,11,completed,3
C1005-W12,C1005,12,skipped,0
C1006-W01,C1006,1,skipped,0
C1006-W02,C1006,2,completed,2
C1006-W03,C1006,3,completed,2
C1006-W04,C1006,4,completed,2
C1006-W05,C1006,5,completed,4
C1006-W06,C1006,6,completed,2
C1006-W07,C1006,7,completed,4
C1006-W08,C1006,8,late,2
C1006-W09,C1006,9,completed,2
C1006-W10,C1006,10,skipped,0
C1006-W11,C1006,11,completed,3
C1006-W12,C1006,12,late,4
C1007-W01,C1007,1,completed,2
C1007-W02,C1007,2,skipped,0
C1007-W03,C1007,3,completed,4
C1007-W04,C1007,4,completed,4
C1007-W05,C1007,5,completed,4
C1007-W06,C1007,6,completed,2
C1007-W07,C1007,7,completed,2
C1007-W08,C1007,8,completed,4
C1007-W09,C1007,9,completed,3
C1007-W10,C1007,10,completed,2
C1007-W11,C1007,11,completed,2
C1007-W12,C1007,12,completed,2
C1008-W01,C1008,1,completed,4
C1008-W02,C1008,2,late,3
C1008-W03,C1008,3,completed,2
C1008-W04,C1008,4,completed,2
C1008-W05,C1008,5,completed,4
C1008-W06,C1008,6,completed,3
C1008-W07,C1008,7,completed,3
C1008-W08,C1008,8,completed,2
C1008-W09,C1008,9,completed,4
C1008-W10,C1008,10,completed,4
C1008-W11,C1008,11,completed,4
C1008-W12,C1008,12,late,3
C1009-W01,C1009,1,completed,4
C1009-W02,C1009,2,completed,4
C1009-W03,C1009,3,completed,2
C1009-W04,C1009,4,completed,4
C1009-W05,C1009,5,completed,2
C1009-W06,C1009,6,completed,4
C1009-W07,C1009,7,completed,4
C1009-W08,C1009,8,completed,4
C1009-W09,C1009,9,completed,4
C1009-W10,C1009,10,completed,4
C1009-W11,C1009,11,skipped,0
C1009-W12,C1009,12,completed,4
C1010-W01,C1010,1,late,3
C1010-W02,C1010,2,completed,4
C1010-W03,C1010,3,completed,3
C1010-W04,C1010,4,completed,3
C1010-W05,C1010,5,completed,2
C1010-W06,C1010,6,skipped,0
C1010-W07,C1010,7,completed,4
C1010-W08,C1010,8,late,3
C1010-W09,C1010,9,completed,2
C1010-W10,C1010,10,skipped,0
C1010-W11,C1010,11,completed,2
C1010-W12,C1010,12,late,2
C1011-W01,C1011,1,completed,2
C1011-W02,C1011,2,completed,2
C1011-W03,C1011,3,completed,3
C1011-W04,C1011,4,completed,2
C1011-W05,C1011,5,skipped,0
C1011-W06,C1011,6,completed,3
C1011-W07,C1011,7,completed,3
C1011-W08,C1011,8,completed,2
C1011-W09,C1011,9,late,4
C1011-W10,C1011,10,completed,4
C1011-W11,C1011,11,completed,2
C1011-W12,C1011,12,completed,4
C1012-W01,C1012,1,completed,4
C1012-W02,C1012,2,completed,4
C1012-W03,C1012,3,skipped,0
C1012-W04,C1012,4,completed,4
C1012-W05,C1012,5,late,4
C1012-W06,C1012,6,completed,4
C1012-W07,C1012,7,completed,3
C1012-W08,C1012,8,late,2
C1012-W09,C1012,9,completed,3
C1012-W10,C1012,10,completed,4
C1012-W11,C1012,11,skipped,0
C1012-W12,C1012,12,skipped,0
C1013-W01,C1013,1,completed,3
C1013-W02,C1013,2,completed,4
C1013-W03,C1013,3,completed,3
C1013-W04,C1013,4,completed,3
C1013-W05,C1013,5,completed,2
C1013-W06,C1013,6,skipped,0
C1013-W07,C1013,7,completed,3
C1013-W08,C1013,8,completed,3
C1013-W09,C1013,9,skipped,0
C1013-W10,C1013,10,completed,2
C1013-W11,C1013,11,completed,2
C1013-W12,C1013,12,completed,2
C1014-W01,C1014,1,completed,3
C1014-W02,C1014,2,late,3
C1014-W03,C1014,3,completed,4
C1014-W04,C1014,4,skipped,0
C1014-W05,C1014,5,skipped,0
C1014-W06,C1014,6,completed,2
C1014-W07,C1014,7,skipped,0
C1014-W08,C1014,8,completed,3
C1014-W09,C1014,9,completed,3
C1014-W10,C1014,10,skipped,0
C1014-W11,C1014,11,completed,2
C1014-W12,C1014,12,completed,2
C1015-W01,C1015,1,completed,4
C1015-W02,C1015,2,skipped,0
C1015-W03,C1015,3,completed,4
C1015-W04,C1015,4,completed,3
C1015-W05,C1015,5,completed,4
C1015-W06,C1015,6,completed,2
C1015-W07,C1015,7,completed,4
C1015-W08,C1015,8,completed,2
C1015-W09,C1015,9,completed,3
C1015-W10,C1015,10,completed,4
C1015-W11,C1015,11,skipped,0
C1015-W12,C1015,12,completed,3
C1016-W01,C1016,1,completed,2
C1016-W02,C1016,2,completed,3
C1016-W03,C1016,3,completed,4
C1016-W04,C1016,4,completed,3
C1016-W05,C1016,5,completed,2
C1016-W06,C1016,6,completed,3
C1016-W07,C1016,7,completed,4
C1016-W08,C1016,8,skipped,0
C1016-W09,C1016,9,completed,2
C1016-W10,C1016,10,completed,2
C1016-W11,C1016,11,completed,2
C1016-W12,C1016,12,completed,4
C1017-W01,C1017,1,completed,2
C1017-W02,C1017,2,skipped,0
C1017-W03,C1017,3,completed,4
C1017-W04,C1017,4,completed,4
C1017-W05,C1017,5,skipped,0
C1017-W06,C1017,6,completed,2
C1017-W07,C1017,7,completed,3
C1017-W08,C1017,8,skipped,0
C1017-W09,C1017,9,completed,3
C1017-W10,C1017,10,completed,2
C1017-W11,C1017,11,completed,2
C1017-W12,C1017,12,completed,3
C1018-W01,C1018,1,completed,2
C1018-W02,C1018,2,completed,4
C1018-W03,C1018,3,completed,2
C1018-W04,C1018,4,completed,2
C1018-W05,C1018,5,completed,3
C1018-W06,C1018,6,completed,2
C1018-W07,C1018,7,completed,3
C1018-W08,C1018,8,skipped,0
C1018-W09,C1018,9,completed,2
C1018-W10,C1018,10,completed,3
C1018-W11,C1018,11,completed,3
C1018-W12,C1018,12,completed,3
C1019-W01,C1019,1,completed,4
C1019-W02,C1019,2,completed,3
C1019-W03,C1019,3,completed,2
C1019-W04,C1019,4,completed,4
C1019-W05,C1019,5,skipped,0
C1019-W06,C1019,6,completed,3
C1019-W07,C1019,7,completed,4
C1019-W08,C1019,8,completed,4
C1019-W09,C1019,9,completed,3
C1019-W10,C1019,10,completed,3
C1019-W11,C1019,11,completed,3
C1019-W12,C1019,12,completed,3
C1020-W01,C1020,1,skipped,0
C1020-W02,C1020,2,completed,4
C1020-W03,C1020,3,completed,4
C1020-W04,C1020,4,skipped,0
C1020-W05,C1020,5,completed,4
C1020-W06,C1020,6,completed,2
C1020-W07,C1020,7,skipped,0
C1020-W08,C1020,8,completed,2
C1020-W09,C1020,9,completed,2
C1020-W10,C1020,10,skipped,0
C1020-W11,C1020,11,completed,2
C1020-W12,C1020,12,completed,3
C1021-W01,C1021,1,skipped,0
C1021-W02,C1021,2,completed,4
C1021-W03,C1021,3,completed,4
C1021-W04,C1021,4,completed,2
C1021-W05,C1021,5,completed,4
C1021-W06,C1021,6,late,4
C1021-W07,C1021,7,late,4
C1021-W08,C1021,8,completed,2
C1021-W09,C1021,9,skipped,0
C1021-W10,C1021,10,completed,4
C1021-W11,C1021,11,completed,4
C1021-W12,C1021,12,completed,2
C1022-W01,C1022,1,completed,3
C1022-W02,C1022,2,completed,4
C1022-W03,C1022,3,completed,3
C1022-W04,C1022,4,completed,2
C1022-W05,C1022,5,completed,4
C1022-W06,C1022,6,skipped,0
C1022-W07,C1022,7,skipped,0
C1022-W08,C1022,8,completed,3
C1022-W09,C1022,9,skipped,0
C1022-W10,C1022,10,completed,2
C1022-W11,C1022,11,completed,2
C1022-W12,C1022,12,skipped,0
C1023-W01,C1023,1,completed,3
C1023-W02,C1023,2,completed,4
C1023-W03,C1023,3,completed,2
C1023-W04,C1023,4,skipped,0
C1023-W05,C1023,5,completed,4
C1023-W06,C1023,6,completed,2
C1023-W07,C1023,7,completed,4
C1023-W08,C1023,8,completed,4
C1023-W09,C1023,9,completed,3
C1023-W10,C1023,10,completed,4
C1023-W11,C1023,11,completed,4
C1023-W12,C1023,12,skipped,0
C1024-W01,C1024,1,completed,2
C1024-W02,C1024,2,completed,2
C1024-W03,C1024,3,completed,2
C1024-W04,C1024,4,late,3
C1024-W05,C1024,5,completed,4
C1024-W06,C1024,6,completed,2
C1024-W07,C1024,7,completed,3
C1024-W08,C1024,8,completed,4
C1024-W09,C1024,9,completed,4
C1024-W10,C1024,10,skipped,0
C1024-W11,C1024,11,completed,3
C1024-W12,C1024,12,completed,2
C1025-W01,C1025,1,completed,4
C1025-W02,C1025,2,late,2
C1025-W03,C1025,3,completed,3
C1025-W04,C1025,4,late,3
C1025-W05,C1025,5,skipped,0
C1025-W06,C1025,6,completed,4
C1025-W07,C1025,7,completed,3
C1025-W08,C1025,8,completed,4
C1025-W09,C1025,9,completed,2
C1025-W10,C1025,10,completed,2
C1025-W11,C1025,11,skipped,0
C1025-W12,C1025,12,completed,2
C1026-W01,C1026,1,completed,2
C1026-W02,C1026,2,completed,2
C1026-W03,C1026,3,late,4
C1026-W04,C1026,4,completed,2
C1026-W05,C1026,5,completed,2
C1026-W06,C1026,6,completed,2
C1026-W07,C1026,7,completed,2
C1026-W08,C1026,8,completed,3
C1026-W09,C1026,9,completed,3
C1026-W10,C1026,10,completed,3
C1026-W11,C1026,11,completed,4
C1026-W12,C1026,12,late,4
C1027-W01,C1027,1,completed,4
C1027-W02,C1027,2,completed,4
C1027-W03,C1027,3,late,2
C1027-W04,C1027,4,skipped,0
C1027-W05,C1027,5,completed,2
C1027-W06,C1027,6,completed,3
C1027-W07,C1027,7,completed,4
C1027-W08,C1027,8,skipped,0
C1027-W09,C1027,9,completed,2
C1027-W10,C1027,10,completed,3
C1027-W11,C1027,11,completed,3
C1027-W12,C1027,12,completed,2
C1028-W01,C1028,1,completed,4
C1028-W02,C1028,2,completed,2
C1028-W03,C1028,3,completed,2
C1028-W04,C1028,4,completed,2
C1028-W05,C1028,5,completed,2
C1028-W06,C1028,6,completed,4
C1028-W07,C1028,7,completed,2
C1028-W08,C1028,8,completed,2
C1028-W09,C1028,9,completed,4
C1028-W10,C1028,10,completed,4
C1028-W11,C1028,11,skipped,0
C1028-W12,C1028,12,skipped,0
C1029-W01,C1029,1,completed,4
C1029-W02,C1029,2,completed,3
C1029-W03,C1029,3,completed,2
C1029-W04,C1029,4,completed,3
C1029-W05,C1029,5,completed,2
C1029-W06,C1029,6,completed,3
C1029-W07,C1029,7,completed,3
C1029-W08,C1029,8,completed,4
C1029-W09,C1029,9,completed,4
C1029-W10,C1029,10,completed,3
C1029-W11,C1029,11,completed,4
C1029-W12,C1029,12,completed,3
C1030-W01,C1030,1,completed,3
C1030-W02,C1030,2,completed,4
C1030-W03,C1030,3,completed,3
C1030-W04,C1030,4,completed,2
C1030-W05,C1030,5,completed,4
C1030-W06,C1030,6,completed,4
C1030-W07,C1030,7,completed,2
C1030-W08,C1030,8,completed,3
C1030-W09,C1030,9,completed,4
C1030-W10,C1030,10,completed,3
C1030-W11,C1030,11,completed,3
C1030-W12,C1030,12,completed,3
C1031-W01,C1031,1,late,2
C1031-W02,C1031,2,completed,2
C1031-W03,C1031,3,completed,3
C1031-W04,C1031,4,skipped,0
C1031-W05,C1031,5,completed,3
C1031-W06,C1031,6,completed,2
C1031-W07,C1031,7,completed,3
C1031-W08,C1031,8,skipped,0
C1031-W09,C1031,9,completed,4
C1031-W10,C1031,10,skipped,0
C1031-W11,C1031,11,completed,4
C1031-W12,C1031,12,skipped,0
C1032-W01,C1032,1,completed,3
C1032-W02,C1032,2,completed,2
C1032-W03,C1032,3,completed,3
C1032-W04,C1032,4,completed,4
C1032-W05,C1032,5,completed,3
C1032-W06,C1032,6,completed,3
C1032-W07,C1032,7,skipped,0
C1032-W08,C1032,8,completed,3
C1032-W09,C1032,9,completed,4
C1032-W10,C1032,10,completed,4
C1032-W11,C1032,11,skipped,0
C1032-W12,C1032,12,completed,3
C1033-W01,C1033,1,late,3
C1033-W02,C1033,2,completed,4
C1033-W03,C1033,3,completed,2
C1033-W04,C1033,4,late,4
C1033-W05,C1033,5,skipped,0
C1033-W06,C1033,6,skipped,0
C1033-W07,C1033,7,completed,2
C1033-W08,C1033,8,completed,2
C1033-W09,C1033,9,completed,2
C1033-W10,C1033,10,completed,2
C1033-W11,C1033,11,completed,3
C1033-W12,C1033,12,completed,2
C1034-W01,C1034,1,completed,4
C1034-W02,C1034,2,completed,4
C1034-W03,C1034,3,completed,3
C1034-W04,C1034,4,completed,3
C1034-W05,C1034,5,completed,3
C1034-W06,C1034,6,late,4
C1034-W07,C1034,7,completed,2
C1034-W08,C1034,8,late,2
C1034-W09,C1034,9,completed,3
C1034-W10,C1034,10,completed,2
C1034-W11,C1034,11,completed,3
C1034-W12,C1034,12,completed,3
C1035-W01,C1035,1,completed,4
C1035-W02,C1035,2,completed,2
C1035-W03,C1035,3,skipped,0
C1035-W04,C1035,4,completed,3
C1035-W05,C1035,5,completed,2
C1035-W06,C1035,6,skipped,0
C1035-W07,C1035,7,late,2
C1035-W08,C1035,8,completed,2
C1035-W09,C1035,9,skipped,0
C1035-W10,C1035,10,completed,3
C1035-W11,C1035,11,completed,3
C1035-W12,C1035,12,completed,2
C1036-W01,C1036,1,skipped,0
C1036-W02,C1036,2,late,4
C1036-W03,C1036,3,completed,3
C1036-W04,C1036,4,skipped,0
C1036-W05,C1036,5,completed,4
C1036-W06,C1036,6,completed,2
C1036-W07,C1036,7,completed,3
C1036-W08,C1036,8,completed,2
C1036-W09,C1036,9,completed,3
C1036-W10,C1036,10,completed,2
C1036-W11,C1036,11,late,2
C1036-W12,C1036,12,completed,2
C1037-W01,C1037,1,completed,3
C1037-W02,C1037,2,completed,2
C1037-W03,C1037,3,completed,2
C1037-W04,C1037,4,completed,3
C1037-W05,C1037,5,completed,2
C1037-W06,C1037,6,skipped,0
C1037-W07,C1037,7,completed,2
C1037-W08,C1037,8,completed,3
C1037-W09,C1037,9,completed,3
C1037-W10,C1037,10,skipped,0
C1037-W11,C1037,11,completed,4
C1037-W12,C1037,12,completed,4
C1038-W01,C1038,1,completed,3
C1038-W02,C1038,2,skipped,0
C1038-W03,C1038,3,completed,2
C1038-W04,C1038,4,late,2
C1038-W05,C1038,5,completed,3
C1038-W06,C1038,6,completed,2
C1038-W07,C1038,7,completed,3
C1038-W08,C1038,8,skipped,0
C1038-W09,C1038,9,completed,4
C1038-W10,C1038,10,completed,4
C1038-W11,C1038,11,completed,4
C1038-W12,C1038,12,completed,4
C1039-W01,C1039,1,completed,4
C1039-W02,C1039,2,completed,3
C1039-W03,C1039,3,completed,3
C1039-W04,C1039,4,completed,3
C1039-W05,C1039,5,completed,2
C1039-W06,C1039,6,completed,2
C1039-W07,C1039,7,skipped,0
C1039-W08,C1039,8,completed,2
C1039-W09,C1039,9,late,2
C1039-W10,C1039,10,completed,2
C1039-W11,C1039,11,completed,3
C1039-W12,C1039,12,completed,3
C1040-W01,C1040,1,completed,2
C1040-W02,C1040,2,completed,4
C1040-W03,C1040,3,completed,3
C1040-W04,C1040,4,completed,2
C1040-W05,C1040,5,completed,3
C1040-W06,C1040,6,completed,2
C1040-W07,C1040,7,completed,2
C1040-W08,C1040,8,completed,2
C1040-W09,C1040,9,late,4
C1040-W10,C1040,10,late,4
C1040-W11,C1040,11,skipped,0
C1040-W12,C1040,12,completed,2
C1041-W01,C1041,1,completed,3
C1041-W02,C1041,2,completed,2
C1041-W03,C1041,3,completed,2
C1041-W04,C1041,4,completed,2
C1041-W05,C1041,5,completed,4
C1041-W06,C1041,6,completed,3
C1041-W07,C1041,7,completed,4
C1041-W08,C1041,8,completed,3
C1041-W09,C1041,9,skipped,0
C1041-W10,C1041,10,completed,4
C1041-W11,C1041,11,completed,4
C1041-W12,C1041,12,completed,4
C1042-W01,C1042,1,completed,4
C1042-W02,C1042,2,completed,2
C1042-W03,C1042,3,completed,4
C1042-W04,C1042,4,completed,3
C1042-W05,C1042,5,completed,2
C1042-W06,C1042,6,completed,3
C1042-W07,C1042,7,completed,3
C1042-W08,C1042,8,completed,3
C1042-W09,C1042,9,skipped,0
C1042-W10,C1042,10,completed,2
C1042-W11,C1042,11,completed,4
C1042-W12,C1042,12,skipped,0
C1043-W01,C1043,1,skipped,0
C1043-W02,C1043,2,completed,4
C1043-W03,C1043,3,skipped,0
C1043-W04,C1043,4,completed,3
C1043-W05,C1043,5,completed,2
C1043-W06,C1043,6,completed,4
C1043-W07,C1043,7,skipped,0
C1043-W08,C1043,8,completed,2
C1043-W09,C1043,9,completed,4
C1043-W10,C1043,10,completed,2
C1043-W11,C1043,11,completed,3
C1043-W12,C1043,12,completed,3
C1044-W01,C1044,1,skipped,0
C1044-W02,C1044,2,completed,2
C1044-W03,C1044,3,late,3
C1044-W04,C1044,4,completed,4
C1044-W05,C1044,5,skipped,0
C1044-W06,C1044,6,completed,2
C1044-W07,C1044,7,late,3
C1044-W08,C1044,8,completed,3
C1044-W09,C1044,9,completed,4
C1044-W10,C1044,10,skipped,0
C1044-W11,C1044,11,completed,4
C1044-W12,C1044,12,completed,3
C1045-W01,C1045,1,skipped,0
C1045-W02,C1045,2,completed,4
C1045-W03,C1045,3,completed,3
C1045-W04,C1045,4,completed,3
C1045-W05,C1045,5,late,4
C1045-W06,C1045,6,completed,4
C1045-W07,C1045,7,completed,3
C1045-W08,C1045,8,late,3
C1045-W09,C1045,9,completed,2
C1045-W10,C1045,10,completed,2
C1045-W11,C1045,11,skipped,0
C1045-W12,C1045,12,skipped,0
C1046-W01,C1046,1,completed,2
C1046-W02,C1046,2,completed,4
C1046-W03,C1046,3,completed,3
C1046-W04,C1046,4,completed,4
C1046-W05,C1046,5,completed,3
C1046-W06,C1046,6,completed,4
C1046-W07,C1046,7,completed,3
C1046-W08,C1046,8,skipped,0
C1046-W09,C1046,9,completed,3
C1046-W10,C1046,10,completed,3
C1046-W11,C1046,11,completed,3
C1046-W12,C1046,12,completed,2
C1047-W01,C1047,1,completed,2
C1047-W02,C1047,2,skipped,0
C1047-W03,C1047,3,late,3
C1047-W04,C1047,4,skipped,0
C1047-W05,C1047,5,completed,3
C1047-W06,C1047,6,completed,4
C1047-W07,C1047,7,completed,4
C1047-W08,C1047,8,completed,4
C1047-W09,C1047,9,completed,4
C1047-W10,C1047,10,skipped,0
C1047-W11,C1047,11,skipped,0
C1047-W12,C1047,12,completed,3
C1048-W01,C1048,1,skipped,0
C1048-W02,C1048,2,completed,3
C1048-W03,C1048,3,completed,2
C1048-W04,C1048,4,completed,2
C1048-W05,C1048,5,completed,2
C1048-W06,C1048,6,skipped,0
C1048-W07,C1048,7,completed,4
C1048-W08,C1048,8,completed,3
C1048-W09,C1048,9,completed,3
C1048-W10,C1048,10,completed,2
C1048-W11,C1048,11,completed,3
C1048-W12,C1048,12,completed,3
C1049-W01,C1049,1,completed,3
C1049-W02,C1049,2,completed,3
C1049-W03,C1049,3,completed,2
C1049-W04,C1049,4,completed,2
C1049-W05,C1049,5,completed,4
C1049-W06,C1049,6,completed,4
C1049-W07,C1049,7,completed,2
C1049-W08,C1049,8,completed,4
C1049-W09,C1049,9,completed,3
C1049-W10,C1049,10,skipped,0
C1049-W11,C1049,11,completed,3
C1049-W12,C1049,12,completed,4
C1050-W01,C1050,1,completed,3
C1050-W02,C1050,2,completed,2
C1050-W03,C1050,3,completed,4
C1050-W04,C1050,4,skipped,0
C1050-W05,C1050,5,completed,2
C1050-W06,C1050,6,completed,2
C1050-W07,C1050,7,completed,4
C1050-W08,C1050,8,completed,3
C1050-W09,C1050,9,completed,4
C1050-W10,C1050,10,completed,2
C1050-W11,C1050,11,skipped,0
C1050-W12,C1050,12,completed,4
C1051-W01,C1051,1,skipped,0
C1051-W02,C1051,2,completed,4
C1051-W03,C1051,3,completed,3
C1051-W04,C1051,4,completed,3
C1051-W05,C1051,5,skipped,0
C1051-W06,C1051,6,completed,3
C1051-W07,C1051,7,completed,2
C1051-W08,C1051,8,completed,3
C1051-W09,C1051,9,completed,3
C1051-W10,C1051,10,completed,2
C1051-W11,C1051,11,completed,2
C1051-W12,C1051,12,completed,3
C1052-W01,C1052,1,completed,4
C1052-W02,C1052,2,completed,4
C1052-W03,C1052,3,completed,3
C1052-W04,C1052,4,completed,2
C1052-W05,C1052,5,completed,3
C1052-W06,C1052,6,completed,4
C1052-W07,C1052,7,completed,2
C1052-W08,C1052,8,completed,2
C1052-W09,C1052,9,completed,4
C1052-W10,C1052,10,completed,4
C1052-W11,C1052,11,completed,4
C1052-W12,C1052,12,late,3
C1053-W01,C1053,1,completed,3
C1053-W02,C1053,2,completed,4
C1053-W03,C1053,3,completed,3
C1053-W04,C1053,4,completed,2
C1053-W05,C1053,5,completed,3
C1053-W06,C1053,6,completed,2
C1053-W07,C1053,7,completed,3
C1053-W08,C1053,8,completed,3
C1053-W09,C1053,9,completed,3
C1053-W10,C1053,10,skipped,0
C1053-W11,C1053,11,late,4
C1053-W12,C1053,12,late,2
C1054-W01,C1054,1,completed,4
C1054-W02,C1054,2,skipped,0
C1054-W03,C1054,3,completed,4
C1054-W04,C1054,4,completed,2
C1054-W05,C1054,5,skipped,0
C1054-W06,C1054,6,late,3
C1054-W07,C1054,7,skipped,0
C1054-W08,C1054,8,completed,2
C1054-W09,C1054,9,skipped,0
C1054-W10,C1054,10,completed,3
C1054-W11,C1054,11,skipped,0
C1054-W12,C1054,12,skipped,0
C1055-W01,C1055,1,skipped,0
C1055-W02,C1055,2,completed,2
C1055-W03,C1055,3,completed,2
C1055-W04,C1055,4,skipped,0
C1055-W05,C1055,5,completed,3
C1055-W06,C1055,6,late,4
C1055-W07,C1055,7,completed,4
C1055-W08,C1055,8,completed,3
C1055-W09,C1055,9,completed,3
C1055-W10,C1055,10,completed,4
C1055-W11,C1055,11,completed,2
C1055-W12,C1055,12,completed,2
C1056-W01,C1056,1,completed,4
C1056-W02,C1056,2,late,2
C1056-W03,C1056,3,completed,2
C1056-W04,C1056,4,skipped,0
C1056-W05,C1056,5,completed,4
C1056-W06,C1056,6,completed,3
C1056-W07,C1056,7,completed,2
C1056-W08,C1056,8,completed,4
C1056-W09,C1056,9,completed,3
C1056-W10,C1056,10,completed,4
C1056-W11,C1056,11,skipped,0
C1056-W12,C1056,12,completed,4
C1057-W01,C1057,1,completed,3
C1057-W02,C1057,2,completed,4
C1057-W03,C1057,3,completed,2
C1057-W04,C1057,4,completed,2
C1057-W05,C1057,5,skipped,0
C1057-W06,C1057,6,completed,4
C1057-W07,C1057,7,completed,2
C1057-W08,C1057,8,completed,3
C1057-W09,C1057,9,completed,2
C1057-W10,C1057,10,late,4
C1057-W11,C1057,11,skipped,0
C1057-W12,C1057,12,skipped,0
C1058-W01,C1058,1,completed,3
C1058-W02,C1058,2,completed,2
C1058-W03,C1058,3,completed,3
C1058-W04,C1058,4,completed,2
C1058-W05,C1058,5,completed,2
C1058-W06,C1058,6,completed,2
C1058-W07,C1058,7,completed,4
C1058-W08,C1058,8,completed,4
C1058-W09,C1058,9,completed,4
C1058-W10,C1058,10,completed,3
C1058-W11,C1058,11,completed,2
C1058-W12,C1058,12,completed,2
C1059-W01,C1059,1,completed,2
C1059-W02,C1059,2,completed,4
C1059-W03,C1059,3,completed,2
C1059-W04,C1059,4,completed,4
C1059-W05,C1059,5,completed,4
C1059-W06,C1059,6,completed,2
C1059-W07,C1059,7,completed,2
C1059-W08,C1059,8,completed,3
C1059-W09,C1059,9,completed,2
C1059-W10,C1059,10,completed,2
C1059-W11,C1059,11,skipped,0
C1059-W12,C1059,12,completed,4
C1060-W01,C1060,1,completed,4
C1060-W02,C1060,2,completed,3
C1060-W03,C1060,3,completed,2
C1060-W04,C1060,4,completed,4
C1060-W05,C1060,5,completed,4
C1060-W06,C1060,6,completed,3
C1060-W07,C1060,7,completed,4
C1060-W08,C1060,8,completed,2
C1060-W09,C1060,9,skipped,0
C1060-W10,C1060,10,completed,4
C1060-W11,C1060,11,completed,4
C1060-W12,C1060,12,skipped,0
C1061-W01,C1061,1,skipped,0
C1061-W02,C1061,2,completed,2
C1061-W03,C1061,3,completed,3
C1061-W04,C1061,4,completed,3
C1061-W05,C1061,5,completed,3
C1061-W06,C1061,6,completed,4
C1061-W07,C1061,7,completed,3
C1061-W08,C1061,8,completed,2
C1061-W09,C1061,9,late,3
C1061-W10,C1061,10,completed,4
C1061-W11,C1061,11,skipped,0
C1061-W12,C1061,12,completed,3
C1062-W01,C1062,1,completed,2
C1062-W02,C1062,2,completed,3
C1062-W03,C1062,3,completed,3
C1062-W04,C1062,4,skipped,0
C1062-W05,C1062,5,late,3
C1062-W06,C1062,6,completed,2
C1062-W07,C1062,7,completed,2
C1062-W08,C1062,8,completed,4
C1062-W09,C1062,9,completed,4
C1062-W10,C1062,10,completed,2
C1062-W11,C1062,11,completed,2
C1062-W12,C1062,12,completed,4
C1063-W01,C1063,1,completed,2
C1063-W02,C1063,2,completed,3
C1063-W03,C1063,3,completed,2
C1063-W04,C1063,4,completed,3
C1063-W05,C1063,5,completed,2
C1063-W06,C1063,6,completed,2
C1063-W07,C1063,7,late,4
C1063-W08,C1063,8,completed,4
C1063-W09,C1063,9,skipped,0
C1063-W10,C1063,10,completed,3
C1063-W11,C1063,11,completed,3
C1063-W12,C1063,12,late,2
C1064-W01,C1064,1,late,2
C1064-W02,C1064,2,completed,4
C1064-W03,C1064,3,completed,3
C1064-W04,C1064,4,completed,2
C1064-W05,C1064,5,completed,4
C1064-W06,C1064,6,completed,2
C1064-W07,C1064,7,completed,2
C1064-W08,C1064,8,completed,2
C1064-W09,C1064,9,completed,4
C1064-W10,C1064,10,completed,3
C1064-W11,C1064,11,completed,2
C1064-W12,C1064,12,skipped,0
C1065-W01,C1065,1,completed,3
C1065-W02,C1065,2,completed,2
C1065-W03,C1065,3,completed,2
C1065-W04,C1065,4,skipped,0
C1065-W05,C1065,5,completed,3
C1065-W06,C1065,6,completed,2
C1065-W07,C1065,7,completed,4
C1065-W08,C1065,8,skipped,0
C1065-W09,C1065,9,completed,4
C1065-W10,C1065,10,completed,4
C1065-W11,C1065,11,completed,2
C1065-W12,C1065,12,completed,2
C1066-W01,C1066,1,completed,4
C1066-W02,C1066,2,completed,3
C1066-W03,C1066,3,completed,4
C1066-W04,C1066,4,completed,2
C1066-W05,C1066,5,completed,4
C1066-W06,C1066,6,completed,4
C1066-W07,C1066,7,skipped,0
C1066-W08,C1066,8,skipped,0
C1066-W09,C1066,9,completed,4
C1066-W10,C1066,10,completed,4
C1066-W11,C1066,11,skipped,0
C1066-W12,C1066,12,skipped,0
C1067-W01,C1067,1,completed,4
C1067-W02,C1067,2,completed,3
C1067-W03,C1067,3,completed,3
C1067-W04,C1067,4,completed,2
C1067-W05,C1067,5,completed,3
C1067-W06,C1067,6,completed,2
C1067-W07,C1067,7,completed,3
C1067-W08,C1067,8,completed,4
C1067-W09,C1067,9,completed,2
C1067-W10,C1067,10,completed,2
C1067-W11,C1067,11,completed,2
C1067-W12,C1067,12,completed,2
C1068-W01,C1068,1,skipped,0
C1068-W02,C1068,2,completed,2
C1068-W03,C1068,3,skipped,0
C1068-W04,C1068,4,completed,3
C1068-W05,C1068,5,completed,4
C1068-W06,C1068,6,completed,2
C1068-W07,C1068,7,late,3
C1068-W08,C1068,8,skipped,0
C1068-W09,C1068,9,skipped,0
C1068-W10,C1068,10,completed,2
C1068-W11,C1068,11,completed,4
C1068-W12,C1068,12,late,2
C1069-W01,C1069,1,completed,3
C1069-W02,C1069,2,completed,2
C1069-W03,C1069,3,completed,2
C1069-W04,C1069,4,completed,4
C1069-W05,C1069,5,completed,3
C1069-W06,C1069,6,skipped,0
C1069-W07,C1069,7,completed,4
C1069-W08,C1069,8,completed,3
C1069-W09,C1069,9,completed,4
C1069-W10,C1069,10,completed,4
C1069-W11,C1069,11,completed,3
C1069-W12,C1069,12,skipped,0
C1070-W01,C1070,1,completed,2
C1070-W02,C1070,2,skipped,0
C1070-W03,C1070,3,completed,2
C1070-W04,C1070,4,completed,4
C1070-W05,C1070,5,skipped,0
C1070-W06,C1070,6,completed,2
C1070-W07,C1070,7,completed,2
C1070-W08,C1070,8,skipped,0
C1070-W09,C1070,9,completed,2
C1070-W10,C1070,10,completed,3
C1070-W11,C1070,11,skipped,0
C1070-W12,C1070,12,skipped,0
C1071-W01,C1071,1,completed,4
C1071-W02,C1071,2,completed,2
C1071-W03,C1071,3,completed,3
C1071-W04,C1071,4,completed,4
C1071-W05,C1071,5,skipped,0
C1071-W06,C1071,6,skipped,0
C1071-W07,C1071,7,completed,2
C1071-W08,C1071,8,completed,4
C1071-W09,C1071,9,completed,4
C1071-W10,C1071,10,completed,3
C1071-W11,C1071,11,completed,3
C1071-W12,C1071,12,completed,4
C1072-W01,C1072,1,completed,2
C1072-W02,C1072,2,completed,4
C1072-W03,C1072,3,completed,4
C1072-W04,C1072,4,completed,2
C1072-W05,C1072,5,completed,2
C1072-W06,C1072,6,completed,2
C1072-W07,C1072,7,completed,3
C1072-W08,C1072,8,completed,4
C1072-W09,C1072,9,skipped,0
C1072-W10,C1072,10,skipped,0
C1072-W11,C1072,11,completed,2
C1072-W12,C1072,12,completed,2
C1073-W01,C1073,1,late,4
C1073-W02,C1073,2,completed,4
C1073-W03,C1073,3,completed,2
C1073-W04,C1073,4,completed,2
C1073-W05,C1073,5,completed,3
C1073-W06,C1073,6,completed,4
C1073-W07,C1073,7,completed,4
C1073-W08,C1073,8,completed,3
C1073-W09,C1073,9,completed,3
C1073-W10,C1073,10,completed,2
C1073-W11,C1073,11,completed,2
C1073-W12,C1073,12,completed,4
C1074-W01,C1074,1,completed,4
C1074-W02,C1074,2,completed,2
C1074-W03,C1074,3,completed,3
C1074-W04,C1074,4,completed,2
C1074-W05,C1074,5,completed,4
C1074-W06,C1074,6,completed,2
C1074-W07,C1074,7,skipped,0
C1074-W08,C1074,8,skipped,0
C1074-W09,C1074,9,completed,4
C1074-W10,C1074,10,completed,3
C1074-W11,C1074,11,completed,3
C1074-W12,C1074,12,skipped,0
C1075-W01,C1075,1,completed,3
C1075-W02,C1075,2,late,2
C1075-W03,C1075,3,completed,3
C1075-W04,C1075,4,completed,2
C1075-W05,C1075,5,completed,3
C1075-W06,C1075,6,completed,2
C1075-W07,C1075,7,skipped,0
C1075-W08,C1075,8,completed,2
C1075-W09,C1075,9,completed,2
C1075-W10,C1075,10,late,2
C1075-W11,C1075,11,skipped,0
C1075-W12,C1075,12,skipped,0
C1076-W01,C1076,1,completed,4
C1076-W02,C1076,2,completed,2
C1076-W03,C1076,3,completed,4
C1076-W04,C1076,4,completed,3
C1076-W05,C1076,5,skipped,0
C1076-W06,C1076,6,skipped,0
C1076-W07,C1076,7,skipped,0
C1076-W08,C1076,8,completed,4
C1076-W09,C1076,9,skipped,0
C1076-W10,C1076,10,completed,4
C1076-W11,C1076,11,completed,3
C1076-W12,C1076,12,completed,3
C1077-W01,C1077,1,late,2
C1077-W02,C1077,2,late,4
C1077-W03,C1077,3,completed,3
C1077-W04,C1077,4,completed,4
C1077-W05,C1077,5,completed,3
C1077-W06,C1077,6,completed,4
C1077-W07,C1077,7,late,4
C1077-W08,C1077,8,completed,4
C1077-W09,C1077,9,late,3
C1077-W10,C1077,10,completed,4
C1077-W11,C1077,11,completed,4
C1077-W12,C1077,12,completed,4
C1078-W01,C1078,1,completed,4
C1078-W02,C1078,2,completed,4
C1078-W03,C1078,3,completed,2
C1078-W04,C1078,4,completed,3
C1078-W05,C1078,5,completed,4
C1078-W06,C1078,6,skipped,0
C1078-W07,C1078,7,skipped,0
C1078-W08,C1078,8,completed,4
C1078-W09,C1078,9,completed,3
C1078-W10,C1078,10,completed,3
C1078-W11,C1078,11,completed,2
C1078-W12,C1078,12,completed,2
C1079-W01,C1079,1,completed,2
C1079-W02,C1079,2,completed,3
C1079-W03,C1079,3,late,4
C1079-W04,C1079,4,completed,4
C1079-W05,C1079,5,completed,2
C1079-W06,C1079,6,completed,2
C1079-W07,C1079,7,completed,4
C1079-W08,C1079,8,completed,3
C1079-W09,C1079,9,completed,3
C1079-W10,C1079,10,completed,2
C1079-W11,C1079,11,completed,4
C1079-W12,C1079,12,completed,3
C1080-W01,C1080,1,skipped,0
C1080-W02,C1080,2,completed,3
C1080-W03,C1080,3,skipped,0
C1080-W04,C1080,4,completed,2
C1080-W05,C1080,5,completed,2
C1080-W06,C1080,6,completed,3
C1080-W07,C1080,7,completed,3
C1080-W08,C1080,8,completed,3
C1080-W09,C1080,9,completed,3
C1080-W10,C1080,10,completed,3
C1080-W11,C1080,11,skipped,0
C1080-W12,C1080,12,skipped,0
C1081-W01,C1081,1,late,4
C1081-W02,C1081,2,late,4
C1081-W03,C1081,3,completed,3
C1081-W04,C1081,4,completed,4
C1081-W05,C1081,5,completed,2
C1081-W06,C1081,6,completed,4
C1081-W07,C1081,7,completed,4
C1081-W08,C1081,8,completed,4
C1081-W09,C1081,9,completed,3
C1081-W10,C1081,10,skipped,0
C1081-W11,C1081,11,completed,3
C1081-W12,C1081,12,completed,2
C1082-W01,C1082,1,completed,3
C1082-W02,C1082,2,completed,2
C1082-W03,C1082,3,completed,2
C1082-W04,C1082,4,completed,3
C1082-W05,C1082,5,completed,3
C1082-W06,C1082,6,completed,4
C1082-W07,C1082,7,completed,2
C1082-W08,C1082,8,completed,3
C1082-W09,C1082,9,completed,2
C1082-W10,C1082,10,completed,3
C1082-W11,C1082,11,skipped,0
C1082-W12,C1082,12,completed,4
C1083-W01,C1083,1,completed,3
C1083-W02,C1083,2,completed,3
C1083-W03,C1083,3,completed,2
C1083-W04,C1083,4,completed,3
C1083-W05,C1083,5,completed,2
C1083-W06,C1083,6,completed,3
C1083-W07,C1083,7,completed,2
C1083-W08,C1083,8,skipped,0
C1083-W09,C1083,9,completed,4
C1083-W10,C1083,10,completed,2
C1083-W11,C1083,11,completed,3
C1083-W12,C1083,12,completed,3
C1084-W01,C1084,1,late,3
C1084-W02,C1084,2,late,3
C1084-W03,C1084,3,completed,3
C1084-W04,C1084,4,completed,4
C1084-W05,C1084,5,skipped,0
C1084-W06,C1084,6,completed,4
C1084-W07,C1084,7,late,2
C1084-W08,C1084,8,completed,4
C1084-W09,C1084,9,completed,3
C1084-W10,C1084,10,completed,3
C1084-W11,C1084,11,completed,3
C1084-W12,C1084,12,completed,3
C1085-W01,C1085,1,completed,4
C1085-W02,C1085,2,completed,4
C1085-W03,C1085,3,completed,2
C1085-W04,C1085,4,completed,3
C1085-W05,C1085,5,skipped,0
C1085-W06,C1085,6,completed,3
C1085-W07,C1085,7,skipped,0
C1085-W08,C1085,8,skipped,0
C1085-W09,C1085,9,completed,4
C1085-W10,C1085,10,completed,4
C1085-W11,C1085,11,completed,4
C1085-W12,C1085,12,completed,4
C1086-W01,C1086,1,skipped,0
C1086-W02,C1086,2,late,4
C1086-W03,C1086,3,completed,2
C1086-W04,C1086,4,completed,4
C1086-W05,C1086,5,skipped,0
C1086-W06,C1086,6,skipped,0
C1086-W07,C1086,7,completed,4
C1086-W08,C1086,8,completed,4
C1086-W09,C1086,9,completed,4
C1086-W10,C1086,10,completed,3
C1086-W11,C1086,11,completed,2
C1086-W12,C1086,12,skipped,0
C1087-W01,C1087,1,completed,2
C1087-W02,C1087,2,completed,3
C1087-W03,C1087,3,skipped,0
C1087-W04,C1087,4,completed,2
C1087-W05,C1087,5,skipped,0
C1087-W06,C1087,6,completed,3
C1087-W07,C1087,7,completed,3
C1087-W08,C1087,8,completed,3
C1087-W09,C1087,9,completed,4
C1087-W10,C1087,10,completed,4
C1087-W11,C1087,11,completed,3
C1087-W12,C1087,12,completed,4
C1088-W01,C1088,1,completed,4
C1088-W02,C1088,2,completed,4
C1088-W03,C1088,3,completed,4
C1088-W04,C1088,4,completed,4
C1088-W05,C1088,5,completed,3
C1088-W06,C1088,6,completed,4
C1088-W07,C1088,7,completed,3
C1088-W08,C1088,8,completed,4
C1088-W09,C1088,9,completed,2
C1088-W10,C1088,10,completed,4
C1088-W11,C1088,11,completed,2
C1088-W12,C1088,12,completed,3
C1089-W01,C1089,1,completed,3
C1089-W02,C1089,2,skipped,0
C1089-W03,C1089,3,completed,4
C1089-W04,C1089,4,skipped,0
C1089-W05,C1089,5,completed,4
C1089-W06,C1089,6,completed,4
C1089-W07,C1089,7,completed,4
C1089-W08,C1089,8,completed,2
C1089-W09,C1089,9,completed,2
C1089-W10,C1089,10,completed,3
C1089-W11,C1089,11,late,3
C1089-W12,C1089,12,completed,2
C1090-W01,C1090,1,completed,3
C1090-W02,C1090,2,skipped,0
C1090-W03,C1090,3,skipped,0
C1090-W04,C1090,4,completed,3
C1090-W05,C1090,5,completed,2
C1090-W06,C1090,6,completed,2
C1090-W07,C1090,7,skipped,0
C1090-W08,C1090,8,completed,4
C1090-W09,C1090,9,completed,4
C1090-W10,C1090,10,completed,3
C1090-W11,C1090,11,completed,4
C1090-W12,C1090,12,completed,2
C1091-W01,C1091,1,completed,3
C1091-W02,C1091,2,completed,2
C1091-W03,C1091,3,skipped,0
C1091-W04,C1091,4,skipped,0
C1091-W05,C1091,5,completed,2
C1091-W06,C1091,6,completed,4
C1091-W07,C1091,7,completed,2
C1091-W08,C1091,8,completed,4
C1091-W09,C1091,9,completed,4
C1091-W10,C1091,10,completed,3
C1091-W11,C1091,11,skipped,0
C1091-W12,C1091,12,completed,2
C1092-W01,C1092,1,completed,3
C1092-W02,C1092,2,skipped,0
C1092-W03,C1092,3,completed,3
C1092-W04,C1092,4,completed,4
C1092-W05,C1092,5,late,3
C1092-W06,C1092,6,skipped,0
C1092-W07,C1092,7,skipped,0
C1092-W08,C1092,8,completed,2
C1092-W09,C1092,9,skipped,0
C1092-W10,C1092,10,completed,3
C1092-W11,C1092,11,completed,2
C1092-W12,C1092,12,completed,4
C1093-W01,C1093,1,completed,3
C1093-W02,C1093,2,completed,2
C1093-W03,C1093,3,completed,4
C1093-W04,C1093,4,completed,3
C1093-W05,C1093,5,completed,4
C1093-W06,C1093,6,completed,4
C1093-W07,C1093,7,late,3
C1093-W08,C1093,8,completed,2
C1093-W09,C1093,9,completed,4
C1093-W10,C1093,10,completed,4
C1093-W11,C1093,11,skipped,0
C1093-W12,C1093,12,completed,4
C1094-W01,C1094,1,late,3
C1094-W02,C1094,2,completed,2
C1094-W03,C1094,3,completed,4
C1094-W04,C1094,4,completed,3
C1094-W05,C1094,5,completed,3
C1094-W06,C1094,6,skipped,0
C1094-W07,C1094,7,skipped,0
C1094-W08,C1094,8,skipped,0
C1094-W09,C1094,9,completed,2
C1094-W10,C1094,10,completed,4
C1094-W11,C1094,11,completed,4
C1094-W12,C1094,12,completed,3
C1095-W01,C1095,1,completed,3
C1095-W02,C1095,2,completed,4
C1095-W03,C1095,3,completed,4
C1095-W04,C1095,4,completed,3
C1095-W05,C1095,5,completed,2
C1095-W06,C1095,6,completed,4
C1095-W07,C1095,7,completed,2
C1095-W08,C1095,8,completed,2
C1095-W09,C1095,9,skipped,0
C1095-W10,C1095,10,completed,4
C1095-W11,C1095,11,skipped,0
C1095-W12,C1095,12,skipped,0
C1096-W01,C1096,1,completed,2
C1096-W02,C1096,2,skipped,0
C1096-W03,C1096,3,completed,2
C1096-W04,C1096,4,completed,4
C1096-W05,C1096,5,completed,3
C1096-W06,C1096,6,completed,2
C1096-W07,C1096,7,completed,4
C1096-W08,C1096,8,completed,3
C1096-W09,C1096,9,late,4
C1096-W10,C1096,10,completed,4
C1096-W11,C1096,11,completed,3
C1096-W12,C1096,12,completed,4
C1097-W01,C1097,1,completed,3
C1097-W02,C1097,2,completed,4
C1097-W03,C1097,3,completed,2
C1097-W04,C1097,4,completed,4
C1097-W05,C1097,5,completed,2
C1097-W06,C1097,6,completed,3
C1097-W07,C1097,7,completed,4
C1097-W08,C1097,8,skipped,0
C1097-W09,C1097,9,completed,2
C1097-W10,C1097,10,completed,4
C1097-W11,C1097,11,completed,3
C1097-W12,C1097,12,completed,4
C1098-W01,C1098,1,completed,2
C1098-W02,C1098,2,skipped,0
C1098-W03,C1098,3,completed,4
C1098-W04,C1098,4,completed,2
C1098-W05,C1098,5,completed,2
C1098-W06,C1098,6,skipped,0
C1098-W07,C1098,7,skipped,0
C1098-W08,C1098,8,completed,4
C1098-W09,C1098,9,completed,4
C1098-W10,C1098,10,completed,3
C1098-W11,C1098,11,completed,4
C1098-W12,C1098,12,completed,4
C1099-W01,C1099,1,completed,4
C1099-W02,C1099,2,completed,2
C1099-W03,C1099,3,skipped,0
C1099-W04,C1099,4,completed,3
C1099-W05,C1099,5,skipped,0
C1099-W06,C1099,6,completed,3
C1099-W07,C1099,7,skipped,0
C1099-W08,C1099,8,completed,4
C1099-W09,C1099,9,completed,2
C1099-W10,C1099,10,late,3
C1099-W11,C1099,11,completed,4
C1099-W12,C1099,12,completed,2
C1100-W01,C1100,1,completed,4
C1100-W02,C1100,2,completed,2
C1100-W03,C1100,3,completed,2
C1100-W04,C1100,4,completed,2
C1100-W05,C1100,5,completed,2
C1100-W06,C1100,6,late,4
C1100-W07,C1100,7,skipped,0
C1100-W08,C1100,8,late,3
C1100-W09,C1100,9,completed,4
C1100-W10,C1100,10,completed,4
C1100-W11,C1100,11,completed,3
C1100-W12,C1100,12,skipped,0
C1101-W01,C1101,1,completed,3
C1101-W02,C1101,2,skipped,0
C1101-W03,C1101,3,completed,3
C1101-W04,C1101,4,completed,3
C1101-W05,C1101,5,completed,3
C1101-W06,C1101,6,completed,4
C1101-W07,C1101,7,skipped,0
C1101-W08,C1101,8,skipped,0
C1101-W09,C1101,9,completed,3
C1101-W10,C1101,10,completed,2
C1101-W11,C1101,11,completed,4
C1101-W12,C1101,12,completed,2
C1102-W01,C1102,1,completed,3
C1102-W02,C1102,2,skipped,0
C1102-W03,C1102,3,completed,3
C1102-W04,C1102,4,completed,2
C1102-W05,C1102,5,completed,4
C1102-W06,C1102,6,completed,4
C1102-W07,C1102,7,completed,4
C1102-W08,C1102,8,late,2
C1102-W09,C1102,9,completed,3
C1102-W10,C1102,10,completed,3
C1102-W11,C1102,11,skipped,0
C1102-W12,C1102,12,completed,4
C1103-W01,C1103,1,completed,3
C1103-W02,C1103,2,completed,3
C1103-W03,C1103,3,completed,3
C1103-W04,C1103,4,late,3
C1103-W05,C1103,5,late,3
C1103-W06,C1103,6,late,2
C1103-W07,C1103,7,completed,3
C1103-W08,C1103,8,completed,2
C1103-W09,C1103,9,late,2
C1103-W10,C1103,10,completed,2
C1103-W11,C1103,11,completed,2
C1103-W12,C1103,12,completed,3
C1104-W01,C1104,1,completed,2
C1104-W02,C1104,2,completed,3
C1104-W03,C1104,3,completed,3
C1104-W04,C1104,4,completed,2
C1104-W05,C1104,5,completed,4
C1104-W06,C1104,6,completed,4
C1104-W07,C1104,7,completed,4
C1104-W08,C1104,8,skipped,0
C1104-W09,C1104,9,completed,4
C1104-W10,C1104,10,skipped,0
C1104-W11,C1104,11,completed,4
C1104-W12,C1104,12,completed,3
C1105-W01,C1105,1,late,3
C1105-W02,C1105,2,completed,4
C1105-W03,C1105,3,skipped,0
C1105-W04,C1105,4,completed,3
C1105-W05,C1105,5,completed,4
C1105-W06,C1105,6,completed,4
C1105-W07,C1105,7,completed,2
C1105-W08,C1105,8,completed,2
C1105-W09,C1105,9,completed,3
C1105-W10,C1105,10,completed,2
C1105-W11,C1105,11,completed,4
C1105-W12,C1105,12,completed,3
C1106-W01,C1106,1,completed,3
C1106-W02,C1106,2,skipped,0
C1106-W03,C1106,3,skipped,0
C1106-W04,C1106,4,completed,4
C1106-W05,C1106,5,completed,4
C1106-W06,C1106,6,late,2
C1106-W07,C1106,7,skipped,0
C1106-W08,C1106,8,completed,2
C1106-W09,C1106,9,completed,2
C1106-W10,C1106,10,skipped,0
C1106-W11,C1106,11,completed,4
C1106-W12,C1106,12,completed,3
C1107-W01,C1107,1,skipped,0
C1107-W02,C1107,2,completed,4
C1107-W03,C1107,3,completed,3
C1107-W04,C1107,4,completed,3
C1107-W05,C1107,5,skipped,0
C1107-W06,C1107,6,completed,3
C1107-W07,C1107,7,completed,4
C1107-W08,C1107,8,completed,2
C1107-W09,C1107,9,completed,3
C1107-W10,C1107,10,completed,2
C1107-W11,C1107,11,completed,3
C1107-W12,C1107,12,completed,4
C1108-W01,C1108,1,skipped,0
C1108-W02,C1108,2,completed,3
C1108-W03,C1108,3,completed,2
C1108-W04,C1108,4,skipped,0
C1108-W05,C1108,5,skipped,0
C1108-W06,C1108,6,completed,2
C1108-W07,C1108,7,completed,2
C1108-W08,C1108,8,completed,3
C1108-W09,C1108,9,completed,2
C1108-W10,C1108,10,completed,3
C1108-W11,C1108,11,completed,4
C1108-W12,C1108,12,completed,4
C1109-W01,C1109,1,completed,2
C1109-W02,C1109,2,skipped,0
C1109-W03,C1109,3,completed,3
C1109-W04,C1109,4,completed,2
C1109-W05,C1109,5,completed,2
C1109-W06,C1109,6,completed,3
C1109-W07,C1109,7,completed,4
C1109-W08,C1109,8,completed,4
C1109-W09,C1109,9,completed,4
C1109-W10,C1109,10,completed,3
C1109-W11,C1109,11,completed,2
C1109-W12,C1109,12,completed,4
C1110-W01,C1110,1,completed,4
C1110-W02,C1110,2,completed,3
C1110-W03,C1110,3,skipped,0
C1110-W04,C1110,4,completed,3
C1110-W05,C1110,5,completed,2
C1110-W06,C1110,6,completed,2
C1110-W07,C1110,7,completed,3
C1110-W08,C1110,8,completed,3
C1110-W09,C1110,9,completed,4
C1110-W10,C1110,10,completed,3
C1110-W11,C1110,11,completed,4
C1110-W12,C1110,12,completed,4
C1111-W01,C1111,1,completed,2
C1111-W02,C1111,2,completed,4
C1111-W03,C1111,3,late,2
C1111-W04,C1111,4,completed,3
C1111-W05,C1111,5,skipped,0
C1111-W06,C1111,6,completed,4
C1111-W07,C1111,7,completed,4
C1111-W08,C1111,8,completed,3
C1111-W09,C1111,9,completed,3
C1111-W10,C1111,10,skipped,0
C1111-W11,C1111,11,completed,4
C1111-W12,C1111,12,completed,3
C1112-W01,C1112,1,late,3
C1112-W02,C1112,2,late,3
C1112-W03,C1112,3,late,3
C1112-W04,C1112,4,skipped,0
C1112-W05,C1112,5,completed,2
C1112-W06,C1112,6,completed,2
C1112-W07,C1112,7,completed,4
C1112-W08,C1112,8,skipped,0
C1112-W09,C1112,9,completed,2
C1112-W10,C1112,10,completed,4
C1112-W11,C1112,11,completed,2
C1112-W12,C1112,12,late,3
C1113-W01,C1113,1,completed,3
C1113-W02,C1113,2,completed,4
C1113-W03,C1113,3,completed,4
C1113-W04,C1113,4,skipped,0
C1113-W05,C1113,5,completed,2
C1113-W06,C1113,6,completed,3
C1113-W07,C1113,7,completed,2
C1113-W08,C1113,8,late,4
C1113-W09,C1113,9,completed,3
C1113-W10,C1113,10,completed,4
C1113-W11,C1113,11,completed,3
C1113-W12,C1113,12,completed,3
C1114-W01,C1114,1,completed,2
C1114-W02,C1114,2,completed,4
C1114-W03,C1114,3,skipped,0
C1114-W04,C1114,4,completed,2
C1114-W05,C1114,5,completed,2
C1114-W06,C1114,6,completed,4
C1114-W07,C1114,7,completed,3
C1114-W08,C1114,8,completed,2
C1114-W09,C1114,9,skipped,0
C1114-W10,C1114,10,completed,4
C1114-W11,C1114,11,completed,3
C1114-W12,C1114,12,completed,4
C1115-W01,C1115,1,completed,3
C1115-W02,C1115,2,completed,2
C1115-W03,C1115,3,completed,4
C1115-W04,C1115,4,late,4
C1115-W05,C1115,5,completed,4
C1115-W06,C1115,6,completed,2
C1115-W07,C1115,7,completed,4
C1115-W08,C1115,8,completed,3
C1115-W09,C1115,9,completed,2
C1115-W10,C1115,10,completed,3
C1115-W11,C1115,11,completed,2
C1115-W12,C1115,12,completed,4
C1116-W01,C1116,1,completed,2
C1116-W02,C1116,2,completed,2
C1116-W03,C1116,3,skipped,0
C1116-W04,C1116,4,completed,3
C1116-W05,C1116,5,completed,4
C1116-W06,C1116,6,completed,3
C1116-W07,C1116,7,completed,4
C1116-W08,C1116,8,late,3
C1116-W09,C1116,9,completed,2
C1116-W10,C1116,10,completed,3
C1116-W11,C1116,11,completed,2
C1116-W12,C1116,12,completed,3
C1117-W01,C1117,1,completed,4
C1117-W02,C1117,2,completed,2
C1117-W03,C1117,3,completed,2
C1117-W04,C1117,4,completed,2
C1117-W05,C1117,5,completed,3
C1117-W06,C1117,6,completed,4
C1117-W07,C1117,7,completed,3
C1117-W08,C1117,8,completed,3
C1117-W09,C1117,9,completed,4
C1117-W10,C1117,10,completed,2
C1117-W11,C1117,11,completed,4
C1117-W12,C1117,12,completed,2
C1118-W01,C1118,1,completed,2
C1118-W02,C1118,2,completed,2
C1118-W03,C1118,3,completed,4
C1118-W04,C1118,4,late,3
C1118-W05,C1118,5,completed,2
C1118-W06,C1118,6,completed,2
C1118-W07,C1118,7,completed,3
C1118-W08,C1118,8,completed,2
C1118-W09,C1118,9,completed,2
C1118-W10,C1118,10,completed,2
C1118-W11,C1118,11,completed,2
C1118-W12,C1118,12,completed,4
C1119-W01,C1119,1,completed,4
C1119-W02,C1119,2,completed,4
C1119-W03,C1119,3,completed,2
C1119-W04,C1119,4,completed,2
C1119-W05,C1119,5,skipped,0
C1119-W06,C1119,6,completed,3
C1119-W07,C1119,7,completed,3
C1119-W08,C1119,8,completed,4
C1119-W09,C1119,9,completed,2
C1119-W10,C1119,10,completed,3
C1119-W11,C1119,11,completed,4
C1119-W12,C1119,12,completed,2
C1120-W01,C1120,1,completed,4
C1120-W02,C1120,2,completed,3
C1120-W03,C1120,3,completed,4
C1120-W04,C1120,4,completed,4
C1120-W05,C1120,5,completed,4
C1120-W06,C1120,6,completed,4
C1120-W07,C1120,7,completed,3
C1120-W08,C1120,8,completed,2
C1120-W09,C1120,9,completed,4
C1120-W10,C1120,10,completed,4
C1120-W11,C1120,11,late,4
C1120-W12,C1120,12,completed,2
C1121-W01,C1121,1,completed,4
C1121-W02,C1121,2,completed,3
C1121-W03,C1121,3,completed,3
C1121-W04,C1121,4,completed,3
C1121-W05,C1121,5,completed,4
C1121-W06,C1121,6,completed,3
C1121-W07,C1121,7,skipped,0
C1121-W08,C1121,8,completed,3
C1121-W09,C1121,9,late,2
C1121-W10,C1121,10,completed,3
C1121-W11,C1121,11,late,4
C1121-W12,C1121,12,completed,3
C1122-W01,C1122,1,late,3
C1122-W02,C1122,2,skipped,0
C1122-W03,C1122,3,completed,3
C1122-W04,C1122,4,completed,2
C1122-W05,C1122,5,completed,4
C1122-W06,C1122,6,completed,4
C1122-W07,C1122,7,skipped,0
C1122-W08,C1122,8,completed,4
C1122-W09,C1122,9,skipped,0
C1122-W10,C1122,10,completed,2
C1122-W11,C1122,11,completed,3
C1122-W12,C1122,12,completed,2
C1123-W01,C1123,1,skipped,0
C1123-W02,C1123,2,late,3
C1123-W03,C1123,3,completed,3
C1123-W04,C1123,4,completed,4
C1123-W05,C1123,5,completed,2
C1123-W06,C1123,6,completed,2
C1123-W07,C1123,7,completed,2
C1123-W08,C1123,8,completed,3
C1123-W09,C1123,9,completed,2
C1123-W10,C1123,10,completed,3
C1123-W11,C1123,11,completed,2
C1123-W12,C1123,12,completed,2
C1124-W01,C1124,1,completed,3
C1124-W02,C1124,2,completed,4
C1124-W03,C1124,3,completed,4
C1124-W04,C1124,4,completed,4
C1124-W05,C1124,5,completed,4
C1124-W06,C1124,6,completed,2
C1124-W07,C1124,7,completed,4
C1124-W08,C1124,8,completed,3
C1124-W09,C1124,9,completed,2
C1124-W10,C1124,10,skipped,0
C1124-W11,C1124,11,completed,2
C1124-W12,C1124,12,completed,3
C1125-W01,C1125,1,completed,2
C1125-W02,C1125,2,completed,4
C1125-W03,C1125,3,completed,3
C1125-W04,C1125,4,completed,2
C1125-W05,C1125,5,completed,2
C1125-W06,C1125,6,completed,2
C1125-W07,C1125,7,late,3
C1125-W08,C1125,8,completed,2
C1125-W09,C1125,9,completed,3
C1125-W10,C1125,10,late,4
C1125-W11,C1125,11,skipped,0
C1125-W12,C1125,12,completed,2
C1126-W01,C1126,1,skipped,0
C1126-W02,C1126,2,completed,4
C1126-W03,C1126,3,skipped,0
C1126-W04,C1126,4,completed,3
C1126-W05,C1126,5,completed,3
C1126-W06,C1126,6,completed,2
C1126-W07,C1126,7,late,3
C1126-W08,C1126,8,skipped,0
C1126-W09,C1126,9,completed,2
C1126-W10,C1126,10,completed,3
C1126-W11,C1126,11,completed,2
C1126-W12,C1126,12,completed,3
C1127-W01,C1127,1,completed,4
C1127-W02,C1127,2,completed,3
C1127-W03,C1127,3,completed,4
C1127-W04,C1127,4,completed,3
C1127-W05,C1127,5,completed,2
C1127-W06,C1127,6,late,2
C1127-W07,C1127,7,completed,4
C1127-W08,C1127,8,completed,3
C1127-W09,C1127,9,completed,3
C1127-W10,C1127,10,completed,2
C1127-W11,C1127,11,completed,3
C1127-W12,C1127,12,completed,2
C1128-W01,C1128,1,completed,2
C1128-W02,C1128,2,completed,3
C1128-W03,C1128,3,completed,4
C1128-W04,C1128,4,completed,3
C1128-W05,C1128,5,completed,2
C1128-W06,C1128,6,skipped,0
C1128-W07,C1128,7,completed,2
C1128-W08,C1128,8,skipped,0
C1128-W09,C1128,9,skipped,0
C1128-W10,C1128,10,completed,3
C1128-W11,C1128,11,completed,2
C1128-W12,C1128,12,late,3
C1129-W01,C1129,1,completed,3
C1129-W02,C1129,2,completed,2
C1129-W03,C1129,3,completed,4
C1129-W04,C1129,4,completed,3
C1129-W05,C1129,5,late,3
C1129-W06,C1129,6,completed,3
C1129-W07,C1129,7,completed,3
C1129-W08,C1129,8,completed,2
C1129-W09,C1129,9,completed,2
C1129-W10,C1129,10,completed,2
C1129-W11,C1129,11,completed,2
C1129-W12,C1129,12,completed,4
C1130-W01,C1130,1,completed,4
C1130-W02,C1130,2,completed,2
C1130-W03,C1130,3,late,3
C1130-W04,C1130,4,completed,2
C1130-W05,C1130,5,skipped,0
C1130-W06,C1130,6,completed,3
C1130-W07,C1130,7,late,3
C1130-W08,C1130,8,completed,4
C1130-W09,C1130,9,completed,3
C1130-W10,C1130,10,completed,3
C1130-W11,C1130,11,completed,3
C1130-W12,C1130,12,completed,2
C1131-W01,C1131,1,completed,2
C1131-W02,C1131,2,skipped,0
C1131-W03,C1131,3,completed,2
C1131-W04,C1131,4,completed,3
C1131-W05,C1131,5,skipped,0
C1131-W06,C1131,6,completed,2
C1131-W07,C1131,7,completed,3
C1131-W08,C1131,8,skipped,0
C1131-W09,C1131,9,completed,2
C1131-W10,C1131,10,completed,2
C1131-W11,C1131,11,completed,3
C1131-W12,C1131,12,completed,3
C1132-W01,C1132,1,completed,2
C1132-W02,C1132,2,completed,3
C1132-W03,C1132,3,completed,2
C1132-W04,C1132,4,skipped,0
C1132-W05,C1132,5,completed,4
C1132-W06,C1132,6,completed,2
C1132-W07,C1132,7,completed,3
C1132-W08,C1132,8,completed,4
C1132-W09,C1132,9,completed,3
C1132-W10,C1132,10,completed,3
C1132-W11,C1132,11,completed,2
C1132-W12,C1132,12,skipped,0
C1133-W01,C1133,1,skipped,0
C1133-W02,C1133,2,skipped,0
C1133-W03,C1133,3,completed,4
C1133-W04,C1133,4,completed,2
C1133-W05,C1133,5,completed,3
C1133-W06,C1133,6,completed,4
C1133-W07,C1133,7,completed,4
C1133-W08,C1133,8,completed,3
C1133-W09,C1133,9,completed,3
C1133-W10,C1133,10,completed,4
C1133-W11,C1133,11,completed,4
C1133-W12,C1133,12,completed,4
C1134-W01,C1134,1,completed,2
C1134-W02,C1134,2,completed,2
C1134-W03,C1134,3,completed,4
C1134-W04,C1134,4,completed,3
C1134-W05,C1134,5,completed,2
C1134-W06,C1134,6,completed,4
C1134-W07,C1134,7,late,2
C1134-W08,C1134,8,completed,2
C1134-W09,C1134,9,completed,4
C1134-W10,C1134,10,completed,3
C1134-W11,C1134,11,skipped,0
C1134-W12,C1134,12,completed,3
C1135-W01,C1135,1,completed,2
C1135-W02,C1135,2,completed,4
C1135-W03,C1135,3,skipped,0
C1135-W04,C1135,4,completed,2
C1135-W05,C1135,5,skipped,0
C1135-W06,C1135,6,skipped,0
C1135-W07,C1135,7,completed,4
C1135-W08,C1135,8,completed,3
C1135-W09,C1135,9,completed,3
C1135-W10,C1135,10,completed,3
C1135-W11,C1135,11,completed,4
C1135-W12,C1135,12,late,2
C1136-W01,C1136,1,completed,4
C1136-W02,C1136,2,completed,4
C1136-W03,C1136,3,completed,2
C1136-W04,C1136,4,completed,4
C1136-W05,C1136,5,completed,4
C1136-W06,C1136,6,skipped,0
C1136-W07,C1136,7,completed,3
C1136-W08,C1136,8,completed,2
C1136-W09,C1136,9,completed,3
C1136-W10,C1136,10,completed,2
C1136-W11,C1136,11,completed,2
C1136-W12,C1136,12,completed,2
C1137-W01,C1137,1,skipped,0
C1137-W02,C1137,2,completed,4
C1137-W03,C1137,3,skipped,0
C1137-W04,C1137,4,completed,2
C1137-W05,C1137,5,completed,2
C1137-W06,C1137,6,completed,2
C1137-W07,C1137,7,completed,3
C1137-W08,C1137,8,completed,4
C1137-W09,C1137,9,completed,3
C1137-W10,C1137,10,completed,3
C1137-W11,C1137,11,skipped,0
C1137-W12,C1137,12,late,4
C1138-W01,C1138,1,completed,3
C1138-W02,C1138,2,skipped,0
C1138-W03,C1138,3,completed,4
C1138-W04,C1138,4,completed,3
C1138-W05,C1138,5,completed,2
C1138-W06,C1138,6,skipped,0
C1138-W07,C1138,7,completed,4
C1138-W08,C1138,8,completed,3
C1138-W09,C1138,9,completed,4
C1138-W10,C1138,10,completed,2
C1138-W11,C1138,11,late,2
C1138-W12,C1138,12,completed,2
C1139-W01,C1139,1,completed,4
C1139-W02,C1139,2,completed,4
C1139-W03,C1139,3,completed,3
C1139-W04,C1139,4,completed,4
C1139-W05,C1139,5,completed,4
C1139-W06,C1139,6,late,4
C1139-W07,C1139,7,completed,3
C1139-W08,C1139,8,completed,3
C1139-W09,C1139,9,completed,2
C1139-W10,C1139,10,completed,2
C1139-W11,C1139,11,completed,4
C1139-W12,C1139,12,completed,4
C1140-W01,C1140,1,completed,2
C1140-W02,C1140,2,completed,4
C1140-W03,C1140,3,skipped,0
C1140-W04,C1140,4,completed,4
C1140-W05,C1140,5,completed,4
C1140-W06,C1140,6,completed,2
C1140-W07,C1140,7,skipped,0
C1140-W08,C1140,8,late,4
C1140-W09,C1140,9,completed,4
C1140-W10,C1140,10,completed,2
C1140-W11,C1140,11,late,4
C1140-W12,C1140,12,completed,2
C1141-W01,C1141,1,completed,4
C1141-W02,C1141,2,completed,3
C1141-W03,C1141,3,late,3
C1141-W04,C1141,4,skipped,0
C1141-W05,C1141,5,completed,4
C1141-W06,C1141,6,completed,3
C1141-W07,C1141,7,completed,4
C1141-W08,C1141,8,completed,2
C1141-W09,C1141,9,completed,2
C1141-W10,C1141,10,completed,4
C1141-W11,C1141,11,skipped,0
C1141-W12,C1141,12,completed,3
C1142-W01,C1142,1,skipped,0
C1142-W02,C1142,2,completed,2
C1142-W03,C1142,3,completed,2
C1142-W04,C1142,4,completed,3
C1142-W05,C1142,5,skipped,0
C1142-W06,C1142,6,completed,3
C1142-W07,C1142,7,completed,2
C1142-W08,C1142,8,skipped,0
C1142-W09,C1142,9,completed,4
C1142-W10,C1142,10,completed,4
C1142-W11,C1142,11,completed,2
C1142-W12,C1142,12,completed,2
C1143-W01,C1143,1,completed,4
C1143-W02,C1143,2,skipped,0
C1143-W03,C1143,3,skipped,0
C1143-W04,C1143,4,skipped,0
C1143-W05,C1143,5,skipped,0
C1143-W06,C1143,6,skipped,0
C1143-W07,C1143,7,completed,3
C1143-W08,C1143,8,completed,3
C1143-W09,C1143,9,late,3
C1143-W10,C1143,10,completed,3
C1143-W11,C1143,11,skipped,0
C1143-W12,C1143,12,completed,4
C1144-W01,C1144,1,completed,3
C1144-W02,C1144,2,completed,4
C1144-W03,C1144,3,completed,3
C1144-W04,C1144,4,late,4
C1144-W05,C1144,5,skipped,0
C1144-W06,C1144,6,completed,2
C1144-W07,C1144,7,completed,4
C1144-W08,C1144,8,late,3
C1144-W09,C1144,9,completed,3
C1144-W10,C1144,10,completed,3
C1144-W11,C1144,11,completed,2
C1144-W12,C1144,12,completed,2
C1145-W01,C1145,1,completed,4
C1145-W02,C1145,2,skipped,0
C1145-W03,C1145,3,completed,4
C1145-W04,C1145,4,skipped,0
C1145-W05,C1145,5,skipped,0
C1145-W06,C1145,6,completed,3
C1145-W07,C1145,7,completed,3
C1145-W08,C1145,8,completed,4
C1145-W09,C1145,9,completed,2
C1145-W10,C1145,10,late,2
C1145-W11,C1145,11,completed,3
C1145-W12,C1145,12,completed,3
C1146-W01,C1146,1,completed,2
C1146-W02,C1146,2,completed,2
C1146-W03,C1146,3,skipped,0
C1146-W04,C1146,4,completed,3
C1146-W05,C1146,5,completed,2
C1146-W06,C1146,6,completed,3
C1146-W07,C1146,7,completed,3
C1146-W08,C1146,8,completed,3
C1146-W09,C1146,9,completed,3
C1146-W10,C1146,10,completed,4
C1146-W11,C1146,11,completed,3
C1146-W12,C1146,12,completed,2
C1147-W01,C1147,1,skipped,0
C1147-W02,C1147,2,completed,2
C1147-W03,C1147,3,skipped,0
C1147-W04,C1147,4,completed,3
C1147-W05,C1147,5,completed,4
C1147-W06,C1147,6,skipped,0
C1147-W07,C1147,7,completed,2
C1147-W08,C1147,8,completed,3
C1147-W09,C1147,9,completed,3
C1147-W10,C1147,10,completed,2
C1147-W11,C1147,11,completed,3
C1147-W12,C1147,12,skipped,0
C1148-W01,C1148,1,completed,4
C1148-W02,C1148,2,completed,4
C1148-W03,C1148,3,completed,3
C1148-W04,C1148,4,skipped,0
C1148-W05,C1148,5,completed,2
C1148-W06,C1148,6,late,4
C1148-W07,C1148,7,completed,2
C1148-W08,C1148,8,completed,3
C1148-W09,C1148,9,skipped,0
C1148-W10,C1148,10,completed,3
C1148-W11,C1148,11,completed,4
C1148-W12,C1148,12,completed,2
C1149-W01,C1149,1,completed,4
C1149-W02,C1149,2,completed,2
C1149-W03,C1149,3,completed,2
C1149-W04,C1149,4,completed,4
C1149-W05,C1149,5,completed,4
C1149-W06,C1149,6,completed,2
C1149-W07,C1149,7,completed,3
C1149-W08,C1149,8,completed,3
C1149-W09,C1149,9,completed,3
C1149-W10,C1149,10,late,3
C1149-W11,C1149,11,late,3
C1149-W12,C1149,12,skipped,0
C1150-W01,C1150,1,completed,4
C1150-W02,C1150,2,completed,4
C1150-W03,C1150,3,completed,2
C1150-W04,C1150,4,completed,2
C1150-W05,C1150,5,late,2
C1150-W06,C1150,6,completed,2
C1150-W07,C1150,7,completed,4
C1150-W08,C1150,8,skipped,0
C1150-W09,C1150,9,late,4
C1150-W10,C1150,10,completed,3
C1150-W11,C1150,11,completed,2
C1150-W12,C1150,12,completed,4
C1151-W01,C1151,1,late,4
C1151-W02,C1151,2,skipped,0
C1151-W03,C1151,3,completed,4
C1151-W04,C1151,4,completed,2
C1151-W05,C1151,5,completed,3
C1151-W06,C1151,6,completed,2
C1151-W07,C1151,7,completed,2
C1151-W08,C1151,8,completed,3
C1151-W09,C1151,9,skipped,0
C1151-W10,C1151,10,completed,4
C1151-W11,C1151,11,completed,3
C1151-W12,C1151,12,completed,2
C1152-W01,C1152,1,completed,3
C1152-W02,C1152,2,completed,4
C1152-W03,C1152,3,completed,4
C1152-W04,C1152,4,completed,2
C1152-W05,C1152,5,late,2
C1152-W06,C1152,6,completed,3
C1152-W07,C1152,7,completed,2
C1152-W08,C1152,8,completed,3
C1152-W09,C1152,9,completed,4
C1152-W10,C1152,10,skipped,0
C1152-W11,C1152,11,completed,3
C1152-W12,C1152,12,skipped,0
C1153-W01,C1153,1,skipped,0
C1153-W02,C1153,2,completed,2
C1153-W03,C1153,3,completed,2
C1153-W04,C1153,4,completed,4
C1153-W05,C1153,5,completed,4
C1153-W06,C1153,6,skipped,0
C1153-W07,C1153,7,completed,2
C1153-W08,C1153,8,completed,4
C1153-W09,C1153,9,completed,3
C1153-W10,C1153,10,skipped,0
C1153-W11,C1153,11,completed,4
C1153-W12,C1153,12,completed,3
C1154-W01,C1154,1,completed,3
C1154-W02,C1154,2,completed,4
C1154-W03,C1154,3,completed,3
C1154-W04,C1154,4,completed,2
C1154-W05,C1154,5,completed,4
C1154-W06,C1154,6,completed,2
C1154-W07,C1154,7,completed,2
C1154-W08,C1154,8,completed,4
C1154-W09,C1154,9,completed,2
C1154-W10,C1154,10,completed,4
C1154-W11,C1154,11,completed,3
C1154-W12,C1154,12,completed,4
C1155-W01,C1155,1,completed,2
C1155-W02,C1155,2,late,4
C1155-W03,C1155,3,completed,4
C1155-W04,C1155,4,completed,2
C1155-W05,C1155,5,completed,4
C1155-W06,C1155,6,completed,2
C1155-W07,C1155,7,completed,2
C1155-W08,C1155,8,completed,3
C1155-W09,C1155,9,completed,3
C1155-W10,C1155,10,completed,3
C1155-W11,C1155,11,completed,4
C1155-W12,C1155,12,late,2
C1156-W01,C1156,1,skipped,0
C1156-W02,C1156,2,completed,3
C1156-W03,C1156,3,completed,3
C1156-W04,C1156,4,completed,4
C1156-W05,C1156,5,completed,4
C1156-W06,C1156,6,completed,3
C1156-W07,C1156,7,completed,2
C1156-W08,C1156,8,completed,3
C1156-W09,C1156,9,completed,4
C1156-W10,C1156,10,completed,3
C1156-W11,C1156,11,skipped,0
C1156-W12,C1156,12,completed,4
C1157-W01,C1157,1,completed,2
C1157-W02,C1157,2,completed,2
C1157-W03,C1157,3,completed,3
C1157-W04,C1157,4,skipped,0
C1157-W05,C1157,5,completed,4
C1157-W06,C1157,6,completed,2
C1157-W07,C1157,7,completed,3
C1157-W08,C1157,8,completed,3
C1157-W09,C1157,9,completed,3
C1157-W10,C1157,10,completed,2
C1157-W11,C1157,11,completed,4
C1157-W12,C1157,12,completed,3
C1158-W01,C1158,1,completed,4
C1158-W02,C1158,2,completed,2
C1158-W03,C1158,3,completed,4
C1158-W04,C1158,4,completed,3
C1158-W05,C1158,5,completed,2
C1158-W06,C1158,6,completed,3
C1158-W07,C1158,7,skipped,0
C1158-W08,C1158,8,completed,2
C1158-W09,C1158,9,completed,2
C1158-W10,C1158,10,skipped,0
C1158-W11,C1158,11,completed,2
C1158-W12,C1158,12,completed,2
C1159-W01,C1159,1,completed,2
C1159-W02,C1159,2,late,3
C1159-W03,C1159,3,completed,3
C1159-W04,C1159,4,completed,4
C1159-W05,C1159,5,completed,4
C1159-W06,C1159,6,completed,3
C1159-W07,C1159,7,completed,3
C1159-W08,C1159,8,skipped,0
C1159-W09,C1159,9,completed,4
C1159-W10,C1159,10,completed,2
C1159-W11,C1159,11,completed,4
C1159-W12,C1159,12,skipped,0
C1160-W01,C1160,1,completed,2
C1160-W02,C1160,2,skipped,0
C1160-W03,C1160,3,completed,4
C1160-W04,C1160,4,completed,4
C1160-W05,C1160,5,skipped,0
C1160-W06,C1160,6,completed,2
C1160-W07,C1160,7,skipped,0
C1160-W08,C1160,8,completed,4
C1160-W09,C1160,9,completed,3
C1160-W10,C1160,10,completed,2
C1160-W11,C1160,11,completed,4
C1160-W12,C1160,12,skipped,0
C1161-W01,C1161,1,late,4
C1161-W02,C1161,2,completed,2
C1161-W03,C1161,3,completed,4
C1161-W04,C1161,4,skipped,0
C1161-W05,C1161,5,completed,4
C1161-W06,C1161,6,skipped,0
C1161-W07,C1161,7,completed,2
C1161-W08,C1161,8,skipped,0
C1161-W09,C1161,9,completed,4
C1161-W10,C1161,10,completed,4
C1161-W11,C1161,11,completed,3
C1161-W12,C1161,12,completed,2
C1162-W01,C1162,1,skipped,0
C1162-W02,C1162,2,completed,2
C1162-W03,C1162,3,completed,3
C1162-W04,C1162,4,completed,3
C1162-W05,C1162,5,late,2
C1162-W06,C1162,6,completed,3
C1162-W07,C1162,7,completed,3
C1162-W08,C1162,8,completed,4
C1162-W09,C1162,9,completed,3
C1162-W10,C1162,10,completed,4
C1162-W11,C1162,11,completed,3
C1162-W12,C1162,12,completed,2
C1163-W01,C1163,1,completed,2
C1163-W02,C1163,2,completed,2
C1163-W03,C1163,3,completed,2
C1163-W04,C1163,4,completed,3
C1163-W05,C1163,5,completed,3
C1163-W06,C1163,6,completed,4
C1163-W07,C1163,7,completed,2
C1163-W08,C1163,8,completed,3
C1163-W09,C1163,9,completed,2
C1163-W10,C1163,10,completed,4
C1163-W11,C1163,11,skipped,0
C1163-W12,C1163,12,skipped,0
C1164-W01,C1164,1,completed,2
C1164-W02,C1164,2,completed,3
C1164-W03,C1164,3,completed,4
C1164-W04,C1164,4,completed,4
C1164-W05,C1164,5,completed,4
C1164-W06,C1164,6,completed,2
C1164-W07,C1164,7,skipped,0
C1164-W08,C1164,8,completed,4
C1164-W09,C1164,9,completed,2
C1164-W10,C1164,10,late,4
C1164-W11,C1164,11,completed,3
C1164-W12,C1164,12,completed,2
C1165-W01,C1165,1,completed,3
C1165-W02,C1165,2,completed,4
C1165-W03,C1165,3,completed,2
C1165-W04,C1165,4,completed,4
C1165-W05,C1165,5,completed,3
C1165-W06,C1165,6,completed,2
C1165-W07,C1165,7,completed,3
C1165-W08,C1165,8,skipped,0
C1165-W09,C1165,9,completed,4
C1165-W10,C1165,10,skipped,0
C1165-W11,C1165,11,skipped,0
C1165-W12,C1165,12,completed,2
C1166-W01,C1166,1,late,3
C1166-W02,C1166,2,completed,2
C1166-W03,C1166,3,completed,4
C1166-W04,C1166,4,completed,4
C1166-W05,C1166,5,late,4
C1166-W06,C1166,6,completed,4
C1166-W07,C1166,7,completed,4
C1166-W08,C1166,8,completed,2
C1166-W09,C1166,9,completed,3
C1166-W10,C1166,10,completed,3
C1166-W11,C1166,11,completed,4
C1166-W12,C1166,12,late,2
C1167-W01,C1167,1,skipped,0
C1167-W02,C1167,2,completed,4
C1167-W03,C1167,3,late,3
C1167-W04,C1167,4,completed,3
C1167-W05,C1167,5,completed,4
C1167-W06,C1167,6,completed,4
C1167-W07,C1167,7,completed,4
C1167-W08,C1167,8,completed,3
C1167-W09,C1167,9,late,2
C1167-W10,C1167,10,completed,2
C1167-W11,C1167,11,completed,2
C1167-W12,C1167,12,completed,3
C1168-W01,C1168,1,completed,3
C1168-W02,C1168,2,completed,2
C1168-W03,C1168,3,completed,4
C1168-W04,C1168,4,completed,4
C1168-W05,C1168,5,completed,3
C1168-W06,C1168,6,completed,4
C1168-W07,C1168,7,completed,3
C1168-W08,C1168,8,completed,2
C1168-W09,C1168,9,completed,4
C1168-W10,C1168,10,completed,2
C1168-W11,C1168,11,completed,4
C1168-W12,C1168,12,completed,2
C1169-W01,C1169,1,completed,4
C1169-W02,C1169,2,completed,2
C1169-W03,C1169,3,completed,4
C1169-W04,C1169,4,completed,2
C1169-W05,C1169,5,completed,2
C1169-W06,C1169,6,completed,3
C1169-W07,C1169,7,completed,4
C1169-W08,C1169,8,completed,2
C1169-W09,C1169,9,completed,2
C1169-W10,C1169,10,completed,3
C1169-W11,C1169,11,completed,3
C1169-W12,C1169,12,completed,2
C1170-W01,C1170,1,completed,3
C1170-W02,C1170,2,completed,3
C1170-W03,C1170,3,skipped,0
C1170-W04,C1170,4,completed,3
C1170-W05,C1170,5,completed,4
C1170-W06,C1170,6,completed,2
C1170-W07,C1170,7,skipped,0
C1170-W08,C1170,8,completed,2
C1170-W09,C1170,9,completed,2
C1170-W10,C1170,10,completed,3
C1170-W11,C1170,11,completed,4
C1170-W12,C1170,12,completed,4
C1171-W01,C1171,1,skipped,0
C1171-W02,C1171,2,completed,2
C1171-W03,C1171,3,completed,2
C1171-W04,C1171,4,skipped,0
C1171-W05,C1171,5,completed,3
C1171-W06,C1171,6,skipped,0
C1171-W07,C1171,7,completed,2
C1171-W08,C1171,8,completed,3
C1171-W09,C1171,9,late,2
C1171-W10,C1171,10,skipped,0
C1171-W11,C1171,11,completed,4
C1171-W12,C1171,12,completed,2
C1172-W01,C1172,1,completed,3
C1172-W02,C1172,2,late,3
C1172-W03,C1172,3,completed,2
C1172-W04,C1172,4,completed,4
C1172-W05,C1172,5,completed,3
C1172-W06,C1172,6,completed,3
C1172-W07,C1172,7,completed,4
C1172-W08,C1172,8,completed,4
C1172-W09,C1172,9,completed,4
C1172-W10,C1172,10,skipped,0
C1172-W11,C1172,11,completed,3
C1172-W12,C1172,12,skipped,0
C1173-W01,C1173,1,completed,4
C1173-W02,C1173,2,skipped,0
C1173-W03,C1173,3,skipped,0
C1173-W04,C1173,4,skipped,0
C1173-W05,C1173,5,late,2
C1173-W06,C1173,6,skipped,0
C1173-W07,C1173,7,skipped,0
C1173-W08,C1173,8,completed,4
C1173-W09,C1173,9,completed,2
C1173-W10,C1173,10,completed,3
C1173-W11,C1173,11,completed,2
C1173-W12,C1173,12,skipped,0
C1174-W01,C1174,1,late,2
C1174-W02,C1174,2,late,2
C1174-W03,C1174,3,completed,3
C1174-W04,C1174,4,completed,4
C1174-W05,C1174,5,completed,4
C1174-W06,C1174,6,completed,2
C1174-W07,C1174,7,completed,3
C1174-W08,C1174,8,completed,4
C1174-W09,C1174,9,completed,3
C1174-W10,C1174,10,completed,4
C1174-W11,C1174,11,skipped,0
C1174-W12,C1174,12,completed,3
C1175-W01,C1175,1,completed,4
C1175-W02,C1175,2,completed,4
C1175-W03,C1175,3,completed,2
C1175-W04,C1175,4,skipped,0
C1175-W05,C1175,5,skipped,0
C1175-W06,C1175,6,completed,3
C1175-W07,C1175,7,skipped,0
C1175-W08,C1175,8,completed,4
C1175-W09,C1175,9,completed,4
C1175-W10,C1175,10,completed,2
C1175-W11,C1175,11,skipped,0
C1175-W12,C1175,12,completed,4
C1176-W01,C1176,1,completed,4
C1176-W02,C1176,2,completed,2
C1176-W03,C1176,3,completed,3
C1176-W04,C1176,4,completed,4
C1176-W05,C1176,5,completed,3
C1176-W06,C1176,6,completed,3
C1176-W07,C1176,7,completed,2
C1176-W08,C1176,8,completed,2
C1176-W09,C1176,9,completed,3
C1176-W10,C1176,10,completed,3
C1176-W11,C1176,11,completed,4
C1176-W12,C1176,12,completed,2
C1177-W01,C1177,1,completed,2
C1177-W02,C1177,2,late,2
C1177-W03,C1177,3,completed,2
C1177-W04,C1177,4,skipped,0
C1177-W05,C1177,5,completed,2
C1177-W06,C1177,6,completed,4
C1177-W07,C1177,7,completed,3
C1177-W08,C1177,8,completed,2
C1177-W09,C1177,9,completed,2
C1177-W10,C1177,10,completed,2
C1177-W11,C1177,11,completed,4
C1177-W12,C1177,12,completed,3
C1178-W01,C1178,1,completed,3
C1178-W02,C1178,2,completed,3
C1178-W03,C1178,3,completed,4
C1178-W04,C1178,4,completed,3
C1178-W05,C1178,5,completed,2
C1178-W06,C1178,6,completed,4
C1178-W07,C1178,7,skipped,0
C1178-W08,C1178,8,late,2
C1178-W09,C1178,9,completed,4
C1178-W10,C1178,10,completed,4
C1178-W11,C1178,11,completed,3
C1178-W12,C1178,12,completed,3
C1179-W01,C1179,1,completed,3
C1179-W02,C1179,2,completed,3
C1179-W03,C1179,3,completed,2
C1179-W04,C1179,4,completed,4
C1179-W05,C1179,5,completed,2
C1179-W06,C1179,6,completed,2
C1179-W07,C1179,7,completed,4
C1179-W08,C1179,8,completed,4
C1179-W09,C1179,9,completed,2
C1179-W10,C1179,10,completed,3
C1179-W11,C1179,11,completed,4
C1179-W12,C1179,12,completed,4
C1180-W01,C1180,1,completed,3
C1180-W02,C1180,2,completed,2
C1180-W03,C1180,3,late,4
C1180-W04,C1180,4,completed,2
C1180-W05,C1180,5,completed,3
C1180-W06,C1180,6,skipped,0
C1180-W07,C1180,7,completed,2
C1180-W08,C1180,8,completed,2
C1180-W09,C1180,9,completed,4
C1180-W10,C1180,10,completed,4
C1180-W11,C1180,11,completed,2
C1180-W12,C1180,12,completed,4
C1181-W01,C1181,1,completed,4
C1181-W02,C1181,2,skipped,0
C1181-W03,C1181,3,completed,4
C1181-W04,C1181,4,completed,3
C1181-W05,C1181,5,completed,3
C1181-W06,C1181,6,skipped,0
C1181-W07,C1181,7,completed,3
C1181-W08,C1181,8,completed,3
C1181-W09,C1181,9,completed,4
C1181-W10,C1181,10,completed,4
C1181-W11,C1181,11,completed,3
C1181-W12,C1181,12,completed,2
C1182-W01,C1182,1,skipped,0
C1182-W02,C1182,2,completed,4
C1182-W03,C1182,3,completed,4
C1182-W04,C1182,4,completed,3
C1182-W05,C1182,5,completed,2
C1182-W06,C1182,6,completed,2
C1182-W07,C1182,7,completed,3
C1182-W08,C1182,8,completed,3
C1182-W09,C1182,9,completed,3
C1182-W10,C1182,10,completed,2
C1182-W11,C1182,11,skipped,0
C1182-W12,C1182,12,completed,4
C1183-W01,C1183,1,completed,2
C1183-W02,C1183,2,completed,3
C1183-W03,C1183,3,completed,3
C1183-W04,C1183,4,completed,3
C1183-W05,C1183,5,completed,3
C1183-W06,C1183,6,completed,3
C1183-W07,C1183,7,completed,2
C1183-W08,C1183,8,completed,3
C1183-W09,C1183,9,skipped,0
C1183-W10,C1183,10,completed,2
C1183-W11,C1183,11,completed,2
C1183-W12,C1183,12,skipped,0
C1184-W01,C1184,1,completed,2
C1184-W02,C1184,2,completed,3
C1184-W03,C1184,3,completed,4
C1184-W04,C1184,4,completed,3
C1184-W05,C1184,5,completed,2
C1184-W06,C1184,6,completed,4
C1184-W07,C1184,7,completed,3
C1184-W08,C1184,8,completed,3
C1184-W09,C1184,9,completed,2
C1184-W10,C1184,10,completed,3
C1184-W11,C1184,11,completed,4
C1184-W12,C1184,12,completed,4
C1185-W01,C1185,1,completed,3
C1185-W02,C1185,2,completed,2
C1185-W03,C1185,3,completed,3
C1185-W04,C1185,4,completed,4
C1185-W05,C1185,5,completed,2
C1185-W06,C1185,6,completed,3
C1185-W07,C1185,7,completed,3
C1185-W08,C1185,8,completed,2
C1185-W09,C1185,9,completed,2
C1185-W10,C1185,10,completed,3
C1185-W11,C1185,11,late,2
C1185-W12,C1185,12,completed,4
C1186-W01,C1186,1,skipped,0
C1186-W02,C1186,2,completed,3
C1186-W03,C1186,3,completed,2
C1186-W04,C1186,4,completed,3
C1186-W05,C1186,5,completed,3
C1186-W06,C1186,6,completed,3
C1186-W07,C1186,7,completed,4
C1186-W08,C1186,8,completed,4
C1186-W09,C1186,9,completed,4
C1186-W10,C1186,10,completed,4
C1186-W11,C1186,11,completed,3
C1186-W12,C1186,12,completed,2
C1187-W01,C1187,1,completed,3
C1187-W02,C1187,2,completed,4
C1187-W03,C1187,3,completed,4
C1187-W04,C1187,4,completed,4
C1187-W05,C1187,5,completed,4
C1187-W06,C1187,6,skipped,0
C1187-W07,C1187,7,completed,2
C1187-W08,C1187,8,completed,2
C1187-W09,C1187,9,completed,2
C1187-W10,C1187,10,completed,3
C1187-W11,C1187,11,skipped,0
C1187-W12,C1187,12,completed,4
C1188-W01,C1188,1,completed,4
C1188-W02,C1188,2,completed,2
C1188-W03,C1188,3,completed,4
C1188-W04,C1188,4,completed,3
C1188-W05,C1188,5,late,2
C1188-W06,C1188,6,late,2
C1188-W07,C1188,7,completed,4
C1188-W08,C1188,8,completed,4
C1188-W09,C1188,9,skipped,0
C1188-W10,C1188,10,late,2
C1188-W11,C1188,11,completed,2
C1188-W12,C1188,12,completed,4
C1189-W01,C1189,1,completed,3
C1189-W02,C1189,2,completed,3
C1189-W03,C1189,3,late,2
C1189-W04,C1189,4,completed,2
C1189-W05,C1189,5,skipped,0
C1189-W06,C1189,6,completed,2
C1189-W07,C1189,7,completed,3
C1189-W08,C1189,8,completed,4
C1189-W09,C1189,9,completed,3
C1189-W10,C1189,10,skipped,0
C1189-W11,C1189,11,late,2
C1189-W12,C1189,12,completed,2
C1190-W01,C1190,1,completed,3
C1190-W02,C1190,2,skipped,0
C1190-W03,C1190,3,skipped,0
C1190-W04,C1190,4,skipped,0
C1190-W05,C1190,5,completed,2
C1190-W06,C1190,6,completed,2
C1190-W07,C1190,7,completed,2
C1190-W08,C1190,8,completed,3
C1190-W09,C1190,9,completed,2
C1190-W10,C1190,10,completed,2
C1190-W11,C1190,11,completed,2
C1190-W12,C1190,12,completed,4
C1191-W01,C1191,1,completed,2
C1191-W02,C1191,2,skipped,0
C1191-W03,C1191,3,completed,3
C1191-W04,C1191,4,completed,2
C1191-W05,C1191,5,completed,3
C1191-W06,C1191,6,completed,3
C1191-W07,C1191,7,skipped,0
C1191-W08,C1191,8,completed,3
C1191-W09,C1191,9,completed,3
C1191-W10,C1191,10,completed,2
C1191-W11,C1191,11,completed,2
C1191-W12,C1191,12,completed,2
C1192-W01,C1192,1,completed,3
C1192-W02,C1192,2,late,4
C1192-W03,C1192,3,completed,2
C1192-W04,C1192,4,completed,3
C1192-W05,C1192,5,completed,4
C1192-W06,C1192,6,completed,3
C1192-W07,C1192,7,completed,3
C1192-W08,C1192,8,completed,3
C1192-W09,C1192,9,completed,3
C1192-W10,C1192,10,completed,4
C1192-W11,C1192,11,completed,4
C1192-W12,C1192,12,completed,2
C1193-W01,C1193,1,skipped,0
C1193-W02,C1193,2,completed,4
C1193-W03,C1193,3,completed,4
C1193-W04,C1193,4,late,4
C1193-W05,C1193,5,completed,3
C1193-W06,C1193,6,completed,3
C1193-W07,C1193,7,completed,4
C1193-W08,C1193,8,completed,2
C1193-W09,C1193,9,completed,4
C1193-W10,C1193,10,completed,3
C1193-W11,C1193,11,completed,3
C1193-W12,C1193,12,completed,2
C1194-W01,C1194,1,completed,3
C1194-W02,C1194,2,completed,3
C1194-W03,C1194,3,completed,4
C1194-W04,C1194,4,completed,4
C1194-W05,C1194,5,completed,4
C1194-W06,C1194,6,completed,3
C1194-W07,C1194,7,completed,4
C1194-W08,C1194,8,completed,3
C1194-W09,C1194,9,completed,4
C1194-W10,C1194,10,completed,3
C1194-W11,C1194,11,late,3
C1194-W12,C1194,12,completed,3
C1195-W01,C1195,1,completed,4
C1195-W02,C1195,2,completed,2
C1195-W03,C1195,3,completed,4
C1195-W04,C1195,4,completed,2
C1195-W05,C1195,5,completed,4
C1195-W06,C1195,6,completed,2
C1195-W07,C1195,7,skipped,0
C1195-W08,C1195,8,completed,2
C1195-W09,C1195,9,completed,4
C1195-W10,C1195,10,completed,2
C1195-W11,C1195,11,skipped,0
C1195-W12,C1195,12,skipped,0
C1196-W01,C1196,1,completed,2
C1196-W02,C1196,2,completed,3
C1196-W03,C1196,3,completed,4
C1196-W04,C1196,4,completed,2
C1196-W05,C1196,5,completed,2
C1196-W06,C1196,6,completed,3
C1196-W07,C1196,7,completed,2
C1196-W08,C1196,8,completed,2
C1196-W09,C1196,9,skipped,0
C1196-W10,C1196,10,skipped,0
C1196-W11,C1196,11,skipped,0
C1196-W12,C1196,12,skipped,0
C1197-W01,C1197,1,completed,3
C1197-W02,C1197,2,completed,4
C1197-W03,C1197,3,completed,2
C1197-W04,C1197,4,completed,3
C1197-W05,C1197,5,completed,3
C1197-W06,C1197,6,completed,2
C1197-W07,C1197,7,completed,4
C1197-W08,C1197,8,completed,4
C1197-W09,C1197,9,completed,4
C1197-W10,C1197,10,completed,2
C1197-W11,C1197,11,completed,3
C1197-W12,C1197,12,completed,4
C1198-W01,C1198,1,completed,4
C1198-W02,C1198,2,completed,4
C1198-W03,C1198,3,completed,4
C1198-W04,C1198,4,completed,3
C1198-W05,C1198,5,late,3
C1198-W06,C1198,6,completed,2
C1198-W07,C1198,7,completed,4
C1198-W08,C1198,8,completed,3
C1198-W09,C1198,9,completed,2
C1198-W10,C1198,10,completed,4
C1198-W11,C1198,11,completed,2
C1198-W12,C1198,12,completed,4
C1199-W01,C1199,1,completed,2
C1199-W02,C1199,2,completed,4
C1199-W03,C1199,3,late,2
C1199-W04,C1199,4,completed,3
C1199-W05,C1199,5,completed,3
C1199-W06,C1199,6,late,2
C1199-W07,C1199,7,completed,3
C1199-W08,C1199,8,skipped,0
C1199-W09,C1199,9,completed,3
C1199-W10,C1199,10,completed,3
C1199-W11,C1199,11,completed,2
C1199-W12,C1199,12,completed,4
C1200-W01,C1200,1,completed,2
C1200-W02,C1200,2,completed,4
C1200-W03,C1200,3,completed,3
C1200-W04,C1200,4,completed,3
C1200-W05,C1200,5,completed,2
C1200-W06,C1200,6,completed,4
C1200-W07,C1200,7,completed,3
C1200-W08,C1200,8,completed,4
C1200-W09,C1200,9,completed,3
C1200-W10,C1200,10,completed,4
C1200-W11,C1200,11,completed,4
C1200-W12,C1200,12,completed,4
